CustomerID,Cluster,AnnualIncome,AnnualSpending,PurchaseFrequency,AvgOrderValue
CUST00001,3,156183,25215,9,2632
CUST00002,3,114610,15172,6,2246
CUST00003,0,25000,5622,8,625
CUST00004,3,97756,23170,15,1468
CUST00005,1,93019,25351,5,4225
CUST00006,1,84770,24285,14,1621
CUST00007,1,62851,25301,11,2153
CUST00008,1,56975,22963,8,2497
CUST00009,1,49405,19472,10,1763
CUST00010,3,110648,21074,8,2477
CUST00011,2,174910,42410,20,2033
CUST00012,0,49537,13600,14,922
CUST00013,1,75755,26496,16,1517
CUST00014,0,53433,9901,13,698
CUST00015,1,97973,26773,11,2306
CUST00016,0,73859,15193,12,1162
CUST00017,0,49965,9688,20,451
CUST00018,0,57240,3952,12,293
CUST00019,0,34173,11853,13,875
CUST00020,0,38248,6834,20,327
CUST00021,3,119824,14607,11,1190
CUST00022,3,71182,12000,16,713
CUST00023,3,80831,21533,9,2239
CUST00024,3,124462,17656,3,4414
CUST00025,0,64778,8268,24,327
CUST00026,3,115093,19508,11,1586
CUST00027,2,161134,59765,28,2073
CUST00028,1,74483,21619,5,3603
CUST00029,0,52520,9450,14,646
CUST00030,2,181595,44011,20,2072
CUST00031,0,32947,7480,16,439
CUST00032,3,100495,22904,13,1591
CUST00033,0,40863,4597,14,297
CUST00034,3,99725,8000,11,671
CUST00035,0,60877,17424,16,997
CUST00036,0,32044,7786,8,865
CUST00037,1,66300,28871,10,2708
CUST00038,2,180875,36963,28,1275
CUST00039,3,110306,12000,15,750
CUST00040,3,84102,10878,7,1329
CUST00041,1,70000,19403,4,3627
CUST00042,1,83365,34078,12,2551
CUST00043,3,106711,23017,5,3836
CUST00044,0,62725,6724,19,332
CUST00045,0,33875,6572,11,546
CUST00046,1,75080,30061,5,5010
CUST00047,1,56741,21777,10,1996
CUST00048,1,69081,24089,5,4015
CUST00049,3,110751,24519,12,1822
CUST00050,3,115523,11649,7,1375
CUST00051,3,86181,16071,12,1276
CUST00052,0,45166,8814,15,541
CUST00053,2,228971,32904,31,1032
CUST00054,1,40000,32354,13,2293
CUST00055,2,184313,53502,20,2554
CUST00056,0,49551,7755,12,584
CUST00057,1,63276,34829,7,4548
CUST00058,0,35714,8778,20,409
CUST00059,3,80751,20306,13,1435
CUST00060,0,25000,12240,18,660
CUST00061,0,62438,4580,12,361
CUST00062,1,70967,29903,12,2373
CUST00063,0,47789,8724,16,505
CUST00064,0,55146,12088,14,805
CUST00065,1,111783,37467,7,4730
CUST00066,3,107152,21993,13,1612
CUST00067,0,56396,11636,25,448
CUST00068,1,85377,35457,10,3179
CUST00069,1,100359,28914,6,4107
CUST00070,3,111523,25061,13,1820
CUST00071,1,66194,29964,13,2202
CUST00072,1,101434,37015,8,4220
CUST00073,0,32442,10679,20,506
CUST00074,0,38816,8684,13,599
CUST00075,3,117212,18986,3,4746
CUST00076,2,133807,54639,26,2036
CUST00077,0,76374,13226,15,806
CUST00078,0,37625,4281,22,190
CUST00079,0,47173,11982,8,1331
CUST00080,3,95799,8000,9,798
CUST00081,3,118526,24416,15,1495
CUST00082,1,60385,37816,15,2423
CUST00083,3,133032,29671,9,2885
CUST00084,1,45211,30742,11,2668
CUST00085,0,71998,18771,14,1224
CUST00086,1,56886,24628,12,1835
CUST00087,1,40000,26385,18,1378
CUST00088,3,70000,16166,6,2368
CUST00089,0,41933,7661,21,342
CUST00090,3,119443,21932,7,2683
CUST00091,3,117281,33459,9,3454
CUST00092,0,98737,8431,9,823
CUST00093,0,48049,7297,11,593
CUST00094,3,151240,16441,10,1443
CUST00095,3,106454,30025,11,2482
CUST00096,1,75854,25813,10,2320
CUST00097,2,149017,31104,15,1944
CUST00098,1,53444,36487,14,2426
CUST00099,3,59838,21760,9,2125
CUST00100,0,48504,9155,9,887
CUST00101,3,132023,20552,3,5138
CUST00102,1,56016,18542,13,1360
CUST00103,3,130602,21947,6,3264
CUST00104,1,63712,30405,15,1962
CUST00105,0,55729,11182,22,483
CUST00106,1,116836,36765,9,3640
CUST00107,1,82068,30803,11,2503
CUST00108,3,79711,16179,6,2261
CUST00109,0,73539,5546,19,280
CUST00110,1,76529,36929,8,3948
CUST00111,3,90466,16811,5,2634
CUST00112,3,103260,17774,7,2246
CUST00113,1,89428,35168,17,1995
CUST00114,3,117381,36555,10,3360
CUST00115,0,58620,6008,12,450
CUST00116,0,67471,7654,8,850
CUST00117,1,53769,23334,11,1901
CUST00118,0,60692,7073,10,620
CUST00119,3,97742,13803,8,1515
CUST00120,3,127778,10902,11,889
CUST00121,3,110286,15706,14,1064
CUST00122,0,25000,9416,17,518
CUST00123,0,51090,3449,15,216
CUST00124,0,44524,12000,20,562
CUST00125,1,54743,18570,6,2550
CUST00126,0,35684,9084,15,562
CUST00127,3,81430,18615,10,1724
CUST00128,0,60413,12657,15,770
CUST00129,1,53046,31439,15,1920
CUST00130,3,98779,23187,9,2257
CUST00131,0,37973,6678,13,492
CUST00132,1,73964,41249,11,3462
CUST00133,0,65702,14064,22,624
CUST00134,3,101617,14894,10,1369
CUST00135,1,85450,39276,13,2878
CUST00136,0,38735,10604,9,1018
CUST00137,1,88579,24735,12,1858
CUST00138,1,53769,26444,11,2227
CUST00139,3,102154,18598,23,784
CUST00140,0,44162,8893,13,619
CUST00141,1,60029,30605,13,2169
CUST00142,0,56624,6224,25,240
CUST00143,2,145669,41752,30,1360
CUST00144,2,105433,31882,20,1552
CUST00145,1,97255,36951,14,2464
CUST00146,0,53336,4522,18,237
CUST00147,1,89982,31957,20,1551
CUST00148,1,118470,33067,10,3147
CUST00149,1,68061,23459,11,1985
CUST00150,3,154263,8000,5,1238
CUST00151,3,77959,21057,11,1757
CUST00152,1,52974,16854,5,2809
CUST00153,1,40464,23748,13,1725
CUST00154,0,34123,8639,18,444
CUST00155,0,47941,9528,17,525
CUST00156,0,78919,7376,8,820
CUST00157,1,79637,23554,9,2281
CUST00158,0,70673,10947,19,542
CUST00159,1,120169,34883,13,2489
CUST00160,3,120751,13811,12,1053
CUST00161,2,104906,46256,26,1697
CUST00162,1,52310,22333,19,1099
CUST00163,0,35969,10085,13,706
CUST00164,3,127909,24129,12,1849
CUST00165,3,112341,14763,8,1568
CUST00166,3,113983,8000,8,847
CUST00167,0,70529,10206,23,422
CUST00168,3,92321,21740,5,3830
CUST00169,3,171172,11244,8,1311
CUST00170,1,42159,17308,12,1347
CUST00171,1,44890,23245,17,1309
CUST00172,1,72881,27560,11,2395
CUST00173,0,71304,13342,12,1054
CUST00174,0,63594,6700,10,602
CUST00175,0,55145,11481,14,781
CUST00176,3,127454,19088,16,1147
CUST00177,0,70000,12386,9,1295
CUST00178,0,53067,4406,10,412
CUST00179,0,33825,6846,24,276
CUST00180,3,112021,23716,13,1637
CUST00181,0,70360,7251,15,461
CUST00182,0,42973,4867,18,255
CUST00183,3,83317,13714,5,2286
CUST00184,0,26784,6165,14,409
CUST00185,0,61308,19869,12,1563
CUST00186,0,54307,4451,16,258
CUST00187,3,99142,20102,7,2606
CUST00188,3,107957,19554,15,1256
CUST00189,1,68681,20193,7,2382
CUST00190,1,54079,28775,7,3622
CUST00191,0,41922,7575,13,551
CUST00192,0,52843,6499,18,345
CUST00193,2,125492,38431,23,1634
CUST00194,0,37577,11516,21,532
CUST00195,1,49984,24967,7,2962
CUST00196,0,50555,5055,22,220
CUST00197,3,100740,17400,14,1177
CUST00198,0,53177,6505,8,723
CUST00199,0,105385,23789,15,1474
CUST00200,2,187673,55859,16,3268
CUST00201,1,110897,29466,13,2175
CUST00202,3,85381,20910,7,2578
CUST00203,1,92771,37066,16,2198
CUST00204,1,75269,33554,13,2375
CUST00205,0,44974,10829,10,952
CUST00206,2,171251,61073,26,2234
CUST00207,1,74145,24129,9,2445
CUST00208,1,86141,27096,10,2402
CUST00209,0,59109,5487,9,568
CUST00210,3,98461,19871,5,3312
CUST00211,3,167444,12596,17,707
CUST00212,0,41925,15020,17,849
CUST00213,0,46632,4739,16,285
CUST00214,0,38907,8789,20,409
CUST00215,1,54305,23920,11,1984
CUST00216,3,108677,17253,15,1105
CUST00217,1,59062,27029,9,2744
CUST00218,0,51894,9832,19,493
CUST00219,1,76107,28912,16,1717
CUST00220,0,62050,6258,20,299
CUST00221,1,42350,14334,15,886
CUST00222,3,114664,15418,6,2240
CUST00223,1,74574,20658,5,3443
CUST00224,0,25000,10876,22,483
CUST00225,2,148332,47174,16,2745
CUST00226,0,56265,12293,18,643
CUST00227,2,162248,44117,24,1772
CUST00228,3,88622,19264,9,1916
CUST00229,1,58083,31848,15,1965
CUST00230,1,52678,28269,12,2152
CUST00231,0,40769,10398,16,605
CUST00232,2,172662,46979,23,1926
CUST00233,3,85286,16704,4,3072
CUST00234,1,100371,40624,9,4119
CUST00235,3,115436,19339,5,2988
CUST00236,0,41977,4818,24,194
CUST00237,3,85919,15550,14,1006
CUST00238,3,89974,19682,12,1538
CUST00239,0,47791,3000,16,173
CUST00240,2,223373,46504,23,1930
CUST00241,2,133652,37816,15,2363
CUST00242,1,74482,20577,11,1749
CUST00243,2,80000,49195,29,1654
CUST00244,0,36833,3893,15,247
CUST00245,3,150941,21139,8,2394
CUST00246,1,90674,24136,11,1971
CUST00247,3,75986,18229,15,1132
CUST00248,1,43487,26819,13,1868
CUST00249,3,93485,11522,3,2658
CUST00250,3,100881,17337,10,1583
CUST00251,3,103754,22722,14,1480
CUST00252,0,58787,9372,11,788
CUST00253,2,171650,46799,26,1732
CUST00254,0,25000,7967,13,567
CUST00255,2,147895,33966,26,1277
CUST00256,0,36477,5370,12,427
CUST00257,3,147219,12984,10,1167
CUST00258,0,71685,6257,15,389
CUST00259,0,62452,4006,16,231
CUST00260,0,45382,7445,18,393
CUST00261,0,66814,22132,15,1364
CUST00262,0,65396,8631,20,418
CUST00263,3,125644,22751,7,2699
CUST00264,0,35284,11610,18,622
CUST00265,3,141805,23140,12,1784
CUST00266,2,174882,54963,26,2011
CUST00267,3,85044,21950,7,2875
CUST00268,0,61374,12615,17,713
CUST00269,1,69056,24216,5,4025
CUST00270,3,66323,18389,9,1927
CUST00271,0,29112,6037,18,317
CUST00272,1,64367,29702,7,3770
CUST00273,1,83535,28158,9,2822
CUST00274,3,160220,21824,10,1937
CUST00275,3,149293,25569,10,2331
CUST00276,1,61564,24227,12,1888
CUST00277,0,44484,10694,17,582
CUST00278,3,108636,11273,8,1261
CUST00279,0,25000,7204,10,656
CUST00280,0,28929,3000,13,211
CUST00281,3,92139,23102,18,1214
CUST00282,1,71402,28786,9,3018
CUST00283,1,92857,32196,18,1689
CUST00284,1,69587,21006,5,3501
CUST00285,3,95604,18491,8,1965
CUST00286,1,88183,27693,15,1702
CUST00287,2,123162,49747,28,1688
CUST00288,3,114438,12859,6,1892
CUST00289,1,45555,41051,13,2940
CUST00290,3,83511,12000,12,937
CUST00291,0,73522,21520,17,1170
CUST00292,3,130734,18758,3,4689
CUST00293,0,67803,5902,11,486
CUST00294,0,43077,6339,12,470
CUST00295,3,96303,11203,5,1938
CUST00296,0,61032,5243,10,488
CUST00297,3,111477,24767,12,1941
CUST00298,0,51092,3000,15,185
CUST00299,2,134074,40121,32,1213
CUST00300,3,144472,16646,5,2582
CUST00301,0,42940,7281,15,451
CUST00302,3,129252,16365,12,1298
CUST00303,1,86256,25427,5,4238
CUST00304,0,90022,12000,11,999
CUST00305,0,35494,7999,15,514
CUST00306,2,157026,41629,26,1553
CUST00307,0,34590,3000,8,333
CUST00308,0,57812,10680,9,1021
CUST00309,1,60285,34378,17,1888
CUST00310,0,51136,12885,12,958
CUST00311,3,114708,18479,13,1336
CUST00312,0,51771,14035,12,1055
CUST00313,0,57558,7320,23,304
CUST00314,1,84143,30495,10,2688
CUST00315,2,128228,32761,25,1251
CUST00316,2,136219,55303,25,2137
CUST00317,3,139572,20884,10,1823
CUST00318,3,79988,12000,5,2000
CUST00319,3,130646,17967,7,2128
CUST00320,3,75812,21358,14,1441
CUST00321,1,86241,24657,11,1987
CUST00322,0,55310,7592,24,302
CUST00323,1,82416,27330,12,2055
CUST00324,3,140706,27698,7,3323
CUST00325,1,72951,23840,10,2265
CUST00326,0,50592,6006,15,367
CUST00327,1,84945,22483,10,2012
CUST00328,3,121208,24291,14,1607
CUST00329,3,79417,15520,11,1343
CUST00330,3,125416,26106,5,4412
CUST00331,0,110815,12000,22,528
CUST00332,3,72261,21560,8,2349
CUST00333,1,73965,25372,13,1837
CUST00334,0,62662,21267,24,838
CUST00335,0,70560,11860,17,674
CUST00336,0,62238,8810,13,646
CUST00337,3,85854,17664,8,1961
CUST00338,1,69960,22310,18,1160
CUST00339,0,31115,4723,17,258
CUST00340,0,72804,12213,17,684
CUST00341,0,33729,3000,8,333
CUST00342,3,123702,19238,15,1200
CUST00343,3,93469,23871,10,2182
CUST00344,0,58487,21782,17,1233
CUST00345,3,130411,15764,9,1636
CUST00346,2,174695,56895,19,2813
CUST00347,1,70000,28072,5,4357
CUST00348,1,103145,33714,10,3168
CUST00349,0,90000,11729,21,542
CUST00350,1,49849,18337,8,1979
CUST00351,0,42172,8265,9,802
CUST00352,3,86617,26788,5,4465
CUST00353,3,146709,21089,6,2973
CUST00354,2,149892,47247,29,1587
CUST00355,3,100962,21137,10,1941
CUST00356,2,166301,39263,27,1407
CUST00357,0,41855,6931,15,446
CUST00358,0,90000,9984,18,515
CUST00359,2,130421,45147,25,1738
CUST00360,3,109097,22930,11,1906
CUST00361,1,86722,45000,11,3819
CUST00362,0,66554,8759,12,664
CUST00363,2,119951,60421,26,2258
CUST00364,0,39978,11073,9,1097
CUST00365,2,162403,56082,22,2483
CUST00366,2,167518,58017,20,2769
CUST00367,0,44184,9954,13,717
CUST00368,0,34428,6517,19,327
CUST00369,1,59467,29680,5,4947
CUST00370,3,62845,14033,15,858
CUST00371,3,69340,20278,18,1071
CUST00372,3,107817,12975,5,2162
CUST00373,0,75549,8313,12,617
CUST00374,0,88247,12093,8,1302
CUST00375,1,40000,22750,7,2882
CUST00376,1,106596,32689,7,4230
CUST00377,1,78026,31111,14,2060
CUST00378,1,90105,31140,8,3313
CUST00379,1,104180,42190,11,3443
CUST00380,3,93318,21935,13,1532
CUST00381,3,154412,14077,11,1201
CUST00382,0,62877,5420,14,362
CUST00383,1,75934,36436,11,3120
CUST00384,0,35548,6425,18,347
CUST00385,0,44958,10641,20,511
CUST00386,3,91507,16103,10,1414
CUST00387,3,121822,21084,10,1858
CUST00388,0,56861,7531,16,435
CUST00389,2,148959,46487,21,2119
CUST00390,1,80000,34037,23,1414
CUST00391,1,92624,26903,12,2020
CUST00392,0,52909,11490,15,714
CUST00393,2,138755,42754,25,1644
CUST00394,0,34107,5028,14,341
CUST00395,3,124201,14414,6,1970
CUST00396,0,37528,7222,14,485
CUST00397,1,28945,15016,10,1339
CUST00398,2,152200,32724,26,1207
CUST00399,3,74969,21946,13,1590
CUST00400,1,82976,29620,16,1745
CUST00401,1,82786,37839,11,3151
CUST00402,0,71076,8802,13,632
CUST00403,1,81274,20789,9,2100
CUST00404,3,117529,12182,7,1521
CUST00405,0,50625,8387,16,486
CUST00406,3,127809,24977,9,2436
CUST00407,1,94543,29979,10,2659
CUST00408,2,109554,35681,20,1698
CUST00409,0,83693,5160,13,360
CUST00410,3,173119,18943,9,1962
CUST00411,0,77245,21908,21,1011
CUST00412,0,64960,6250,8,674
CUST00413,3,84171,16624,4,3478
CUST00414,3,148661,9855,7,1278
CUST00415,0,50944,9079,19,462
CUST00416,3,106247,18273,8,1980
CUST00417,1,59378,30923,9,2971
CUST00418,0,60966,8523,21,394
CUST00419,2,134938,47826,16,2735
CUST00420,0,45996,7975,19,407
CUST00421,0,57624,9854,12,760
CUST00422,0,33004,8843,20,428
CUST00423,0,92471,20646,15,1292
CUST00424,1,89113,35875,5,5979
CUST00425,3,128228,23036,9,2275
CUST00426,3,135103,22920,8,2582
CUST00427,3,112471,27595,9,2820
CUST00428,0,52333,7014,10,635
CUST00429,2,169158,42426,25,1651
CUST00430,3,105155,23941,9,2399
CUST00431,1,55460,16054,5,2676
CUST00432,3,174126,19670,4,3638
CUST00433,0,69446,16038,7,1972
CUST00434,2,87542,30974,23,1273
CUST00435,3,121964,21159,7,2515
CUST00436,3,130455,25071,3,5967
CUST00437,2,168654,57131,20,2684
CUST00438,0,64592,16006,10,1448
CUST00439,3,167432,16279,11,1341
CUST00440,0,27416,10521,11,877
CUST00441,1,87866,26612,10,2399
CUST00442,3,104559,22507,9,2298
CUST00443,0,87260,12318,14,797
CUST00444,0,78054,20066,14,1337
CUST00445,3,87699,19309,8,2139
CUST00446,0,45768,5277,15,335
CUST00447,0,70684,10290,10,910
CUST00448,1,77607,29516,9,3038
CUST00449,3,125463,21555,10,1927
CUST00450,3,59319,10216,8,1135
CUST00451,0,53163,6505,9,653
CUST00452,0,42673,7050,20,334
CUST00453,0,42168,12799,21,573
CUST00454,3,124660,22331,10,1972
CUST00455,0,43441,4779,21,216
CUST00456,2,169365,41773,18,2195
CUST00457,1,89529,20696,9,2095
CUST00458,3,86404,22922,12,1777
CUST00459,2,119637,42558,22,1824
CUST00460,3,88263,16634,7,2168
CUST00461,1,45696,33744,11,2714
CUST00462,0,63203,10358,12,794
CUST00463,3,98219,18068,6,2604
CUST00464,3,99929,19581,10,1772
CUST00465,3,57536,20222,18,1078
CUST00466,0,30903,8241,22,363
CUST00467,2,173574,52224,19,2593
CUST00468,3,112958,14476,8,1672
CUST00469,0,25000,13225,20,640
CUST00470,3,198801,8000,13,574
CUST00471,1,43687,26931,6,3809
CUST00472,1,67982,38698,8,4148
CUST00473,3,133300,16235,7,2162
CUST00474,0,93856,24486,16,1436
CUST00475,0,91982,20801,16,1226
CUST00476,1,46361,34411,16,2030
CUST00477,3,95555,16936,10,1541
CUST00478,1,87617,29437,16,1709
CUST00479,0,62609,8046,8,894
CUST00480,0,31928,9399,8,1044
CUST00481,2,148516,46606,23,1913
CUST00482,3,99295,23671,7,2874
CUST00483,2,152147,44284,19,2255
CUST00484,0,57564,7419,15,466
CUST00485,3,103577,17469,8,1919
CUST00486,1,51758,31937,11,2575
CUST00487,3,171245,12724,8,1347
CUST00488,3,82773,16430,13,1133
CUST00489,0,80462,12000,17,658
CUST00490,0,51985,10987,9,1111
CUST00491,1,58587,21679,14,1454
CUST00492,3,128020,11447,7,1476
CUST00493,1,56141,29108,18,1548
CUST00494,2,147118,35793,16,2107
CUST00495,1,70000,19660,8,2253
CUST00496,3,111833,12093,6,1694
CUST00497,1,68338,33390,14,2242
CUST00498,1,99772,30421,11,2486
CUST00499,3,88154,19752,12,1469
CUST00500,0,63475,5135,8,571
CUST00501,0,25000,10505,17,576
CUST00502,1,96886,27055,8,2924
CUST00503,0,83422,6195,14,424
CUST00504,0,59885,7245,20,349
CUST00505,3,52611,12000,5,2000
CUST00506,0,31441,4425,18,227
CUST00507,1,66580,43947,12,3481
CUST00508,0,34233,6465,19,325
CUST00509,3,95830,24610,8,2775
CUST00510,3,120440,14576,4,3234
CUST00511,1,81271,37353,14,2477
CUST00512,3,92210,12358,10,1099
CUST00513,1,85350,35464,6,4760
CUST00514,3,98457,21802,11,1820
CUST00515,0,85244,21914,13,1618
CUST00516,3,131609,16870,11,1464
CUST00517,2,227201,61420,26,2301
CUST00518,1,85290,31144,17,1714
CUST00519,3,191710,22595,8,2449
CUST00520,1,102169,26702,18,1425
CUST00521,3,172396,20838,3,4899
CUST00522,3,112890,20330,6,2998
CUST00523,0,63818,3480,19,174
CUST00524,3,92566,20882,7,2650
CUST00525,0,25000,3275,16,193
CUST00526,2,171329,50501,25,1912
CUST00527,0,30311,10844,14,738
CUST00528,0,87704,19828,17,1123
CUST00529,1,54819,21513,11,1834
CUST00530,2,134472,38309,21,1726
CUST00531,0,46033,5946,17,333
CUST00532,1,57865,28419,7,3652
CUST00533,1,106680,29044,13,2065
CUST00534,0,41116,8889,16,535
CUST00535,0,51838,5051,19,249
CUST00536,3,112799,15676,10,1437
CUST00537,1,44836,27938,18,1464
CUST00538,0,37215,7817,21,351
CUST00539,3,110748,25947,13,1898
CUST00540,0,39130,3000,16,174
CUST00541,3,70054,12000,7,1511
CUST00542,3,92135,17399,14,1199
CUST00543,3,54996,13531,9,1405
CUST00544,0,31859,14344,14,931
CUST00545,1,55747,25146,12,1872
CUST00546,1,65153,33797,6,4904
CUST00547,3,105268,28792,9,2963
CUST00548,0,41004,13515,16,806
CUST00549,3,147272,9644,4,1948
CUST00550,1,90038,33264,11,2832
CUST00551,3,90764,22200,20,1060
CUST00552,3,54095,14875,11,1290
CUST00553,1,84505,26561,22,1167
CUST00554,0,46298,7129,16,425
CUST00555,2,175018,26638,22,1136
CUST00556,2,167720,45320,22,2003
CUST00557,0,56641,8956,9,940
CUST00558,0,84001,19375,12,1469
CUST00559,2,152884,43250,20,2016
CUST00560,3,112114,22308,10,2124
CUST00561,2,149006,59712,31,1893
CUST00562,2,133336,26980,33,796
CUST00563,3,95121,20221,7,2524
CUST00564,0,96528,21877,16,1309
CUST00565,1,67993,23539,15,1509
CUST00566,1,73764,37042,7,4454
CUST00567,3,67164,19719,15,1203
CUST00568,0,48523,5741,22,251
CUST00569,0,53453,13177,25,516
CUST00570,1,67717,29388,19,1491
CUST00571,1,112445,30559,5,5077
CUST00572,0,70787,20936,11,1681
CUST00573,0,61768,12598,11,1084
CUST00574,1,99410,28710,11,2462
CUST00575,3,76997,24640,12,1902
CUST00576,1,68455,20918,7,2706
CUST00577,0,57373,4784,19,244
CUST00578,3,106853,16216,5,2623
CUST00579,0,73227,18262,13,1311
CUST00580,0,54103,9525,11,762
CUST00581,1,90653,24218,6,3485
CUST00582,1,91419,36010,20,1751
CUST00583,3,123477,17621,15,1089
CUST00584,0,64973,16064,12,1223
CUST00585,1,67031,37499,12,2865
CUST00586,2,153427,38265,26,1435
CUST00587,0,101283,12000,15,743
CUST00588,3,92628,15453,8,1659
CUST00589,0,40938,12085,12,957
CUST00590,0,63014,12777,12,951
CUST00591,0,75152,12000,11,968
CUST00592,0,62840,4075,14,269
CUST00593,0,44135,6649,11,548
CUST00594,0,56390,4732,14,326
CUST00595,3,89744,24553,13,1810
CUST00596,3,99839,31089,10,2841
CUST00597,3,87662,15574,3,3893
CUST00598,3,101159,19420,10,1749
CUST00599,0,59951,7018,10,666
CUST00600,0,50634,8480,11,718
CUST00601,3,118254,23563,8,2650
CUST00602,3,165180,12203,3,3051
CUST00603,0,49262,7748,16,461
CUST00604,1,51866,25154,8,2689
CUST00605,3,141450,19008,6,2574
CUST00606,0,75662,10396,11,834
CUST00607,0,48786,7361,11,589
CUST00608,3,82526,20729,14,1413
CUST00609,3,101581,17768,8,2072
CUST00610,2,119876,42866,29,1440
CUST00611,3,68052,14522,15,881
CUST00612,0,65190,8131,17,442
CUST00613,0,63066,10915,16,646
CUST00614,0,68422,12653,13,890
CUST00615,0,69856,9977,20,474
CUST00616,0,77378,18717,13,1331
CUST00617,3,106013,16272,9,1593
CUST00618,1,72600,32803,11,2796
CUST00619,0,38701,4080,13,282
CUST00620,1,99212,37473,17,2100
CUST00621,3,107120,19219,15,1203
CUST00622,1,42391,25822,12,1987
CUST00623,3,119649,16974,13,1187
CUST00624,0,51047,8221,13,592
CUST00625,3,161681,12090,10,1101
CUST00626,0,37046,3000,21,135
CUST00627,0,25030,4669,10,408
CUST00628,1,92382,31750,8,3387
CUST00629,1,56132,22563,13,1613
CUST00630,0,32307,7437,16,444
CUST00631,3,98313,37074,15,2325
CUST00632,2,112454,47408,19,2316
CUST00633,2,153877,48650,40,1188
CUST00634,1,91296,23458,18,1236
CUST00635,0,51477,10644,8,1183
CUST00636,0,58973,8022,21,369
CUST00637,1,85550,38539,8,4139
CUST00638,0,62323,8615,13,617
CUST00639,3,142366,8000,4,1481
CUST00640,3,86647,12780,8,1500
CUST00641,0,76943,24068,15,1530
CUST00642,0,47795,13551,16,820
CUST00643,2,136671,54163,24,2158
CUST00644,0,72880,9247,22,407
CUST00645,0,57140,6234,8,662
CUST00646,3,64671,12920,5,2153
CUST00647,0,90000,6665,11,551
CUST00648,3,84938,22743,12,1774
CUST00649,3,84672,20628,8,2237
CUST00650,1,72099,25947,15,1635
CUST00651,1,69926,27424,11,2299
CUST00652,3,84775,23892,6,3449
CUST00653,3,110735,16687,7,2097
CUST00654,1,75527,27137,15,1651
CUST00655,0,43058,10792,26,405
CUST00656,2,205399,48997,27,1743
CUST00657,0,27708,5350,13,393
CUST00658,1,78945,22851,9,2283
CUST00659,0,48639,4589,17,258
CUST00660,2,161406,52081,16,2980
CUST00661,1,69846,24400,14,1669
CUST00662,3,131879,11427,6,1524
CUST00663,0,71453,4030,14,269
CUST00664,3,103671,21752,11,1835
CUST00665,0,57808,4938,16,285
CUST00666,1,51090,18442,9,1811
CUST00667,3,102129,26758,16,1537
CUST00668,3,113434,17514,5,2723
CUST00669,3,89243,23317,17,1299
CUST00670,1,96610,35399,13,2593
CUST00671,3,62361,12437,9,1229
CUST00672,0,111370,23544,17,1338
CUST00673,1,33842,14010,8,1557
CUST00674,0,50718,12478,23,524
CUST00675,3,138937,9458,7,1119
CUST00676,3,124789,22696,3,5674
CUST00677,3,98136,20977,10,1903
CUST00678,1,86775,26767,17,1509
CUST00679,3,109890,21427,5,3319
CUST00680,1,56707,29297,13,2147
CUST00681,3,152402,18273,13,1295
CUST00682,1,57433,24091,16,1418
CUST00683,0,56852,3000,16,177
CUST00684,3,87399,17651,9,1770
CUST00685,1,96937,28362,6,4026
CUST00686,1,72230,24782,8,2670
CUST00687,3,60543,12000,14,818
CUST00688,1,111982,35164,5,5861
CUST00689,1,66777,18243,10,1651
CUST00690,0,50879,14234,18,756
CUST00691,1,62286,21899,9,2218
CUST00692,3,106660,15213,8,1646
CUST00693,3,108479,26369,20,1280
CUST00694,0,36824,7373,20,350
CUST00695,0,47562,6514,15,399
CUST00696,0,25000,6638,9,686
CUST00697,0,90000,4314,15,274
CUST00698,0,70142,10818,15,673
CUST00699,3,116907,8000,3,2000
CUST00700,0,45665,9708,8,1079
CUST00701,3,83014,14804,6,2049
CUST00702,1,77737,33548,7,4370
CUST00703,1,83697,27740,10,2599
CUST00704,0,36761,7948,20,381
CUST00705,1,71469,26806,8,2879
CUST00706,1,103728,28057,10,2617
CUST00707,1,83625,24972,8,2768
CUST00708,0,52156,5276,11,428
CUST00709,3,161340,27992,9,2872
CUST00710,1,49318,28930,19,1461
CUST00711,1,116973,41453,9,4334
CUST00712,1,70976,21744,12,1685
CUST00713,1,92467,23411,6,3349
CUST00714,0,61195,3000,20,143
CUST00715,0,68279,7603,14,505
CUST00716,3,109690,19177,8,2022
CUST00717,1,83636,29433,15,1808
CUST00718,2,117897,38486,22,1662
CUST00719,1,69331,32807,14,2189
CUST00720,0,40001,3000,11,258
CUST00721,2,128072,28864,28,999
CUST00722,3,125302,25748,10,2299
CUST00723,0,55558,8600,16,495
CUST00724,3,91634,26810,8,2976
CUST00725,3,116491,16716,7,2032
CUST00726,0,25000,7751,22,332
CUST00727,3,93138,16657,7,2123
CUST00728,3,147648,15127,10,1415
CUST00729,2,133433,30211,25,1142
CUST00730,0,72167,20027,14,1332
CUST00731,1,81268,24393,18,1297
CUST00732,0,93893,12000,16,721
CUST00733,1,66071,38080,9,3871
CUST00734,0,47298,12027,14,810
CUST00735,0,48208,10072,10,895
CUST00736,0,61898,9395,16,537
CUST00737,3,115634,20588,11,1647
CUST00738,1,75535,26429,14,1735
CUST00739,0,42290,5920,8,658
CUST00740,0,44709,8518,24,344
CUST00741,0,44302,3000,17,163
CUST00742,0,85955,11802,15,738
CUST00743,3,92738,12000,10,1053
CUST00744,3,171052,20161,5,3208
CUST00745,2,206461,51387,29,1736
CUST00746,2,147141,38565,15,2410
CUST00747,1,89933,33886,10,3210
CUST00748,2,107800,29441,29,981
CUST00749,1,91229,30542,18,1581
CUST00750,1,80424,35959,5,5993
CUST00751,0,62482,3236,16,185
CUST00752,3,94341,20288,8,2194
CUST00753,0,26652,10432,8,1115
CUST00754,3,101516,22937,7,2701
CUST00755,0,75209,20287,16,1182
CUST00756,0,108282,18573,15,1166
CUST00757,0,82580,9622,17,526
CUST00758,3,115859,16697,4,3455
CUST00759,3,150455,14464,4,3206
CUST00760,0,104329,12000,13,850
CUST00761,0,56332,8365,15,520
CUST00762,0,55512,16535,11,1374
CUST00763,0,51400,11498,17,629
CUST00764,3,128451,19329,8,2240
CUST00765,1,98460,39961,15,2495
CUST00766,3,54045,15547,15,984
CUST00767,1,88101,35423,13,2522
CUST00768,3,150521,18266,7,2417
CUST00769,2,195120,50639,21,2253
CUST00770,3,136788,10866,12,844
CUST00771,0,54220,6109,15,373
CUST00772,3,106573,22402,12,1689
CUST00773,2,136808,53178,25,2066
CUST00774,1,82155,26740,14,1811
CUST00775,0,82452,9808,12,774
CUST00776,1,42340,24035,17,1300
CUST00777,3,86621,25174,14,1650
CUST00778,3,83077,11669,6,1556
CUST00779,0,54798,12574,20,606
CUST00780,1,63593,32729,16,1968
CUST00781,1,63436,33140,14,2217
CUST00782,0,26744,13377,15,818
CUST00783,0,31946,8006,8,890
CUST00784,3,126982,27785,16,1613
CUST00785,0,51483,4049,12,305
CUST00786,0,98859,20354,16,1190
CUST00787,3,72949,18819,11,1532
CUST00788,3,84525,17636,17,995
CUST00789,0,40769,5251,10,486
CUST00790,3,107988,20196,7,2424
CUST00791,1,64731,29744,10,2679
CUST00792,3,114101,19360,5,3320
CUST00793,0,45629,11341,10,1043
CUST00794,1,70897,23638,9,2428
CUST00795,3,164545,14525,7,1759
CUST00796,3,99201,8000,4,1570
CUST00797,1,112260,32254,14,2177
CUST00798,3,106617,16749,13,1187
CUST00799,3,155463,11408,6,1746
CUST00800,1,78705,27989,12,2091
CUST00801,1,71347,36871,12,2924
CUST00802,0,58879,9560,14,639
CUST00803,0,40232,6477,14,425
CUST00804,3,90709,12673,7,1640
CUST00805,0,42007,7716,23,327
CUST00806,3,97689,19931,17,1092
CUST00807,0,26038,8477,13,585
CUST00808,1,58630,25350,18,1322
CUST00809,2,164774,30151,19,1518
CUST00810,3,92299,27234,16,1633
CUST00811,3,125557,18108,4,3762
CUST00812,3,110387,22981,9,2273
CUST00813,3,108554,19300,6,2586
CUST00814,1,71380,38370,15,2436
CUST00815,0,49760,6801,12,541
CUST00816,0,46421,11355,10,1002
CUST00817,0,32581,7605,12,564
CUST00818,3,118878,12676,11,1076
CUST00819,0,40916,10762,13,757
CUST00820,0,54608,6087,18,321
CUST00821,0,92737,14623,13,1075
CUST00822,1,67547,25375,17,1389
CUST00823,0,45083,5998,12,477
CUST00824,1,106269,40175,7,4825
CUST00825,1,90561,29393,5,4899
CUST00826,3,108297,20656,10,1910
CUST00827,1,45987,33836,5,5639
CUST00828,3,146453,19169,8,2029
CUST00829,1,78722,30193,9,2913
CUST00830,0,54868,11925,16,682
CUST00831,0,43713,13799,18,725
CUST00832,0,65307,12000,13,858
CUST00833,0,79606,9189,20,434
CUST00834,2,170445,42097,20,2003
CUST00835,0,52695,3835,18,203
CUST00836,2,180955,45104,23,1907
CUST00837,3,102100,16123,12,1202
CUST00838,3,137052,20964,11,1726
CUST00839,1,88685,26720,7,3483
CUST00840,3,104901,15550,11,1285
CUST00841,1,56527,27852,11,2409
CUST00842,0,49211,9621,18,494
CUST00843,1,45815,31808,10,3009
CUST00844,0,57778,13736,13,1011
CUST00845,2,207282,54246,21,2439
CUST00846,0,72212,14748,18,762
CUST00847,0,37009,8666,24,346
CUST00848,0,39133,10997,21,494
CUST00849,3,110550,19783,8,2225
CUST00850,1,104411,27795,15,1787
CUST00851,0,83512,20999,17,1148
CUST00852,1,84035,28787,13,2114
CUST00853,3,124903,14354,13,1026
CUST00854,0,64875,6540,23,271
CUST00855,1,45109,22563,9,2350
CUST00856,1,95929,24901,14,1676
CUST00857,0,56516,18843,12,1458
CUST00858,3,54667,21800,10,2045
CUST00859,1,99119,27397,8,3219
CUST00860,3,111748,13999,9,1470
CUST00861,3,99690,21020,10,1879
CUST00862,0,51376,11533,14,783
CUST00863,3,126670,22175,14,1458
CUST00864,0,33862,8447,22,364
CUST00865,3,114937,8730,6,1258
CUST00866,3,111789,22558,14,1480
CUST00867,1,110851,32818,7,4017
CUST00868,3,113553,29931,12,2314
CUST00869,3,156275,19151,10,1805
CUST00870,2,116318,49369,21,2218
CUST00871,2,199964,50690,29,1704
CUST00872,1,84505,29769,13,2107
CUST00873,2,120049,41975,25,1643
CUST00874,2,157633,47607,20,2282
CUST00875,1,49099,26508,16,1535
CUST00876,0,69034,7209,17,392
CUST00877,0,59121,5815,8,614
CUST00878,0,30754,6315,14,435
CUST00879,3,107935,27203,9,2701
CUST00880,0,64627,8125,10,735
CUST00881,1,93876,40323,16,2346
CUST00882,1,60757,22864,11,1977
CUST00883,0,58932,5529,22,237
CUST00884,3,116207,18008,11,1535
CUST00885,0,74345,16358,17,889
CUST00886,0,47578,5759,12,457
CUST00887,3,149793,9633,6,1444
CUST00888,3,125318,18599,3,4302
CUST00889,1,71762,27164,10,2398
CUST00890,3,98439,13913,13,977
CUST00891,1,96624,26941,9,2692
CUST00892,1,78076,37384,9,3904
CUST00893,0,64375,7049,21,317
CUST00894,1,85706,26334,6,3570
CUST00895,0,50844,10904,22,479
CUST00896,1,50253,36386,15,2290
CUST00897,0,83323,22074,17,1201
CUST00898,0,47583,10457,12,821
CUST00899,1,56926,28463,18,1511
CUST00900,3,80447,27900,14,1866
CUST00901,3,100635,16978,13,1246
CUST00902,0,49485,4754,19,241
CUST00903,0,33007,12126,16,702
CUST00904,2,160282,52533,15,3283
CUST00905,3,119193,22295,8,2486
CUST00906,0,105494,19486,19,953
CUST00907,2,142790,35175,22,1551
CUST00908,0,52476,6975,19,355
CUST00909,1,72377,24939,13,1761
CUST00910,0,25000,5357,14,346
CUST00911,1,92110,28677,9,2839
CUST00912,0,39840,9597,15,591
CUST00913,0,41134,3000,10,267
CUST00914,2,144394,44750,22,1981
CUST00915,0,55823,7301,19,374
CUST00916,1,126452,41142,11,3463
CUST00917,0,43524,8444,8,938
CUST00918,3,64086,20152,5,3359
CUST00919,0,60857,9412,13,678
CUST00920,0,54379,7155,12,562
CUST00921,0,40017,8205,15,498
CUST00922,1,31214,14385,10,1254
CUST00923,1,69565,30169,11,2525
CUST00924,3,106696,8000,9,785
CUST00925,1,42666,36391,15,2210
CUST00926,3,127174,21876,13,1519
CUST00927,0,49407,5552,15,344
CUST00928,3,77067,15864,10,1437
CUST00929,0,55244,8683,10,795
CUST00930,2,177721,47239,27,1713
CUST00931,0,44371,6799,9,662
CUST00932,3,145041,16811,4,3250
CUST00933,0,45017,7359,13,542
CUST00934,0,67770,7563,14,493
CUST00935,1,77669,27967,13,2052
CUST00936,2,169225,57084,20,2772
CUST00937,3,115297,21218,9,2179
CUST00938,0,30606,3070,19,154
CUST00939,1,61553,36471,21,1689
CUST00940,2,144453,58641,25,2264
CUST00941,2,181325,38943,21,1767
CUST00942,2,168237,45570,20,2164
CUST00943,1,62885,23177,12,1748
CUST00944,1,98355,26550,9,2774
CUST00945,0,66506,12430,11,1034
CUST00946,3,90800,16415,10,1478
CUST00947,0,80327,12422,15,769
CUST00948,2,120673,40161,27,1426
CUST00949,3,128787,11484,8,1270
CUST00950,1,110963,27778,4,5358
CUST00951,0,79202,7694,8,855
CUST00952,2,160562,62022,30,1981
CUST00953,1,76907,22755,14,1536
CUST00954,2,218967,44295,23,1855
CUST00955,1,60229,17325,11,1416
CUST00956,1,70993,30165,11,2593
CUST00957,0,91475,8741,11,716
CUST00958,3,127988,14150,9,1432
CUST00959,1,97028,24949,10,2322
CUST00960,0,69032,9323,14,624
CUST00961,1,88892,39613,16,2358
CUST00962,0,48052,4455,22,194
CUST00963,3,105076,18010,12,1421
CUST00964,0,39198,4585,21,213
CUST00965,0,37879,4086,18,219
CUST00966,3,120179,11057,7,1424
CUST00967,0,63746,4753,16,282
CUST00968,1,40000,37451,6,5221
CUST00969,0,40412,4177,17,232
CUST00970,0,58505,7075,17,401
CUST00971,1,80044,44519,13,3276
CUST00972,3,148433,18434,10,1705
CUST00973,0,44797,9318,15,583
CUST00974,0,66974,22411,14,1501
CUST00975,1,116624,37823,13,2671
CUST00976,0,67632,3000,21,136
CUST00977,3,68974,12058,14,789
CUST00978,0,48287,11502,13,819
CUST00979,0,56080,7880,21,362
CUST00980,0,49713,9810,13,684
CUST00981,0,55811,16891,14,1106
CUST00982,0,55340,5186,10,493
CUST00983,0,47441,13615,10,1225
CUST00984,3,80200,18309,11,1528
CUST00985,1,56645,23119,15,1408
CUST00986,2,107775,37460,32,1133
CUST00987,2,142628,43269,19,2198
CUST00988,0,56226,10008,17,543
CUST00989,3,149516,15458,11,1279
CUST00990,0,39281,7391,15,462
CUST00991,0,54303,7404,21,340
CUST00992,1,88671,28914,13,2042
CUST00993,0,54449,4172,12,310
CUST00994,1,48701,45000,5,7500
CUST00995,1,63089,19680,11,1685
CUST00996,2,129540,46846,28,1641
CUST00997,3,78582,18124,8,2132
CUST00998,1,52498,27410,7,3632
CUST00999,3,160729,11540,8,1313
CUST01000,0,36739,4516,24,181
CUST01001,3,106690,24189,11,1970
CUST01002,1,78651,30510,15,1932
CUST01003,3,70777,16197,11,1386
CUST01004,1,72304,37759,17,2108
CUST01005,3,90337,16690,15,1047
CUST01006,3,90008,17681,9,1696
CUST01007,3,141985,29690,11,2453
CUST01008,1,69075,19553,11,1669
CUST01009,0,54444,4519,17,251
CUST01010,2,134481,45566,23,1872
CUST01011,3,101950,18842,13,1363
CUST01012,0,43598,8475,15,534
CUST01013,1,93718,31998,13,2309
CUST01014,1,88954,24537,10,2149
CUST01015,2,150418,38118,25,1475
CUST01016,2,130481,51982,23,2153
CUST01017,3,149865,25173,8,2782
CUST01018,0,39147,7824,9,780
CUST01019,0,61792,8305,9,794
CUST01020,0,55789,7785,12,580
CUST01021,1,88661,27551,11,2362
CUST01022,3,103230,27474,15,1771
CUST01023,3,142226,10923,15,675
CUST01024,3,100504,17309,11,1387
CUST01025,3,92082,23619,8,2515
CUST01026,0,53499,11019,10,1047
CUST01027,3,110826,23528,10,2177
CUST01028,0,48816,10363,18,554
CUST01029,3,63612,19435,10,1824
CUST01030,3,153283,19057,7,2488
CUST01031,0,43819,7652,18,404
CUST01032,2,196966,42787,30,1403
CUST01033,3,128074,14220,5,2406
CUST01034,3,182130,20524,4,3837
CUST01035,0,66150,7000,18,369
CUST01036,0,36130,7895,10,688
CUST01037,0,46647,4347,8,483
CUST01038,3,131105,19659,12,1528
CUST01039,1,83399,25101,9,2563
CUST01040,3,101308,25164,14,1716
CUST01041,2,138369,43415,16,2602
CUST01042,2,132693,55471,15,3467
CUST01043,0,68914,8199,24,323
CUST01044,3,125786,10865,8,1151
CUST01045,0,39811,5248,14,355
CUST01046,1,71391,20205,10,1889
CUST01047,0,34059,3000,23,124
CUST01048,3,107015,17638,9,1814
CUST01049,0,27002,12110,18,632
CUST01050,3,70000,14694,3,3674
CUST01051,3,141541,15500,9,1618
CUST01052,3,123576,9338,6,1360
CUST01053,3,111840,17588,13,1251
CUST01054,3,145316,16932,6,2409
CUST01055,3,140504,21265,10,1916
CUST01056,3,117848,22990,6,3137
CUST01057,3,130610,24767,6,3425
CUST01058,2,164681,29295,26,1100
CUST01059,3,101360,25780,11,2240
CUST01060,3,85641,21938,8,2561
CUST01061,1,84753,24408,8,2679
CUST01062,1,96460,34766,10,3098
CUST01063,2,133697,28546,21,1300
CUST01064,0,60758,14116,19,712
CUST01065,1,71231,34281,15,2209
CUST01066,3,125608,13965,6,2084
CUST01067,1,91469,31472,12,2379
CUST01068,0,30103,10268,18,553
CUST01069,1,64488,25643,10,2438
CUST01070,2,155943,54818,19,2745
CUST01071,1,85083,30602,10,2904
CUST01072,3,156315,9885,7,1226
CUST01073,1,80946,31883,16,1865
CUST01074,2,96312,41323,20,1990
CUST01075,1,84079,30765,14,2068
CUST01076,0,41163,9014,20,428
CUST01077,0,52210,7351,20,349
CUST01078,0,38381,11773,23,495
CUST01079,0,25000,13940,17,754
CUST01080,0,57528,5115,8,568
CUST01081,3,128467,20324,10,1819
CUST01082,1,65530,20956,9,2007
CUST01083,0,64459,5307,12,397
CUST01084,3,66564,12098,8,1344
CUST01085,2,169282,43615,24,1764
CUST01086,2,157681,61777,19,3131
CUST01087,0,40164,11983,15,748
CUST01088,1,104264,28218,8,3214
CUST01089,3,102194,20692,11,1747
CUST01090,3,105124,31329,15,1941
CUST01091,2,196425,46196,28,1595
CUST01092,0,47566,4709,8,523
CUST01093,0,46239,15979,19,790
CUST01094,2,147025,32032,22,1376
CUST01095,2,183519,27392,31,859
CUST01096,0,55138,3282,14,223
CUST01097,0,82267,6881,13,506
CUST01098,0,38297,8100,19,397
CUST01099,2,174614,49600,27,1789
CUST01100,1,92074,31815,13,2224
CUST01101,0,60283,5772,10,514
CUST01102,3,149668,23772,8,2531
CUST01103,0,54619,11008,8,1223
CUST01104,0,49960,7133,14,468
CUST01105,3,119375,27539,14,1838
CUST01106,0,40033,19732,18,1049
CUST01107,1,97732,37241,7,4913
CUST01108,0,74407,5546,19,276
CUST01109,3,109660,17655,7,2092
CUST01110,0,48321,13526,24,532
CUST01111,0,49679,8317,15,532
CUST01112,1,65591,34900,11,2849
CUST01113,3,90186,20607,15,1304
CUST01114,3,106236,25159,8,2774
CUST01115,0,33694,7229,9,711
CUST01116,0,39582,8089,14,558
CUST01117,2,226803,50388,24,1986
CUST01118,3,121025,32342,10,3051
CUST01119,2,148018,48992,26,1841
CUST01120,1,95276,32511,17,1854
CUST01121,3,120986,17583,5,2900
CUST01122,1,65432,25643,8,3013
CUST01123,3,107455,10156,9,996
CUST01124,3,102133,11759,5,2014
CUST01125,0,53579,8518,12,673
CUST01126,1,81382,34546,9,3452
CUST01127,0,44508,7315,21,339
CUST01128,1,88677,28340,10,2543
CUST01129,0,69880,13229,19,653
CUST01130,0,62027,5496,10,501
CUST01131,0,44934,4421,14,287
CUST01132,0,38509,4882,14,328
CUST01133,1,40000,24813,18,1314
CUST01134,3,96707,22262,13,1594
CUST01135,1,94585,28247,10,2566
CUST01136,3,100439,25282,13,1813
CUST01137,2,139221,60615,26,2235
CUST01138,1,80450,29085,6,4073
CUST01139,3,144445,14409,8,1579
CUST01140,0,43733,9043,20,431
CUST01141,0,43895,4396,13,307
CUST01142,0,51186,8423,8,906
CUST01143,1,70015,22726,7,2831
CUST01144,0,32912,13678,17,753
CUST01145,2,195102,30816,28,1077
CUST01146,0,86376,16643,18,874
CUST01147,0,59980,15698,22,686
CUST01148,1,87177,37856,11,3057
CUST01149,1,73998,20425,5,3195
CUST01150,3,116218,30930,12,2343
CUST01151,0,49434,6954,16,413
CUST01152,0,50864,8003,14,521
CUST01153,3,73297,19406,14,1278
CUST01154,3,98661,25623,14,1737
CUST01155,1,77816,20879,5,3532
CUST01156,3,145588,16249,4,3265
CUST01157,3,93717,15589,8,1677
CUST01158,3,89915,18213,13,1297
CUST01159,1,71550,40434,15,2603
CUST01160,1,87953,25860,12,1938
CUST01161,1,117814,32330,10,3075
CUST01162,3,111522,25041,4,5210
CUST01163,3,110493,20503,10,1862
CUST01164,3,124563,22631,8,2593
CUST01165,3,78636,13449,10,1232
CUST01166,0,49059,7774,11,628
CUST01167,3,102255,18772,6,2644
CUST01168,0,25000,11709,15,717
CUST01169,0,51239,7044,17,392
CUST01170,0,61597,3412,12,273
CUST01171,1,59604,25353,18,1358
CUST01172,0,31035,10312,14,673
CUST01173,0,68052,10693,12,795
CUST01174,0,50820,6631,24,262
CUST01175,3,131454,14101,8,1594
CUST01176,3,118108,8000,10,748
CUST01177,0,37530,4983,14,328
CUST01178,0,61909,4807,8,534
CUST01179,3,164030,16798,9,1713
CUST01180,0,60381,13575,12,1012
CUST01181,1,60103,24540,13,1730
CUST01182,0,45213,13165,19,666
CUST01183,0,50067,6440,15,399
CUST01184,2,171773,44424,20,2091
CUST01185,3,127828,18164,8,1938
CUST01186,0,41740,4781,15,295
CUST01187,3,99888,21333,14,1397
CUST01188,0,44578,3000,21,138
CUST01189,3,87768,23448,11,1928
CUST01190,0,51505,17272,17,967
CUST01191,0,28140,5887,13,422
CUST01192,1,84666,33456,17,1871
CUST01193,3,146434,15248,5,2442
CUST01194,0,54417,8233,10,731
CUST01195,0,66160,6226,15,381
CUST01196,2,131880,58801,30,1889
CUST01197,0,42827,5391,14,356
CUST01198,3,95639,24844,11,2101
CUST01199,3,134344,26611,15,1711
CUST01200,2,205401,47993,25,1818
CUST01201,3,73565,18340,13,1289
CUST01202,0,36033,9275,11,751
CUST01203,1,75948,28600,6,4098
CUST01204,0,56352,9671,8,1030
CUST01205,3,154064,19675,14,1338
CUST01206,0,69879,4992,11,402
CUST01207,0,50330,7081,9,726
CUST01208,3,89784,26541,13,1844
CUST01209,3,116324,21350,6,2860
CUST01210,0,25000,9499,14,643
CUST01211,0,64987,21025,21,975
CUST01212,3,82450,13390,13,964
CUST01213,3,149547,24576,6,3676
CUST01214,0,91117,17590,19,874
CUST01215,0,56643,13509,15,819
CUST01216,3,77816,22431,10,2012
CUST01217,3,132648,30211,12,2395
CUST01218,0,85878,10815,9,1081
CUST01219,2,138857,44374,19,2176
CUST01220,0,50946,5320,15,335
CUST01221,3,82062,25852,14,1696
CUST01222,0,81275,3000,28,104
CUST01223,3,91386,17851,14,1159
CUST01224,3,90313,13482,10,1235
CUST01225,1,84541,38097,9,3802
CUST01226,0,46564,6443,18,344
CUST01227,1,81103,30467,14,2027
CUST01228,1,56221,29234,5,4872
CUST01229,2,155823,50078,22,2212
CUST01230,3,102274,15403,6,2190
CUST01231,3,178001,11761,12,913
CUST01232,1,40000,35161,17,1977
CUST01233,3,89996,25065,14,1646
CUST01234,3,82652,19591,14,1350
CUST01235,1,65894,26391,8,3093
CUST01236,2,148813,54191,22,2315
CUST01237,3,86140,20991,14,1418
CUST01238,2,93128,26522,23,1115
CUST01239,0,66114,8660,18,451
CUST01240,0,50962,5648,10,492
CUST01241,0,56075,8627,12,646
CUST01242,3,101793,15943,3,3986
CUST01243,3,68510,19958,18,1048
CUST01244,0,50468,4255,10,389
CUST01245,2,202568,44017,32,1350
CUST01246,3,130636,17813,8,2018
CUST01247,3,79734,24643,14,1651
CUST01248,3,70000,17397,7,2128
CUST01249,1,88607,31915,9,3268
CUST01250,3,96024,24661,17,1394
CUST01251,0,51867,11034,15,698
CUST01252,3,152582,11521,3,2880
CUST01253,3,132570,23348,11,1954
CUST01254,3,99428,12000,12,947
CUST01255,0,54975,4108,18,215
CUST01256,1,104647,44566,5,7428
CUST01257,0,70971,20587,14,1330
CUST01258,0,32416,6979,8,775
CUST01259,0,44715,3000,13,216
CUST01260,3,140987,12255,9,1182
CUST01261,0,86310,23833,14,1587
CUST01262,3,105352,26359,10,2431
CUST01263,0,70860,12000,19,612
CUST01264,1,77920,29868,14,2002
CUST01265,2,142212,43499,24,1768
CUST01266,3,91331,15584,9,1609
CUST01267,0,58841,9709,9,941
CUST01268,0,33639,3629,10,337
CUST01269,0,42839,8354,11,669
CUST01270,3,110123,20100,5,3350
CUST01271,3,115046,24905,11,2147
CUST01272,1,62908,22360,13,1649
CUST01273,0,55823,10354,13,727
CUST01274,1,65643,21351,11,1854
CUST01275,1,88003,33676,15,2106
CUST01276,1,90709,36024,12,2808
CUST01277,0,28567,7020,17,392
CUST01278,0,82877,7834,8,870
CUST01279,3,89651,29068,9,3017
CUST01280,0,65446,5222,14,359
CUST01281,0,47171,10140,14,673
CUST01282,2,203837,42907,31,1342
CUST01283,1,81542,32395,10,2953
CUST01284,0,39115,3874,19,195
CUST01285,1,40000,28044,10,2491
CUST01286,0,67263,13141,20,631
CUST01287,0,46286,8473,20,395
CUST01288,2,109449,53335,27,1879
CUST01289,0,36828,10081,18,520
CUST01290,1,70267,19477,10,1847
CUST01291,2,218121,65767,24,2599
CUST01292,2,143909,29236,26,1103
CUST01293,0,76409,6425,11,549
CUST01294,3,91257,23362,13,1674
CUST01295,0,49891,7414,8,824
CUST01296,2,158147,44939,23,1857
CUST01297,1,78277,32962,11,2778
CUST01298,2,161316,33968,23,1441
CUST01299,1,41150,24031,9,2424
CUST01300,2,151393,37432,26,1374
CUST01301,3,158255,15254,8,1705
CUST01302,0,83147,16614,8,1825
CUST01303,1,88675,30036,12,2288
CUST01304,3,117978,14858,7,1781
CUST01305,1,65961,31300,19,1578
CUST01306,0,60722,9038,10,817
CUST01307,3,126113,22378,7,2911
CUST01308,3,131664,8575,4,1620
CUST01309,0,69488,8613,10,820
CUST01310,3,79049,20978,11,1712
CUST01311,0,43866,14092,20,662
CUST01312,1,92702,31041,12,2312
CUST01313,0,57696,9079,27,328
CUST01314,0,106324,17361,19,855
CUST01315,1,40000,30404,14,1991
CUST01316,3,81378,12000,17,680
CUST01317,2,139719,46042,22,1998
CUST01318,3,123944,8212,9,809
CUST01319,0,70479,19269,12,1457
CUST01320,2,103301,45489,26,1682
CUST01321,3,108214,15255,13,1083
CUST01322,0,53664,8246,22,365
CUST01323,1,71926,34011,9,3303
CUST01324,2,197324,66650,27,2423
CUST01325,1,80982,21604,5,3601
CUST01326,1,94065,28080,10,2508
CUST01327,2,128870,46223,27,1641
CUST01328,1,71976,32473,16,1870
CUST01329,0,64141,7984,17,453
CUST01330,1,74628,24303,14,1605
CUST01331,1,63134,22003,9,2154
CUST01332,1,78758,23926,14,1563
CUST01333,3,131886,24036,10,2277
CUST01334,0,108113,26817,17,1516
CUST01335,3,75680,13562,5,2260
CUST01336,0,41918,10068,10,938
CUST01337,0,35827,5872,19,289
CUST01338,0,59820,3000,20,142
CUST01339,0,36710,13053,15,823
CUST01340,0,63486,3000,22,130
CUST01341,1,102962,38418,14,2589
CUST01342,3,128042,8000,3,2000
CUST01343,1,73552,20360,9,1951
CUST01344,2,106560,53605,22,2364
CUST01345,1,57919,27621,10,2540
CUST01346,1,110368,28499,8,3083
CUST01347,1,59486,27629,9,2640
CUST01348,0,43649,7906,9,767
CUST01349,3,88013,24616,15,1559
CUST01350,0,57577,18297,17,1026
CUST01351,3,84878,13846,14,913
CUST01352,3,124737,23740,8,2559
CUST01353,2,147767,46920,22,2053
CUST01354,1,77852,42083,20,1963
CUST01355,1,100313,30082,15,1929
CUST01356,0,60188,17057,15,1075
CUST01357,2,192615,39235,29,1308
CUST01358,1,60207,24559,11,2134
CUST01359,1,59505,37399,9,3816
CUST01360,1,78428,24016,15,1504
CUST01361,2,172710,54980,23,2283
CUST01362,0,43375,7867,11,638
CUST01363,0,76271,16319,8,1781
CUST01364,0,32278,3000,15,185
CUST01365,2,138463,30356,21,1359
CUST01366,0,58294,14040,23,587
CUST01367,3,98042,12000,9,1148
CUST01368,0,61163,7012,9,735
CUST01369,1,72133,28890,5,4770
CUST01370,1,67449,27398,23,1144
CUST01371,0,35468,6846,13,487
CUST01372,1,80933,32190,5,5365
CUST01373,1,78713,27315,8,2911
CUST01374,1,64579,31071,15,1963
CUST01375,0,71173,7776,9,802
CUST01376,1,95970,30435,7,3962
CUST01377,1,69340,39484,8,4591
CUST01378,2,133594,67909,23,2782
CUST01379,1,93765,34384,17,1875
CUST01380,3,126912,12916,18,672
CUST01381,1,78677,27077,14,1862
CUST01382,2,148371,30599,29,1022
CUST01383,1,77036,37210,10,3308
CUST01384,0,40337,13323,11,1097
CUST01385,1,58850,29493,8,3400
CUST01386,2,177785,58994,28,2042
CUST01387,0,26416,9460,17,515
CUST01388,0,58497,10180,16,608
CUST01389,0,66213,13536,19,661
CUST01390,1,40000,19554,23,805
CUST01391,1,89151,28623,13,2095
CUST01392,2,100354,54641,22,2378
CUST01393,3,134244,11459,7,1500
CUST01394,3,113952,16998,15,1070
CUST01395,3,83964,15379,12,1144
CUST01396,2,156717,55507,30,1806
CUST01397,2,155897,50578,28,1715
CUST01398,0,76426,21933,13,1533
CUST01399,0,39230,5095,14,344
CUST01400,0,75764,11869,16,712
CUST01401,0,27901,10858,16,643
CUST01402,0,61287,8938,21,406
CUST01403,1,68895,24291,9,2450
CUST01404,3,130607,17699,6,2516
CUST01405,0,33469,4072,17,221
CUST01406,1,72250,26168,15,1634
CUST01407,1,81198,21936,8,2369
CUST01408,0,25234,7327,14,479
CUST01409,0,52177,11002,12,848
CUST01410,3,70429,19966,5,3328
CUST01411,0,51031,13242,12,992
CUST01412,0,105450,13421,19,657
CUST01413,3,146599,21119,4,3987
CUST01414,2,172812,40625,26,1503
CUST01415,2,104234,39714,26,1477
CUST01416,0,37936,7348,12,548
CUST01417,1,71131,35761,11,3080
CUST01418,3,176786,8000,10,700
CUST01419,0,55093,12203,16,722
CUST01420,0,44896,9640,18,519
CUST01421,1,66433,33027,11,2692
CUST01422,1,99814,30998,5,5166
CUST01423,3,79424,14520,12,1133
CUST01424,1,73154,36353,12,2790
CUST01425,1,99108,35795,9,3509
CUST01426,3,109693,12799,10,1165
CUST01427,0,106097,21864,21,1012
CUST01428,3,140869,27937,8,3260
CUST01429,0,70266,12000,14,826
CUST01430,2,206304,34601,19,1710
CUST01431,3,73380,19259,10,1744
CUST01432,0,51994,8410,10,747
CUST01433,1,51835,23421,15,1424
CUST01434,0,69756,15039,10,1331
CUST01435,1,82710,20809,9,2188
CUST01436,3,95747,13925,10,1259
CUST01437,3,72408,21452,15,1321
CUST01438,0,59637,9464,17,526
CUST01439,0,25000,5670,15,352
CUST01440,1,40000,34011,9,3348
CUST01441,0,81592,12000,12,918
CUST01442,0,53603,6340,10,561
CUST01443,3,123525,14461,7,1703
CUST01444,0,25000,7112,17,405
CUST01445,0,32988,8339,11,713
CUST01446,1,54523,34362,19,1752
CUST01447,3,154613,20518,7,2672
CUST01448,1,60223,26285,14,1782
CUST01449,2,120637,25018,34,709
CUST01450,0,65427,14087,11,1135
CUST01451,3,83153,18655,8,2087
CUST01452,0,45272,7686,15,491
CUST01453,1,56563,28366,14,1916
CUST01454,1,86573,24853,14,1609
CUST01455,1,92232,35894,11,2874
CUST01456,0,45963,4954,10,438
CUST01457,3,78260,23113,18,1247
CUST01458,1,47541,21764,16,1250
CUST01459,1,73887,19348,5,3225
CUST01460,1,99903,39903,14,2645
CUST01461,0,75251,8878,16,517
CUST01462,3,118150,29086,11,2513
CUST01463,0,79517,21317,14,1462
CUST01464,3,93759,8000,8,884
CUST01465,0,33593,11104,8,1234
CUST01466,0,49348,12000,14,821
CUST01467,1,89168,32597,14,2154
CUST01468,2,141546,50999,24,2032
CUST01469,0,60892,3771,12,301
CUST01470,3,91424,12000,14,818
CUST01471,0,55358,8263,15,508
CUST01472,2,145330,48958,23,2041
CUST01473,1,70000,26523,4,4965
CUST01474,0,71297,12000,17,653
CUST01475,1,84300,23293,8,2543
CUST01476,1,91395,38834,13,2822
CUST01477,3,108304,15676,5,2613
CUST01478,3,80891,12000,8,1387
CUST01479,0,59755,6560,9,666
CUST01480,0,33052,10129,8,1083
CUST01481,1,59408,32564,8,3821
CUST01482,1,73905,26826,8,2901
CUST01483,0,25000,5864,9,602
CUST01484,1,97899,42474,17,2381
CUST01485,0,79969,8185,16,482
CUST01486,1,74633,23604,14,1598
CUST01487,2,148569,41004,28,1399
CUST01488,0,84760,8302,19,406
CUST01489,0,93713,21297,15,1317
CUST01490,1,70544,25532,7,3067
CUST01491,1,88242,30785,11,2601
CUST01492,0,43532,7571,14,512
CUST01493,1,58213,30105,15,1874
CUST01494,1,84381,44530,14,2990
CUST01495,1,75148,25757,18,1378
CUST01496,3,75469,22906,19,1127
CUST01497,3,149587,18136,10,1609
CUST01498,0,48210,4449,23,185
CUST01499,3,88015,22691,15,1400
CUST01500,1,80072,25603,19,1276
CUST01501,2,159784,44804,19,2240
CUST01502,0,38936,8096,13,574
CUST01503,0,29693,9941,9,950
CUST01504,0,47037,7989,15,489
CUST01505,0,51514,5028,13,365
CUST01506,3,70846,14365,13,1043
CUST01507,3,87178,27186,9,2671
CUST01508,1,44358,30608,11,2547
CUST01509,1,56696,31325,10,2919
CUST01510,3,109222,26980,9,2627
CUST01511,0,52336,3000,16,175
CUST01512,3,158201,17701,6,2621
CUST01513,2,176134,56488,15,3530
CUST01514,1,63717,32877,11,2653
CUST01515,0,63898,7676,13,551
CUST01516,0,56111,9064,16,545
CUST01517,3,162801,20968,8,2361
CUST01518,0,39018,6952,17,385
CUST01519,1,58498,24574,5,4096
CUST01520,3,90549,9567,3,2392
CUST01521,2,148027,42232,34,1214
CUST01522,1,77640,29618,7,3491
CUST01523,1,77701,25042,12,1910
CUST01524,0,68396,9025,8,978
CUST01525,2,156251,39481,28,1361
CUST01526,0,58319,4901,14,331
CUST01527,0,77167,22534,18,1201
CUST01528,0,32921,6223,22,271
CUST01529,0,51961,7246,18,386
CUST01530,3,71101,12000,9,1145
CUST01531,0,72541,6338,15,387
CUST01532,1,65537,29443,9,2872
CUST01533,0,84772,9614,19,478
CUST01534,3,77209,17221,7,2149
CUST01535,3,76039,22775,10,2104
CUST01536,1,87086,40781,12,3060
CUST01537,0,76259,18927,14,1238
CUST01538,3,128032,24982,9,2521
CUST01539,1,80188,26938,13,1884
CUST01540,3,101236,25890,9,2713
CUST01541,2,144480,43702,29,1436
CUST01542,0,65796,11118,15,701
CUST01543,3,139829,22455,6,3359
CUST01544,0,55553,16436,12,1239
CUST01545,3,88962,15963,11,1292
CUST01546,1,73968,26078,13,1866
CUST01547,0,79320,9270,10,817
CUST01548,1,82622,30503,12,2432
CUST01549,0,34603,7091,22,306
CUST01550,3,118398,11778,3,2944
CUST01551,0,55491,11977,12,946
CUST01552,3,124388,14541,9,1405
CUST01553,1,62516,19424,8,2147
CUST01554,1,82468,31026,14,2124
CUST01555,3,70000,14242,4,2751
CUST01556,3,132189,13602,8,1522
CUST01557,0,69072,12000,16,716
CUST01558,1,84906,21662,5,3610
CUST01559,2,109666,60308,28,2113
CUST01560,0,41434,7875,15,497
CUST01561,1,87834,31058,14,2111
CUST01562,2,153193,69398,24,2789
CUST01563,1,97193,36774,19,1866
CUST01564,0,53477,10386,23,426
CUST01565,3,114313,23657,11,2009
CUST01566,3,84910,14134,10,1258
CUST01567,1,116957,27968,5,4661
CUST01568,1,92764,29390,6,4029
CUST01569,1,47936,20425,14,1369
CUST01570,3,78660,12733,5,1985
CUST01571,3,89400,24440,13,1782
CUST01572,0,57175,7296,13,516
CUST01573,3,112896,8000,6,1070
CUST01574,0,53634,7177,8,797
CUST01575,0,84157,18283,19,895
CUST01576,1,63079,27506,11,2274
CUST01577,1,81318,28430,12,2174
CUST01578,3,132882,24624,5,4049
CUST01579,1,74565,31269,5,5172
CUST01580,1,80061,34398,13,2518
CUST01581,2,171390,54408,30,1759
CUST01582,3,102022,24432,6,3271
CUST01583,0,46928,11558,12,873
CUST01584,1,104334,36254,11,2921
CUST01585,0,48151,8200,21,365
CUST01586,3,129479,21113,13,1501
CUST01587,1,85663,29166,18,1538
CUST01588,3,153805,19594,5,3040
CUST01589,1,55097,32255,8,3616
CUST01590,3,119714,21858,7,2584
CUST01591,2,124317,43037,24,1692
CUST01592,0,42284,6888,20,336
CUST01593,0,65799,6473,17,352
CUST01594,2,111301,50974,34,1444
CUST01595,0,68060,4764,15,298
CUST01596,0,73523,10543,20,514
CUST01597,0,45665,6118,12,489
CUST01598,0,74473,20162,19,1003
CUST01599,3,97356,12000,17,675
CUST01600,0,45509,11177,9,1118
CUST01601,1,63996,34176,12,2653
CUST01602,0,72992,11107,13,767
CUST01603,1,59308,30662,13,2158
CUST01604,1,64524,24254,10,2229
CUST01605,0,89561,14822,14,1002
CUST01606,1,84150,30338,14,2077
CUST01607,2,143072,60945,30,1970
CUST01608,0,38685,10087,14,655
CUST01609,2,143427,32170,17,1766
CUST01610,1,88142,35383,10,3275
CUST01611,0,92923,13361,17,730
CUST01612,0,52586,7648,17,427
CUST01613,1,54458,22370,17,1265
CUST01614,2,162764,41272,17,2280
CUST01615,2,164144,56870,17,3193
CUST01616,3,145902,20318,8,2180
CUST01617,3,86931,12000,17,669
CUST01618,0,54039,7232,14,472
CUST01619,0,37443,8256,9,852
CUST01620,3,125195,15109,14,999
CUST01621,0,42577,9186,11,761
CUST01622,0,75453,11331,22,485
CUST01623,3,141240,15103,7,1925
CUST01624,2,185033,49940,20,2423
CUST01625,3,107272,22848,13,1617
CUST01626,0,31650,3054,8,339
CUST01627,2,190363,33570,21,1550
CUST01628,3,89024,19197,9,1853
CUST01629,0,85321,7337,13,519
CUST01630,1,69171,35636,12,2699
CUST01631,0,41701,10548,10,927
CUST01632,2,116235,49957,24,2030
CUST01633,0,76330,6701,21,311
CUST01634,1,66737,19040,11,1578
CUST01635,0,40629,9774,14,652
CUST01636,0,32443,9463,8,1051
CUST01637,0,69370,10267,14,666
CUST01638,0,51278,8328,12,661
CUST01639,0,38716,10714,17,591
CUST01640,3,120470,17450,8,2033
CUST01641,0,65813,9667,14,648
CUST01642,0,81761,6632,12,497
CUST01643,0,65137,8775,10,780
CUST01644,0,66612,10854,25,412
CUST01645,3,90596,13997,11,1177
CUST01646,0,56947,3000,11,241
CUST01647,1,64239,39646,10,3720
CUST01648,1,109971,31029,12,2387
CUST01649,0,26953,4483,17,250
CUST01650,3,91677,17075,7,2037
CUST01651,1,76960,25614,12,1994
CUST01652,3,89127,27530,13,1960
CUST01653,3,88050,19239,13,1425
CUST01654,0,71885,10804,10,1008
CUST01655,1,81697,23931,13,1770
CUST01656,2,171270,36495,27,1293
CUST01657,2,132790,25000,31,792
CUST01658,3,120088,20596,16,1179
CUST01659,0,40214,3234,11,268
CUST01660,2,185670,52592,29,1777
CUST01661,0,81909,18430,18,993
CUST01662,1,70893,24006,7,3001
CUST01663,1,90658,26988,9,2667
CUST01664,3,70000,13223,8,1406
CUST01665,1,80391,29509,5,4918
CUST01666,0,50419,5803,11,468
CUST01667,1,82062,35583,11,3013
CUST01668,1,91174,28821,13,2037
CUST01669,1,40000,35361,15,2185
CUST01670,0,43323,7511,11,634
CUST01671,0,25000,12736,18,657
CUST01672,3,130201,15030,5,2463
CUST01673,1,56869,34418,11,2843
CUST01674,2,99226,48214,26,1758
CUST01675,1,48797,40505,12,3175
CUST01676,0,75267,13233,10,1206
CUST01677,3,72449,12000,11,966
CUST01678,0,35679,7258,8,806
CUST01679,3,94130,17975,17,985
CUST01680,0,66486,12132,23,502
CUST01681,3,124467,12929,11,1070
CUST01682,1,72814,45000,6,6493
CUST01683,3,88675,22870,17,1305
CUST01684,0,77094,4565,15,281
CUST01685,3,101243,18209,5,3008
CUST01686,0,55937,9554,17,520
CUST01687,3,135367,19065,13,1394
CUST01688,0,51246,11227,12,846
CUST01689,0,48367,9938,8,1104
CUST01690,2,84036,39169,23,1601
CUST01691,2,155331,46335,17,2579
CUST01692,0,79188,20270,18,1058
CUST01693,1,58372,26734,12,1986
CUST01694,3,142510,15070,12,1135
CUST01695,1,93139,28946,14,1925
CUST01696,2,163775,50080,20,2358
CUST01697,0,53472,4296,15,265
CUST01698,3,99600,20283,8,2262
CUST01699,1,48969,26423,15,1624
CUST01700,0,32914,6708,17,364
CUST01701,2,93425,28351,25,1090
CUST01702,0,41084,9351,20,449
CUST01703,2,109554,51338,28,1789
CUST01704,3,77934,16948,4,3697
CUST01705,2,141567,65061,29,2144
CUST01706,0,25000,7104,14,469
CUST01707,1,80000,43274,21,1968
CUST01708,0,67314,6791,8,755
CUST01709,1,73602,27352,6,3663
CUST01710,0,64157,11877,14,807
CUST01711,3,90991,12000,13,857
CUST01712,1,81446,36796,13,2557
CUST01713,0,59913,19390,12,1467
CUST01714,2,147535,50655,21,2300
CUST01715,0,60461,8455,8,939
CUST01716,1,82475,28473,16,1642
CUST01717,2,128615,55226,30,1754
CUST01718,1,66529,28240,15,1779
CUST01719,1,82885,26653,16,1600
CUST01720,0,59569,5742,14,375
CUST01721,2,140725,36015,16,2109
CUST01722,2,101174,45380,33,1318
CUST01723,1,61501,27695,8,3063
CUST01724,1,75328,23455,7,2773
CUST01725,2,130445,40168,22,1772
CUST01726,3,85179,19972,12,1485
CUST01727,0,110308,20512,13,1501
CUST01728,1,103058,28948,12,2166
CUST01729,3,96192,9799,7,1193
CUST01730,0,43574,12610,23,522
CUST01731,1,78080,31824,17,1773
CUST01732,1,63497,31146,13,2250
CUST01733,0,25000,10563,20,495
CUST01734,3,98042,19136,9,1999
CUST01735,3,161015,19749,11,1636
CUST01736,1,50055,25768,5,4272
CUST01737,0,54177,5559,18,285
CUST01738,1,56041,18565,9,1897
CUST01739,1,43337,29577,8,3171
CUST01740,3,75215,21813,9,2275
CUST01741,3,105455,13425,10,1213
CUST01742,1,43038,35384,14,2399
CUST01743,0,70736,7433,12,563
CUST01744,1,91313,23725,5,3954
CUST01745,2,165530,38507,19,1891
CUST01746,0,75751,18503,20,898
CUST01747,2,133078,52349,24,2054
CUST01748,0,52024,3000,15,184
CUST01749,0,83804,20896,21,952
CUST01750,3,106320,26358,15,1617
CUST01751,0,73477,4765,21,215
CUST01752,1,64036,22280,8,2517
CUST01753,0,36937,12424,21,557
CUST01754,0,29408,3000,8,333
CUST01755,3,87215,30171,9,2879
CUST01756,1,103944,36850,9,3578
CUST01757,0,47195,8608,14,569
CUST01758,3,109620,23257,8,2532
CUST01759,3,116575,19461,9,1889
CUST01760,3,151238,13255,5,2272
CUST01761,0,27802,4742,13,331
CUST01762,3,81494,18847,11,1568
CUST01763,3,78285,8305,10,751
CUST01764,0,44637,16079,17,876
CUST01765,0,79813,6894,14,461
CUST01766,3,72348,12000,8,1301
CUST01767,1,76140,22179,7,2726
CUST01768,3,126072,34531,12,2762
CUST01769,3,97672,25995,16,1513
CUST01770,3,102867,18365,19,920
CUST01771,3,106883,16508,7,2151
CUST01772,0,57550,6013,15,372
CUST01773,1,88381,25351,8,2720
CUST01774,0,47885,4045,11,346
CUST01775,1,61338,45000,14,3031
CUST01776,3,78122,28265,16,1652
CUST01777,0,38198,10859,19,534
CUST01778,3,91842,19059,13,1359
CUST01779,0,94920,12000,15,760
CUST01780,0,44927,10645,21,489
CUST01781,1,49246,20654,5,3200
CUST01782,1,94028,27967,9,2818
CUST01783,0,61573,3000,14,206
CUST01784,2,195887,49219,20,2370
CUST01785,0,50247,10367,15,665
CUST01786,1,94399,20949,4,4294
CUST01787,0,28357,3000,8,333
CUST01788,1,67778,40002,15,2442
CUST01789,0,50282,6012,16,346
CUST01790,0,46203,10783,14,735
CUST01791,0,60547,9963,11,831
CUST01792,0,30417,4511,15,284
CUST01793,1,86642,21701,5,3617
CUST01794,0,57805,12000,11,979
CUST01795,0,30333,9192,18,473
CUST01796,3,120868,15929,3,3616
CUST01797,1,80616,28263,12,2116
CUST01798,3,121954,13704,8,1488
CUST01799,1,72852,23645,9,2362
CUST01800,0,51501,6742,10,639
CUST01801,1,69680,36076,20,1684
CUST01802,1,76624,32748,6,5004
CUST01803,0,46610,8799,22,375
CUST01804,3,84830,15095,3,3774
CUST01805,0,25000,11738,18,604
CUST01806,0,57618,7616,8,846
CUST01807,1,77829,22986,12,1807
CUST01808,0,57303,5787,13,421
CUST01809,3,121306,9849,10,909
CUST01810,3,150990,18875,5,3022
CUST01811,0,25000,4686,13,332
CUST01812,1,67263,22346,11,1809
CUST01813,1,67654,25275,22,1102
CUST01814,0,68837,23435,17,1303
CUST01815,1,91582,29043,12,2217
CUST01816,1,61997,22581,5,3764
CUST01817,2,107746,50433,30,1651
CUST01818,1,74645,29830,12,2331
CUST01819,3,133334,20373,13,1485
CUST01820,3,88553,11062,6,1690
CUST01821,3,94951,12000,6,1702
CUST01822,1,76253,36161,15,2220
CUST01823,2,158012,34349,15,2147
CUST01824,1,102659,32108,11,2675
CUST01825,1,63399,22355,13,1586
CUST01826,0,50504,4408,13,322
CUST01827,0,41757,11065,19,565
CUST01828,3,101092,19294,15,1213
CUST01829,3,110174,16855,9,1638
CUST01830,1,109694,27626,7,3495
CUST01831,1,64314,30641,13,2209
CUST01832,0,53302,6260,22,271
CUST01833,3,103967,22066,5,3678
CUST01834,0,70000,8929,8,949
CUST01835,3,102367,31182,7,3726
CUST01836,3,67415,21839,8,2409
CUST01837,2,111591,51629,26,1945
CUST01838,3,89563,13183,7,1667
CUST01839,0,64292,6438,14,419
CUST01840,1,45908,32735,9,3290
CUST01841,0,81859,22899,14,1508
CUST01842,3,123154,8000,9,765
CUST01843,0,36802,9559,12,730
CUST01844,2,139171,46054,27,1649
CUST01845,0,88419,6839,23,285
CUST01846,1,69168,23392,13,1683
CUST01847,3,99755,22348,13,1554
CUST01848,0,62431,11734,17,636
CUST01849,3,131281,21800,7,2816
CUST01850,0,47037,11578,27,414
CUST01851,1,72145,40378,13,2880
CUST01852,2,141904,45786,27,1630
CUST01853,0,102075,8000,9,833
CUST01854,3,97680,11447,5,1776
CUST01855,1,68738,31518,14,2086
CUST01856,3,169789,22787,8,2525
CUST01857,3,84978,21159,9,2030
CUST01858,1,98874,28583,9,2828
CUST01859,0,64052,7785,20,369
CUST01860,2,155733,54960,23,2247
CUST01861,0,45072,3000,18,161
CUST01862,3,145178,12215,7,1529
CUST01863,2,137023,56727,20,2703
CUST01864,0,51231,9790,11,836
CUST01865,1,42535,37542,8,4273
CUST01866,1,83682,37034,12,2753
CUST01867,3,120803,25984,18,1372
CUST01868,3,80060,21634,6,3154
CUST01869,3,107561,16205,5,2882
CUST01870,0,57762,12027,18,632
CUST01871,0,52402,10074,18,534
CUST01872,0,46380,9656,15,592
CUST01873,3,93586,29999,15,1826
CUST01874,0,29336,3000,13,219
CUST01875,0,51548,9529,8,1059
CUST01876,0,41394,7370,20,351
CUST01877,1,88425,29429,9,2869
CUST01878,2,139926,42024,24,1673
CUST01879,1,76138,26837,8,2838
CUST01880,2,204028,48947,23,2019
CUST01881,2,154994,54496,25,2112
CUST01882,3,138366,21653,10,2060
CUST01883,3,84313,17917,5,2986
CUST01884,1,52454,26986,17,1541
CUST01885,1,81049,29882,10,2802
CUST01886,3,136014,19362,8,2057
CUST01887,3,128271,23647,6,3249
CUST01888,0,45086,10806,10,985
CUST01889,0,26144,4990,22,220
CUST01890,0,30518,6650,19,334
CUST01891,3,124287,20762,15,1273
CUST01892,1,70837,25454,7,3206
CUST01893,0,56239,7247,10,639
CUST01894,1,77103,40953,17,2329
CUST01895,3,93463,22243,9,2141
CUST01896,2,157314,49910,29,1640
CUST01897,2,157300,45213,24,1827
CUST01898,0,64273,4911,15,301
CUST01899,0,71535,7036,10,628
CUST01900,1,108673,31742,15,2000
CUST01901,1,105047,37606,14,2445
CUST01902,0,60403,10354,16,619
CUST01903,1,104647,23352,3,5838
CUST01904,0,41913,8425,13,586
CUST01905,2,120649,31302,22,1346
CUST01906,1,95273,27066,15,1659
CUST01907,2,97376,42419,20,2000
CUST01908,3,111083,13245,8,1439
CUST01909,1,83267,27797,6,4075
CUST01910,3,76302,23298,11,1968
CUST01911,2,133232,65562,15,4098
CUST01912,3,152800,14724,4,2843
CUST01913,0,37855,7325,22,319
CUST01914,0,84334,23273,17,1286
CUST01915,0,25000,8004,10,704
CUST01916,0,29202,8437,19,421
CUST01917,2,167118,66423,19,3288
CUST01918,1,88835,35849,5,5975
CUST01919,0,63393,8488,19,435
CUST01920,1,103776,37758,11,3039
CUST01921,1,55099,26959,15,1739
CUST01922,0,53648,6050,12,466
CUST01923,3,131033,22204,3,5551
CUST01924,3,105333,20915,16,1235
CUST01925,0,53101,19483,17,1110
CUST01926,0,72440,10752,9,1026
CUST01927,2,182826,48288,28,1650
CUST01928,3,99077,20478,10,1921
CUST01929,1,44639,24345,14,1648
CUST01930,3,113284,23727,8,2514
CUST01931,0,50222,8465,14,552
CUST01932,0,35809,5541,12,418
CUST01933,1,82717,28531,5,4755
CUST01934,3,170382,24176,9,2462
CUST01935,1,99876,31177,8,3490
CUST01936,1,69737,30359,5,5060
CUST01937,1,86432,27774,14,1825
CUST01938,1,99323,25730,7,3197
CUST01939,3,137321,17504,7,2254
CUST01940,1,48513,26853,9,2587
CUST01941,1,64269,22097,6,3295
CUST01942,3,103047,15393,13,1119
CUST01943,2,111587,37980,27,1339
CUST01944,1,83147,29884,7,3594
CUST01945,0,38027,12431,24,497
CUST01946,3,89428,19188,9,1899
CUST01947,0,50068,4175,11,351
CUST01948,3,57518,18194,16,1063
CUST01949,0,52476,6562,12,492
CUST01950,3,86582,20961,7,2500
CUST01951,3,132506,16818,5,2910
CUST01952,3,98795,26242,9,2714
CUST01953,0,64079,8649,21,390
CUST01954,2,155598,47686,21,2178
CUST01955,0,43200,8425,16,488
CUST01956,1,64060,23023,9,2195
CUST01957,1,66411,25075,12,1945
CUST01958,0,25000,8689,20,422
CUST01959,2,108620,31281,22,1333
CUST01960,3,74682,18402,10,1674
CUST01961,1,47847,21692,17,1222
CUST01962,1,79968,24373,5,4062
CUST01963,2,142832,65753,20,3070
CUST01964,1,45904,29569,15,1827
CUST01965,3,128315,24461,10,2169
CUST01966,3,105829,14380,6,2202
CUST01967,1,63870,29373,16,1760
CUST01968,3,137385,18151,10,1581
CUST01969,0,60411,5692,14,381
CUST01970,0,72953,11794,8,1310
CUST01971,0,36553,13223,23,555
CUST01972,0,40000,15230,11,1238
CUST01973,1,86612,27551,16,1669
CUST01974,0,52558,4870,23,202
CUST01975,0,61231,15210,16,914
CUST01976,0,46493,6757,12,520
CUST01977,3,157436,22088,9,2143
CUST01978,2,179530,41118,24,1656
CUST01979,3,155908,16578,8,1933
CUST01980,3,157228,8606,17,469
CUST01981,0,52301,5156,12,383
CUST01982,3,113933,27830,7,3320
CUST01983,1,63870,20347,14,1402
CUST01984,3,70169,12000,9,1146
CUST01985,0,61760,13808,14,942
CUST01986,3,150756,20975,13,1497
CUST01987,1,40000,31000,7,3688
CUST01988,2,137194,49535,29,1643
CUST01989,0,56604,7965,25,305
CUST01990,0,55169,3057,14,199
CUST01991,0,78098,24004,25,939
CUST01992,3,122442,14926,11,1284
CUST01993,1,79170,33898,6,4700
CUST01994,3,124012,8691,3,2110
CUST01995,1,53247,30500,16,1842
CUST01996,0,57391,8175,15,511
CUST01997,1,74002,39445,16,2325
CUST01998,0,40000,13624,12,1076
CUST01999,3,133851,16166,11,1358
CUST02000,2,111148,52012,19,2645
CUST02001,2,202644,38371,33,1112
CUST02002,1,70257,28198,6,3877
CUST02003,1,86543,33651,10,2975
CUST02004,1,104293,35790,13,2570
CUST02005,1,62890,29051,16,1750
CUST02006,3,147597,19846,9,1919
CUST02007,1,97431,31925,11,2554
CUST02008,0,46244,5302,8,589
CUST02009,3,106714,8000,15,505
CUST02010,3,67262,16437,14,1101
CUST02011,2,164178,61391,16,3629
CUST02012,2,188354,52190,26,1944
CUST02013,0,41649,4834,17,270
CUST02014,3,101126,21132,6,3003
CUST02015,0,25000,6039,11,498
CUST02016,0,61515,12000,9,1233
CUST02017,0,44304,5579,13,408
CUST02018,0,48845,8278,19,416
CUST02019,0,58898,11872,12,902
CUST02020,0,57956,7525,18,404
CUST02021,0,48499,12676,18,667
CUST02022,1,74009,25591,11,2137
CUST02023,3,101788,17054,8,1908
CUST02024,0,29025,8608,19,435
CUST02025,1,92731,23877,7,2856
CUST02026,0,68659,9748,16,573
CUST02027,1,58245,30259,17,1637
CUST02028,1,58526,22034,5,3652
CUST02029,3,85888,20085,16,1197
CUST02030,0,26885,8512,13,587
CUST02031,0,45534,3657,14,242
CUST02032,3,70000,10001,6,1474
CUST02033,3,109938,27748,10,2420
CUST02034,3,115464,20090,7,2386
CUST02035,0,74889,6042,13,447
CUST02036,1,56404,23848,14,1631
CUST02037,3,138037,17471,7,2141
CUST02038,2,167312,51523,19,2575
CUST02039,3,125725,17374,6,2375
CUST02040,0,66820,15513,13,1119
CUST02041,3,145736,19939,12,1549
CUST02042,0,59853,3554,13,259
CUST02043,3,70000,17356,7,2257
CUST02044,1,60250,30478,11,2626
CUST02045,1,64051,27320,14,1792
CUST02046,1,99504,29559,8,3176
CUST02047,0,44195,5879,22,253
CUST02048,1,73000,18171,4,3489
CUST02049,2,126093,53837,26,1969
CUST02050,1,69846,41841,11,3438
CUST02051,0,71718,10148,14,665
CUST02052,1,70320,31587,13,2320
CUST02053,2,170457,52421,24,2108
CUST02054,1,70000,21005,9,2150
CUST02055,1,46857,33057,13,2419
CUST02056,3,122784,17634,5,3059
CUST02057,1,45621,27280,19,1360
CUST02058,3,66159,12170,5,1984
CUST02059,0,30398,5477,13,379
CUST02060,0,30455,10707,22,468
CUST02061,1,87838,25849,12,1962
CUST02062,1,84644,29308,13,2143
CUST02063,3,168009,13999,7,1667
CUST02064,3,94603,25861,9,2603
CUST02065,3,70819,19294,16,1114
CUST02066,0,38990,5312,16,307
CUST02067,3,93874,24966,11,2146
CUST02068,3,97398,17176,9,1732
CUST02069,1,53716,30227,21,1361
CUST02070,0,25000,9092,17,518
CUST02071,0,40674,13368,8,1485
CUST02072,1,71022,35531,17,1992
CUST02073,0,45878,6397,16,372
CUST02074,1,89962,35666,13,2465
CUST02075,3,151321,23237,9,2445
CUST02076,0,66897,10492,18,539
CUST02077,1,65000,31362,9,2989
CUST02078,0,49392,10158,11,836
CUST02079,0,63432,9490,15,589
CUST02080,0,71918,19165,15,1183
CUST02081,3,108427,17793,13,1244
CUST02082,0,54124,3869,15,240
CUST02083,0,26944,10052,22,440
CUST02084,0,45133,9798,26,362
CUST02085,0,52854,9135,16,535
CUST02086,3,153886,18679,5,3136
CUST02087,3,96454,20820,18,1114
CUST02088,3,119723,28314,8,3031
CUST02089,1,87238,27690,15,1734
CUST02090,3,91822,17275,11,1459
CUST02091,2,146226,37457,30,1193
CUST02092,2,152598,38744,23,1581
CUST02093,0,70985,18127,14,1195
CUST02094,3,177591,19946,10,1870
CUST02095,1,94356,23317,7,2959
CUST02096,3,96167,17258,11,1460
CUST02097,3,86280,23913,14,1554
CUST02098,3,108701,26892,8,3025
CUST02099,2,117568,38986,28,1328
CUST02100,1,78487,31238,13,2265
CUST02101,2,182423,31688,17,1789
CUST02102,3,71484,12000,11,1024
CUST02103,0,58525,8694,14,575
CUST02104,2,155126,43147,19,2123
CUST02105,3,96468,27476,5,4299
CUST02106,1,92371,33039,11,2783
CUST02107,3,74595,20185,8,2127
CUST02108,1,75002,32263,13,2358
CUST02109,1,66304,24219,15,1546
CUST02110,0,39228,8847,23,369
CUST02111,0,64914,12000,12,896
CUST02112,0,72728,8713,19,425
CUST02113,3,106939,25317,15,1550
CUST02114,3,154990,17335,7,2275
CUST02115,3,132422,9673,6,1299
CUST02116,2,98922,70797,22,3015
CUST02117,1,50136,37321,17,2041
CUST02118,0,84187,20426,15,1291
CUST02119,3,99244,23879,8,2797
CUST02120,0,63046,4658,16,278
CUST02121,3,97930,20685,10,1968
CUST02122,2,125029,39538,31,1237
CUST02123,3,75972,21411,12,1624
CUST02124,0,63706,15607,11,1280
CUST02125,0,42385,6363,16,365
CUST02126,3,104609,12000,14,805
CUST02127,0,64058,7396,8,807
CUST02128,3,136027,14089,11,1202
CUST02129,3,110070,18091,8,2012
CUST02130,1,72736,24942,9,2598
CUST02131,2,103809,27977,21,1250
CUST02132,1,73771,36863,9,3818
CUST02133,1,102414,31774,11,2565
CUST02134,0,36531,11646,17,655
CUST02135,3,101006,19205,15,1192
CUST02136,0,36434,4107,24,167
CUST02137,3,89783,23398,13,1633
CUST02138,1,95064,24440,13,1705
CUST02139,1,85434,25134,5,4189
CUST02140,1,81682,23169,7,3067
CUST02141,1,81735,25680,17,1464
CUST02142,3,88248,23967,10,2251
CUST02143,0,72480,12000,11,1001
CUST02144,3,87594,28970,14,1995
CUST02145,3,121280,22221,8,2406
CUST02146,2,121518,57277,27,2079
CUST02147,3,102444,22575,18,1175
CUST02148,3,136618,26713,7,3546
CUST02149,3,116748,9329,10,880
CUST02150,1,73308,19434,5,3239
CUST02151,3,95308,32255,8,3668
CUST02152,3,113280,22373,17,1271
CUST02153,0,48704,3140,10,295
CUST02154,1,56249,19015,13,1384
CUST02155,3,94543,15139,7,1926
CUST02156,0,94305,12000,12,893
CUST02157,1,65824,19918,11,1596
CUST02158,1,50158,34463,18,1860
CUST02159,2,183797,25000,26,939
CUST02160,1,48612,26983,11,2178
CUST02161,1,69447,37457,8,3990
CUST02162,1,97098,28203,13,2019
CUST02163,3,162579,24446,4,4523
CUST02164,1,80365,32463,10,3091
CUST02165,2,200293,49770,18,2657
CUST02166,0,60696,17165,15,1069
CUST02167,0,25000,9443,10,891
CUST02168,0,49500,12273,11,989
CUST02169,0,52807,3505,13,256
CUST02170,1,79375,35367,13,2555
CUST02171,0,73136,20606,17,1120
CUST02172,1,94803,32888,17,1874
CUST02173,2,120312,48026,22,2110
CUST02174,0,39920,10263,16,610
CUST02175,0,43828,6991,15,447
CUST02176,3,114012,25686,11,2115
CUST02177,1,96523,26584,17,1513
CUST02178,0,74636,9725,18,523
CUST02179,0,63113,4303,8,478
CUST02180,1,94679,38827,15,2382
CUST02181,3,73193,12000,17,662
CUST02182,2,148632,57383,30,1873
CUST02183,2,130868,31331,29,1050
CUST02184,3,87754,18341,5,3057
CUST02185,0,25000,8873,16,532
CUST02186,2,155545,49190,29,1653
CUST02187,0,84757,13550,19,679
CUST02188,2,186195,57004,27,2050
CUST02189,2,156331,32561,30,1066
CUST02190,3,123277,13728,12,1028
CUST02191,2,144986,31529,23,1330
CUST02192,3,132640,24584,10,2208
CUST02193,2,156664,45282,25,1719
CUST02194,0,80632,18599,11,1546
CUST02195,0,55944,6901,15,438
CUST02196,1,69470,29565,7,3860
CUST02197,1,75486,36085,12,2736
CUST02198,0,69574,3000,19,148
CUST02199,0,25000,10708,14,696
CUST02200,3,112161,22844,13,1627
CUST02201,0,93229,11093,10,1031
CUST02202,0,56593,3248,11,264
CUST02203,3,79614,22231,13,1540
CUST02204,0,50815,6296,16,377
CUST02205,1,74682,37643,15,2315
CUST02206,3,120312,19229,6,2922
CUST02207,3,123127,25059,8,2764
CUST02208,2,111613,42964,23,1779
CUST02209,1,74490,20578,5,3430
CUST02210,1,58482,26307,15,1654
CUST02211,1,92269,34586,10,3197
CUST02212,0,41843,7214,17,396
CUST02213,0,74390,14024,14,925
CUST02214,0,43578,6563,13,463
CUST02215,0,41125,5429,11,456
CUST02216,2,153282,69034,25,2606
CUST02217,3,174602,16585,7,1955
CUST02218,0,25306,10704,8,1189
CUST02219,3,97385,12295,6,1772
CUST02220,3,79350,22716,14,1522
CUST02221,3,146468,19798,8,2309
CUST02222,2,108684,29079,19,1445
CUST02223,0,79411,9783,17,537
CUST02224,0,54181,5033,8,559
CUST02225,1,40000,41015,9,4289
CUST02226,3,111860,18949,10,1661
CUST02227,1,78757,24586,15,1510
CUST02228,0,25000,5758,8,640
CUST02229,2,142574,48933,24,1972
CUST02230,2,210306,36152,22,1576
CUST02231,1,72367,26663,13,1962
CUST02232,0,48700,8018,8,891
CUST02233,0,37751,9058,16,521
CUST02234,2,160034,35667,30,1164
CUST02235,1,75663,25571,12,1894
CUST02236,0,37371,4231,27,154
CUST02237,2,168983,41784,19,2097
CUST02238,1,70946,27749,13,1939
CUST02239,0,43043,8208,17,469
CUST02240,1,70396,22564,10,2115
CUST02241,3,61209,13955,8,1498
CUST02242,2,83666,40062,24,1614
CUST02243,0,25049,5363,22,235
CUST02244,1,82942,30174,20,1453
CUST02245,0,35098,6739,12,501
CUST02246,1,117371,32523,12,2560
CUST02247,1,99623,29320,12,2174
CUST02248,2,129243,50864,24,2047
CUST02249,0,73997,16312,17,900
CUST02250,1,83513,29854,9,2909
CUST02251,0,52530,7993,15,510
CUST02252,2,152980,41797,19,2103
CUST02253,1,73890,38430,7,4919
CUST02254,3,116231,12147,11,1047
CUST02255,1,66863,23275,15,1446
CUST02256,1,68034,28658,13,2080
CUST02257,3,119842,14074,12,1071
CUST02258,1,52759,26147,14,1795
CUST02259,0,66388,6278,20,298
CUST02260,2,167793,29070,25,1134
CUST02261,3,166388,24043,6,3556
CUST02262,1,64087,27189,9,2824
CUST02263,3,101468,13385,8,1473
CUST02264,1,87370,42896,10,3883
CUST02265,3,156664,8507,7,1017
CUST02266,0,58870,7341,27,264
CUST02267,2,180431,61284,33,1826
CUST02268,3,134352,25631,11,2073
CUST02269,3,89453,14385,12,1135
CUST02270,2,151422,60740,16,3567
CUST02271,0,57615,12000,17,662
CUST02272,3,77958,20574,10,1799
CUST02273,1,68449,40592,10,3825
CUST02274,1,78975,32467,10,2937
CUST02275,1,51816,20107,10,1875
CUST02276,0,63112,8375,18,433
CUST02277,2,163703,48812,40,1200
CUST02278,0,60588,8978,14,609
CUST02279,2,148493,46976,23,1955
CUST02280,0,32785,10641,10,958
CUST02281,0,38267,6234,8,693
CUST02282,2,191465,41347,24,1684
CUST02283,2,170886,36530,37,963
CUST02284,3,90425,23639,14,1529
CUST02285,0,80806,12704,14,820
CUST02286,1,74551,31346,16,1888
CUST02287,3,141911,8000,9,767
CUST02288,3,166443,11078,11,961
CUST02289,2,179481,39464,19,2007
CUST02290,0,95180,23023,16,1392
CUST02291,1,75672,22506,11,1894
CUST02292,1,78216,29841,9,2931
CUST02293,0,78115,12000,15,765
CUST02294,3,105569,24004,12,1805
CUST02295,0,52706,12945,19,638
CUST02296,2,161472,56906,24,2235
CUST02297,3,89094,16170,5,2695
CUST02298,3,80684,19819,9,2037
CUST02299,0,83169,10845,15,669
CUST02300,0,52923,7494,12,558
CUST02301,3,101563,19653,15,1213
CUST02302,0,82709,20019,12,1580
CUST02303,3,109704,19745,8,2171
CUST02304,1,113529,32114,11,2613
CUST02305,3,103247,20138,7,2378
CUST02306,2,165218,38223,24,1527
CUST02307,0,57173,11586,17,641
CUST02308,3,85136,12000,9,1238
CUST02309,3,87885,17392,8,1870
CUST02310,0,42259,10367,17,564
CUST02311,0,35060,7776,10,708
CUST02312,3,91166,17207,10,1562
CUST02313,3,109329,24361,17,1334
CUST02314,1,54973,31479,11,2565
CUST02315,1,82312,30387,13,2120
CUST02316,1,86257,32533,10,3020
CUST02317,3,73741,18895,9,1858
CUST02318,1,73538,26478,9,2666
CUST02319,1,46697,28097,8,2999
CUST02320,0,38812,4896,8,544
CUST02321,1,76110,30135,13,2207
CUST02322,1,57542,23038,16,1375
CUST02323,0,90000,9013,13,644
CUST02324,2,165028,38486,32,1182
CUST02325,3,82559,18522,10,1697
CUST02326,1,75493,21270,6,3183
CUST02327,1,52552,29705,5,4579
CUST02328,0,55994,7574,8,842
CUST02329,2,158371,54278,21,2435
CUST02330,3,200000,15495,3,3467
CUST02331,2,175219,43660,27,1544
CUST02332,1,63233,27970,19,1419
CUST02333,3,105566,26716,15,1690
CUST02334,3,110058,17900,6,2456
CUST02335,1,50115,15772,10,1483
CUST02336,0,74642,22067,16,1322
CUST02337,1,83558,38350,15,2437
CUST02338,2,128186,68193,21,3108
CUST02339,1,57653,23801,18,1259
CUST02340,1,47906,17915,14,1183
CUST02341,0,50330,3577,8,397
CUST02342,3,70000,14602,10,1349
CUST02343,0,29835,8207,11,657
CUST02344,3,108404,26311,15,1663
CUST02345,3,93936,17964,5,2863
CUST02346,2,116804,31769,22,1367
CUST02347,0,31990,10314,13,750
CUST02348,3,132656,17855,6,2552
CUST02349,0,55028,11496,17,630
CUST02350,1,82536,32809,14,2226
CUST02351,3,84539,24365,10,2194
CUST02352,3,134564,19459,11,1613
CUST02353,3,138605,14631,7,1778
CUST02354,0,68494,11345,8,1261
CUST02355,0,37393,9715,8,1079
CUST02356,0,50505,9799,21,446
CUST02357,3,100934,21072,11,1816
CUST02358,0,64821,9034,9,898
CUST02359,0,56346,12759,15,805
CUST02360,0,60063,5302,20,257
CUST02361,1,93382,42370,6,6302
CUST02362,0,41150,8254,16,491
CUST02363,1,46254,21146,10,1928
CUST02364,2,167093,57898,29,1912
CUST02365,0,34948,11256,22,487
CUST02366,0,25000,6991,8,777
CUST02367,1,74258,33600,5,5600
CUST02368,0,35594,5824,15,356
CUST02369,1,49049,30142,13,2116
CUST02370,0,37950,7727,14,516
CUST02371,3,132840,16478,8,1827
CUST02372,0,49775,9901,10,865
CUST02373,3,101730,23523,16,1353
CUST02374,0,96372,16300,17,929
CUST02375,0,79200,8286,19,408
CUST02376,0,25028,8405,19,422
CUST02377,3,113485,12000,10,1124
CUST02378,1,57630,33486,14,2194
CUST02379,3,82525,18488,12,1469
CUST02380,3,110862,22221,11,1863
CUST02381,0,62324,14735,19,745
CUST02382,0,46433,5699,20,271
CUST02383,0,60429,7571,21,337
CUST02384,0,58971,10270,14,678
CUST02385,1,84570,30502,12,2372
CUST02386,0,55009,18970,18,995
CUST02387,0,54452,12732,20,619
CUST02388,2,178070,35114,29,1171
CUST02389,3,167785,8000,10,737
CUST02390,0,50433,7570,13,556
CUST02391,3,113005,17944,12,1366
CUST02392,2,136431,43791,30,1430
CUST02393,0,61102,16178,19,801
CUST02394,0,58336,13746,10,1239
CUST02395,3,94735,13325,11,1123
CUST02396,3,88518,26364,8,2842
CUST02397,3,130539,14681,9,1479
CUST02398,0,54282,9820,24,392
CUST02399,1,120744,35527,9,3629
CUST02400,1,72659,35930,17,1967
CUST02401,1,64977,32489,10,3008
CUST02402,0,67636,12000,12,944
CUST02403,0,31528,4506,10,417
CUST02404,1,84282,30520,20,1485
CUST02405,3,86465,22593,10,2138
CUST02406,1,91197,32287,10,3018
CUST02407,2,124505,47388,22,2046
CUST02408,0,104143,8000,10,761
CUST02409,3,88092,15916,6,2293
CUST02410,3,95666,12596,11,1042
CUST02411,0,72519,5214,8,579
CUST02412,3,137321,19203,9,1905
CUST02413,3,72452,16306,5,2718
CUST02414,3,110592,26547,8,2931
CUST02415,1,57811,38411,15,2408
CUST02416,3,87684,19947,8,2107
CUST02417,1,40000,19879,15,1274
CUST02418,3,68736,20108,11,1621
CUST02419,1,50758,26761,9,2681
CUST02420,0,27178,15083,19,757
CUST02421,1,85478,33803,17,1895
CUST02422,0,47959,10778,14,723
CUST02423,2,132878,25000,21,1155
CUST02424,0,76189,8229,18,438
CUST02425,2,160010,45519,29,1542
CUST02426,0,39484,7637,12,581
CUST02427,0,70749,20110,13,1421
CUST02428,1,78376,38461,13,2777
CUST02429,0,38716,10452,18,542
CUST02430,1,87520,22081,5,3936
CUST02431,3,64200,17074,11,1381
CUST02432,2,205469,35086,27,1258
CUST02433,1,88620,25599,8,2699
CUST02434,1,73955,28928,19,1459
CUST02435,3,94664,19217,15,1196
CUST02436,3,147050,15690,6,2097
CUST02437,3,85843,23668,12,1842
CUST02438,1,82600,23071,8,2521
CUST02439,3,84015,24382,12,1866
CUST02440,3,97093,15324,6,2136
CUST02441,3,146744,22583,9,2339
CUST02442,3,117922,24912,14,1615
CUST02443,0,75263,3763,13,279
CUST02444,0,53764,10954,10,1010
CUST02445,2,203876,35269,15,2169
CUST02446,0,52643,3000,16,178
CUST02447,3,90450,13771,11,1196
CUST02448,3,111825,21052,3,5263
CUST02449,3,102756,19713,8,2085
CUST02450,3,94826,16384,16,965
CUST02451,3,70000,15136,11,1243
CUST02452,0,30128,5696,8,633
CUST02453,0,31333,3000,21,136
CUST02454,2,176321,27392,27,993
CUST02455,0,60951,7456,8,828
CUST02456,2,132865,55241,23,2284
CUST02457,3,131789,16671,10,1486
CUST02458,3,81935,15218,10,1360
CUST02459,3,106022,29052,10,2729
CUST02460,0,53416,13352,19,661
CUST02461,0,52345,12221,14,822
CUST02462,3,118151,25705,8,2970
CUST02463,0,37372,9563,20,452
CUST02464,3,135967,20762,10,1960
CUST02465,1,90617,27639,16,1658
CUST02466,0,27768,9499,15,601
CUST02467,2,94774,41209,23,1684
CUST02468,1,85678,27394,10,2545
CUST02469,0,31746,5531,15,343
CUST02470,2,150862,56857,30,1842
CUST02471,0,29955,10311,16,606
CUST02472,3,138285,23100,11,1882
CUST02473,0,87837,16189,16,933
CUST02474,1,44801,28073,15,1710
CUST02475,3,92538,26443,16,1554
CUST02476,1,60261,22540,7,2682
CUST02477,0,64954,11628,10,1024
CUST02478,2,127339,37300,27,1356
CUST02479,1,67485,27136,18,1433
CUST02480,1,66925,23742,10,2257
CUST02481,3,70188,19888,19,981
CUST02482,0,45221,5637,12,443
CUST02483,0,59016,5642,13,391
CUST02484,0,25000,10581,25,414
CUST02485,3,136374,22118,7,2638
CUST02486,2,117568,45818,25,1758
CUST02487,0,82478,22350,15,1419
CUST02488,0,49613,8418,18,435
CUST02489,0,46324,4579,21,209
CUST02490,0,43574,12590,9,1282
CUST02491,3,121990,15670,6,2253
CUST02492,0,73363,17420,14,1129
CUST02493,1,57379,31266,9,3224
CUST02494,3,154659,20184,12,1502
CUST02495,3,93712,18786,6,2690
CUST02496,3,133829,22386,6,3168
CUST02497,3,145675,14491,8,1693
CUST02498,0,50205,10034,13,736
CUST02499,0,42223,10476,11,868
CUST02500,1,74527,30365,16,1823
CUST02501,2,136614,37151,24,1492
CUST02502,0,83125,8164,17,466
CUST02503,3,110856,31205,14,2136
CUST02504,1,65170,31875,9,3250
CUST02505,1,57753,38163,20,1793
CUST02506,0,45303,3317,13,234
CUST02507,3,79796,24313,11,2088
CUST02508,3,108281,22381,12,1715
CUST02509,3,115115,13186,7,1572
CUST02510,3,79249,18918,10,1651
CUST02511,0,54210,15196,17,852
CUST02512,1,89599,24278,12,1900
CUST02513,3,62787,7315,8,813
CUST02514,3,130505,8000,6,1077
CUST02515,1,85798,30755,11,2479
CUST02516,3,118774,8000,6,1156
CUST02517,0,39800,7804,15,488
CUST02518,0,33256,11183,25,435
CUST02519,1,83697,29733,8,3267
CUST02520,1,82367,23234,10,2042
CUST02521,0,57222,5360,8,596
CUST02522,3,129042,26140,5,4719
CUST02523,0,63699,7211,22,310
CUST02524,0,76576,23375,15,1472
CUST02525,0,45482,8839,24,358
CUST02526,0,90065,12000,13,874
CUST02527,0,50087,4922,17,274
CUST02528,0,40362,7009,8,779
CUST02529,3,114254,30808,13,2185
CUST02530,3,128892,8000,5,1320
CUST02531,1,76872,23705,8,2500
CUST02532,3,91871,20563,12,1561
CUST02533,0,58992,3000,16,181
CUST02534,0,51123,8895,22,382
CUST02535,1,51555,30526,9,3213
CUST02536,0,71801,4098,18,217
CUST02537,0,49442,3000,15,189
CUST02538,3,168379,8837,7,1110
CUST02539,3,109859,24096,11,1947
CUST02540,0,34741,6906,18,373
CUST02541,2,134700,44193,19,2215
CUST02542,0,44308,7328,15,470
CUST02543,3,95144,18198,11,1503
CUST02544,0,70178,9442,17,536
CUST02545,1,64404,25324,10,2379
CUST02546,3,88671,19328,5,3221
CUST02547,2,88856,32053,24,1265
CUST02548,3,130899,18663,10,1667
CUST02549,3,80963,25867,10,2374
CUST02550,1,58651,28691,9,2862
CUST02551,0,52085,8116,17,460
CUST02552,1,25000,12307,10,1151
CUST02553,1,96603,33796,6,4755
CUST02554,3,105438,22383,17,1279
CUST02555,0,44949,12228,12,922
CUST02556,1,92361,29201,6,4346
CUST02557,0,80715,3000,21,133
CUST02558,1,62791,29844,6,4276
CUST02559,0,62349,7055,10,625
CUST02560,0,43593,15268,20,737
CUST02561,0,88470,14290,16,837
CUST02562,0,52228,7964,9,829
CUST02563,3,87723,21454,17,1164
CUST02564,3,97838,34902,16,2040
CUST02565,1,93207,28381,19,1438
CUST02566,0,62733,6339,8,670
CUST02567,0,39026,8157,25,319
CUST02568,1,65889,40677,13,2842
CUST02569,1,80919,35071,6,5264
CUST02570,3,95058,22379,17,1213
CUST02571,0,57098,9531,18,512
CUST02572,1,82000,37902,14,2522
CUST02573,0,49498,8741,20,417
CUST02574,3,148840,17591,9,1759
CUST02575,0,35414,7299,13,540
CUST02576,1,90550,37632,9,3926
CUST02577,2,130121,44756,23,1875
CUST02578,0,59002,10971,13,778
CUST02579,0,39241,7984,14,532
CUST02580,1,76993,33705,17,1859
CUST02581,1,52676,37785,25,1453
CUST02582,1,81855,26052,15,1583
CUST02583,0,60036,5697,16,336
CUST02584,2,158675,25000,30,798
CUST02585,0,65047,12816,9,1278
CUST02586,0,104072,12000,12,946
CUST02587,3,136623,19114,10,1818
CUST02588,3,161910,21573,3,5393
CUST02589,0,40807,8488,11,701
CUST02590,0,57720,8541,14,566
CUST02591,0,25000,6658,17,362
CUST02592,1,76991,31612,11,2606
CUST02593,2,108043,45596,20,2181
CUST02594,1,60021,38748,9,4054
CUST02595,0,63657,8062,10,743
CUST02596,0,48371,5313,11,426
CUST02597,2,168180,45406,23,1908
CUST02598,3,85688,8413,9,876
CUST02599,0,27756,11699,12,870
CUST02600,3,89695,22121,12,1710
CUST02601,0,49446,7271,21,331
CUST02602,1,82130,27691,13,1914
CUST02603,0,56697,5948,20,289
CUST02604,2,158576,44727,29,1483
CUST02605,3,103372,12000,11,1007
CUST02606,1,88122,38271,13,2660
CUST02607,0,70745,14770,18,792
CUST02608,3,121150,19676,6,3017
CUST02609,1,60461,33896,16,2005
CUST02610,0,89184,15493,11,1255
CUST02611,3,95401,22342,8,2454
CUST02612,2,112257,30673,19,1554
CUST02613,3,128404,24480,5,3789
CUST02614,0,48549,9548,16,560
CUST02615,3,81357,18014,3,4503
CUST02616,3,111949,17228,11,1495
CUST02617,3,73516,13071,12,973
CUST02618,0,66969,3530,15,224
CUST02619,3,58226,18085,13,1280
CUST02620,0,44655,9402,16,538
CUST02621,2,128905,30863,20,1485
CUST02622,3,149319,19911,4,4024
CUST02623,3,121173,23675,5,3810
CUST02624,0,47601,6712,8,746
CUST02625,0,48416,9287,14,602
CUST02626,0,40242,3791,13,269
CUST02627,1,25000,18000,20,841
CUST02628,3,106793,14764,6,2065
CUST02629,1,84367,28934,12,2207
CUST02630,1,70816,34260,14,2253
CUST02631,3,125727,14846,6,1982
CUST02632,1,61477,20975,14,1412
CUST02633,0,106099,12000,16,715
CUST02634,3,106295,14096,3,3524
CUST02635,1,71568,31867,14,2117
CUST02636,0,83102,8141,20,382
CUST02637,0,43730,9160,21,408
CUST02638,1,88227,37627,15,2304
CUST02639,0,38017,6919,13,487
CUST02640,1,62625,35822,15,2301
CUST02641,1,85473,30249,7,3651
CUST02642,1,73050,32407,15,2021
CUST02643,0,33242,6163,23,262
CUST02644,1,102218,33556,12,2550
CUST02645,0,39595,7525,20,356
CUST02646,0,56435,12692,17,698
CUST02647,3,111492,30967,9,3125
CUST02648,1,110322,31885,10,2980
CUST02649,1,96436,21468,4,4423
CUST02650,3,133770,15015,6,2033
CUST02651,0,53698,3000,14,205
CUST02652,1,81288,32309,15,2041
CUST02653,0,25000,7062,18,368
CUST02654,3,127543,16612,14,1116
CUST02655,1,91258,30456,13,2225
CUST02656,1,71270,45000,8,4993
CUST02657,3,84283,17069,12,1286
CUST02658,3,126732,28357,4,5224
CUST02659,0,71959,8131,12,624
CUST02660,0,68110,17639,12,1327
CUST02661,0,60911,12000,17,651
CUST02662,0,46528,8266,11,663
CUST02663,3,108059,24452,10,2186
CUST02664,3,139298,15509,10,1464
CUST02665,2,185851,34552,34,977
CUST02666,0,60538,7165,8,796
CUST02667,3,118383,23075,7,2970
CUST02668,3,129190,11882,12,947
CUST02669,1,63615,22815,18,1191
CUST02670,0,65687,8591,12,678
CUST02671,3,91620,33893,16,1944
CUST02672,0,60441,19090,17,1084
CUST02673,2,129708,61699,23,2569
CUST02674,1,57974,18195,7,2186
CUST02675,0,53727,3000,17,163
CUST02676,0,64290,8421,14,580
CUST02677,1,74654,27454,12,2139
CUST02678,3,107664,20694,12,1596
CUST02679,2,170245,45030,15,2814
CUST02680,0,86989,7038,17,389
CUST02681,2,179177,41836,25,1611
CUST02682,3,118064,8743,13,644
CUST02683,1,73987,25586,12,1914
CUST02684,2,193313,71017,21,3268
CUST02685,0,53799,12187,15,778
CUST02686,3,107603,18242,10,1644
CUST02687,3,81980,18757,7,2385
CUST02688,3,123077,16056,17,904
CUST02689,0,41221,7238,8,804
CUST02690,1,105039,29705,6,3979
CUST02691,3,63988,22715,14,1521
CUST02692,3,131720,27321,6,4167
CUST02693,1,76759,33911,15,2065
CUST02694,2,182209,50383,15,3149
CUST02695,0,67459,20278,18,1089
CUST02696,3,159716,22192,6,3382
CUST02697,1,55410,36359,13,2626
CUST02698,3,87989,13144,3,3286
CUST02699,1,58110,37466,5,6244
CUST02700,0,31935,8911,15,572
CUST02701,3,62406,16284,8,1868
CUST02702,3,100228,23081,10,2010
CUST02703,0,61194,6509,21,289
CUST02704,3,101081,13052,3,3263
CUST02705,2,169756,40567,19,2076
CUST02706,3,110178,28641,15,1822
CUST02707,0,42708,11781,17,641
CUST02708,0,57911,12000,9,1162
CUST02709,0,83599,6257,13,437
CUST02710,3,171324,24213,5,4297
CUST02711,0,88567,12000,16,722
CUST02712,0,90540,12000,20,559
CUST02713,0,52091,7116,16,420
CUST02714,1,72005,34728,9,3322
CUST02715,0,88000,26628,18,1404
CUST02716,3,124192,27681,7,3328
CUST02717,3,72386,16337,8,1824
CUST02718,3,86299,22597,10,1998
CUST02719,3,75336,23329,16,1392
CUST02720,3,121233,22032,6,3092
CUST02721,2,158693,52717,24,2118
CUST02722,3,99402,20924,7,2613
CUST02723,3,93013,19724,9,1896
CUST02724,1,101114,29538,7,3868
CUST02725,0,97143,25578,22,1116
CUST02726,1,63086,22336,11,1847
CUST02727,1,77324,29190,12,2224
CUST02728,3,103793,12000,8,1364
CUST02729,3,145046,14422,4,2735
CUST02730,1,57454,19133,9,1980
CUST02731,0,41302,7204,15,447
CUST02732,1,67985,44589,11,3696
CUST02733,2,190669,43604,20,2076
CUST02734,1,88066,22171,12,1673
CUST02735,1,77485,29872,13,2075
CUST02736,3,73530,14531,13,1012
CUST02737,0,65476,8443,20,411
CUST02738,0,35307,5740,8,638
CUST02739,3,90480,24093,13,1684
CUST02740,3,146629,12247,7,1463
CUST02741,3,128464,8999,7,1150
CUST02742,3,159746,24422,13,1795
CUST02743,0,71320,25982,18,1357
CUST02744,1,44411,32447,14,2187
CUST02745,0,25000,5884,10,553
CUST02746,0,75140,8171,19,411
CUST02747,0,56399,10622,9,1021
CUST02748,0,55532,6702,12,507
CUST02749,3,177041,8000,8,924
CUST02750,0,62273,9344,15,591
CUST02751,1,86616,23966,12,1822
CUST02752,0,63207,9050,17,506
CUST02753,0,66239,6536,20,309
CUST02754,3,81276,23747,10,2207
CUST02755,1,75640,43664,16,2626
CUST02756,1,76935,23537,10,2131
CUST02757,2,150850,47674,29,1569
CUST02758,3,94735,19537,13,1397
CUST02759,2,116683,28070,30,903
CUST02760,2,132228,53952,27,1894
CUST02761,3,109874,28500,14,1861
CUST02762,1,93070,27781,5,4630
CUST02763,0,63548,7955,14,522
CUST02764,1,81315,25612,14,1700
CUST02765,3,87457,22187,13,1540
CUST02766,3,79817,21862,17,1208
CUST02767,0,39544,9176,12,729
CUST02768,3,120443,27939,14,1866
CUST02769,1,85931,32706,5,5451
CUST02770,0,78014,19841,13,1378
CUST02771,0,39459,13948,8,1550
CUST02772,1,64631,20760,6,2818
CUST02773,0,61763,8239,14,545
CUST02774,0,40000,12000,14,788
CUST02775,0,38484,6877,18,369
CUST02776,3,104242,26190,11,2239
CUST02777,3,142600,19340,5,3444
CUST02778,0,56561,19960,12,1536
CUST02779,1,83829,33585,17,1886
CUST02780,1,76874,33884,13,2495
CUST02781,1,40000,24996,11,2065
CUST02782,3,107116,19010,16,1130
CUST02783,0,39346,5513,23,230
CUST02784,0,51713,11181,16,657
CUST02785,0,63530,8961,23,369
CUST02786,0,77067,9538,13,693
CUST02787,3,106886,22143,8,2571
CUST02788,3,80480,20106,10,1905
CUST02789,1,53007,28464,16,1706
CUST02790,0,45775,10162,14,668
CUST02791,1,99359,31107,10,2958
CUST02792,0,52691,10233,15,653
CUST02793,1,50975,19863,12,1496
CUST02794,0,66793,5204,12,403
CUST02795,0,103100,12000,9,1190
CUST02796,2,181609,48741,15,3046
CUST02797,3,97936,22938,9,2353
CUST02798,3,73855,12000,15,736
CUST02799,1,68266,24916,17,1399
CUST02800,3,131445,21001,11,1824
CUST02801,0,48785,9013,17,497
CUST02802,0,65230,7178,8,798
CUST02803,1,81552,33885,8,3750
CUST02804,0,47642,7851,12,591
CUST02805,3,91741,12000,16,705
CUST02806,1,99908,37434,10,3434
CUST02807,3,140388,11669,11,1000
CUST02808,0,25000,5924,12,461
CUST02809,3,139484,27591,11,2344
CUST02810,3,78596,23203,7,2785
CUST02811,3,99757,23713,6,3339
CUST02812,0,54113,8179,17,455
CUST02813,0,50663,12005,12,892
CUST02814,1,95627,36727,8,4061
CUST02815,0,52719,3020,9,300
CUST02816,0,54041,8674,14,570
CUST02817,0,48047,13775,17,762
CUST02818,3,119940,12715,7,1661
CUST02819,1,66315,25247,6,3876
CUST02820,3,122167,18116,7,2300
CUST02821,3,53064,12000,10,1053
CUST02822,3,100592,23290,16,1402
CUST02823,3,131237,13336,12,1028
CUST02824,0,42925,12000,9,1248
CUST02825,3,117414,22528,9,2213
CUST02826,0,59590,5623,23,237
CUST02827,2,126651,67105,33,1963
CUST02828,1,64504,25003,5,4167
CUST02829,1,57005,24427,10,2325
CUST02830,3,143750,22157,7,2622
CUST02831,3,112123,28064,7,3305
CUST02832,0,41881,5954,8,662
CUST02833,0,90000,9368,21,433
CUST02834,3,123310,35445,14,2331
CUST02835,3,105152,24933,19,1266
CUST02836,0,59460,4329,8,466
CUST02837,2,124249,37950,32,1148
CUST02838,3,98986,12021,14,794
CUST02839,1,62068,27247,14,1782
CUST02840,0,40848,8013,8,890
CUST02841,2,182745,53534,27,1930
CUST02842,3,106177,18085,13,1314
CUST02843,2,206435,53157,26,1934
CUST02844,0,42986,3000,8,333
CUST02845,1,56282,25765,16,1535
CUST02846,1,58434,27145,8,3094
CUST02847,3,77506,28375,21,1307
CUST02848,1,75228,27012,13,1881
CUST02849,1,48048,19252,6,2837
CUST02850,1,80891,36796,11,3011
CUST02851,3,67752,19984,11,1697
CUST02852,1,100146,36472,15,2298
CUST02853,0,27862,11566,12,880
CUST02854,0,82429,20296,11,1647
CUST02855,0,64942,8175,20,390
CUST02856,0,25000,6585,12,510
CUST02857,0,38294,8721,12,667
CUST02858,1,49487,32491,9,3253
CUST02859,0,34905,5819,10,517
CUST02860,0,40109,9615,15,596
CUST02861,3,130109,20534,9,1976
CUST02862,3,93420,18108,5,3018
CUST02863,0,41492,3923,22,171
CUST02864,1,68202,21641,11,1738
CUST02865,0,41988,12176,20,579
CUST02866,0,51068,12328,8,1370
CUST02867,2,92185,36615,21,1673
CUST02868,0,46959,6504,22,280
CUST02869,3,89601,20855,16,1243
CUST02870,1,64434,26825,14,1822
CUST02871,1,70645,24088,10,2112
CUST02872,3,82912,23297,5,3883
CUST02873,2,187383,52589,23,2209
CUST02874,0,47774,3000,20,143
CUST02875,0,65916,7389,16,432
CUST02876,1,75186,25836,14,1706
CUST02877,0,48915,5032,17,287
CUST02878,0,29925,9240,18,483
CUST02879,0,51738,9153,16,551
CUST02880,0,40995,8452,8,939
CUST02881,0,63535,7906,13,545
CUST02882,0,69841,4299,16,251
CUST02883,3,58953,12000,11,994
CUST02884,1,60360,26422,22,1169
CUST02885,1,68162,23617,12,1847
CUST02886,3,101900,19477,5,3306
CUST02887,1,74732,37838,14,2592
CUST02888,0,55935,10237,8,1089
CUST02889,0,48257,7262,12,562
CUST02890,1,96218,31705,18,1710
CUST02891,3,115398,27359,11,2258
CUST02892,0,123298,8000,13,579
CUST02893,3,95442,8000,7,1016
CUST02894,0,66265,18643,14,1233
CUST02895,0,58739,21528,14,1461
CUST02896,0,56036,6241,13,435
CUST02897,1,65867,20951,5,3446
CUST02898,1,87332,33666,16,1936
CUST02899,3,137652,21713,10,2018
CUST02900,3,123497,12863,7,1604
CUST02901,3,86102,19910,21,894
CUST02902,3,105374,25273,11,2079
CUST02903,1,100308,32119,16,1924
CUST02904,0,42127,11486,11,957
CUST02905,3,118798,18758,5,3329
CUST02906,1,81699,26035,5,4339
CUST02907,3,87128,17377,7,2106
CUST02908,3,61884,19288,6,2706
CUST02909,1,90736,25811,15,1644
CUST02910,1,66402,31575,18,1622
CUST02911,1,73913,43413,13,3104
CUST02912,0,33883,6366,19,318
CUST02913,3,109552,23173,11,1997
CUST02914,1,91449,41142,7,5327
CUST02915,0,46009,11573,18,596
CUST02916,2,119205,55725,28,1939
CUST02917,1,87507,31704,10,2822
CUST02918,1,79760,21322,9,2056
CUST02919,0,92243,12382,13,859
CUST02920,0,65837,10083,13,715
CUST02921,0,50057,9135,13,636
CUST02922,1,129568,38902,15,2431
CUST02923,3,145237,20458,10,1875
CUST02924,1,64804,21196,15,1336
CUST02925,1,71523,30428,5,5071
CUST02926,0,48102,10141,18,534
CUST02927,1,40000,20701,10,1824
CUST02928,1,49883,32950,13,2320
CUST02929,3,66359,18400,15,1158
CUST02930,3,121781,14355,11,1184
CUST02931,3,84110,20830,10,1823
CUST02932,2,122335,25000,31,784
CUST02933,0,69744,10419,12,797
CUST02934,3,90694,22704,13,1616
CUST02935,3,151885,23287,6,3241
CUST02936,2,133344,48074,18,2550
CUST02937,2,182000,65134,22,2854
CUST02938,1,68613,23653,19,1156
CUST02939,0,71878,12000,9,1161
CUST02940,3,116809,19257,9,1921
CUST02941,1,84598,38429,9,3733
CUST02942,0,44852,12328,12,913
CUST02943,0,39112,5791,21,268
CUST02944,3,85857,15672,14,1062
CUST02945,1,71084,25004,12,1988
CUST02946,2,120724,25063,21,1153
CUST02947,1,92595,31462,15,1947
CUST02948,3,116446,18645,4,3735
CUST02949,3,130012,23918,7,2947
CUST02950,0,79560,7974,27,288
CUST02951,1,53702,16740,11,1386
CUST02952,0,59645,8501,8,945
CUST02953,1,65354,19480,13,1389
CUST02954,0,26405,13621,19,677
CUST02955,3,76906,12795,15,776
CUST02956,1,92587,38322,9,3973
CUST02957,1,70497,45000,15,2816
CUST02958,3,84151,29684,12,2220
CUST02959,1,51611,25143,16,1459
CUST02960,0,34202,9665,16,580
CUST02961,3,75384,21900,12,1738
CUST02962,3,79406,19105,12,1457
CUST02963,1,67878,29588,13,2163
CUST02964,0,65643,3000,8,333
CUST02965,3,143740,22337,4,4229
CUST02966,0,75430,10395,17,579
CUST02967,3,71085,16132,5,2689
CUST02968,0,47023,11232,12,872
CUST02969,0,48870,9206,22,406
CUST02970,0,86679,13633,17,741
CUST02971,1,65305,23983,8,2733
CUST02972,3,87898,29229,16,1752
CUST02973,1,73810,38003,13,2665
CUST02974,2,141933,38610,25,1487
CUST02975,3,80402,19984,9,1936
CUST02976,1,68778,30817,15,1932
CUST02977,3,57905,12000,6,1671
CUST02978,0,32777,3762,18,203
CUST02979,3,103933,25831,20,1207
CUST02980,1,102893,46417,17,2523
CUST02981,3,111393,27255,14,1838
CUST02982,1,63931,31544,13,2184
CUST02983,0,54252,4468,16,258
CUST02984,0,46057,8560,19,418
CUST02985,3,100664,23707,12,1841
CUST02986,3,149869,15895,6,2131
CUST02987,0,31184,9038,26,335
CUST02988,3,142035,8774,4,1666
CUST02989,1,60122,30181,16,1820
CUST02990,1,63566,30626,14,2081
CUST02991,0,66898,4595,10,407
CUST02992,3,102469,28748,13,2032
CUST02993,1,64673,34720,16,2072
CUST02994,3,115462,21506,13,1533
CUST02995,3,62124,12120,11,996
CUST02996,3,117172,21549,7,2551
CUST02997,1,93735,33660,8,3815
CUST02998,1,93945,30885,9,3185
CUST02999,0,55206,6226,14,414
CUST03000,3,82796,12000,7,1418
CUST03001,0,34429,7542,10,684
CUST03002,0,77581,9201,18,486
CUST03003,1,40420,45000,13,3233
CUST03004,1,40000,28120,14,1862
CUST03005,1,43619,43193,9,4316
CUST03006,1,82404,45000,8,4880
CUST03007,1,66878,19636,5,3164
CUST03008,0,50745,9530,15,592
CUST03009,1,102419,35390,13,2505
CUST03010,1,71354,23039,11,1938
CUST03011,2,78337,24441,23,1029
CUST03012,1,58360,22220,11,1893
CUST03013,1,67043,30298,11,2430
CUST03014,2,119363,42513,25,1618
CUST03015,1,74413,28592,17,1554
CUST03016,3,129334,23059,9,2349
CUST03017,0,82051,19170,11,1665
CUST03018,3,168530,14203,3,3551
CUST03019,0,32008,5038,18,272
CUST03020,0,85676,13400,18,711
CUST03021,3,82471,16307,17,905
CUST03022,1,83946,37898,8,4134
CUST03023,3,86487,17929,11,1529
CUST03024,2,138200,50367,22,2159
CUST03025,0,61214,6433,18,341
CUST03026,3,102693,21893,7,2755
CUST03027,3,132649,28880,9,2840
CUST03028,3,152266,22780,5,3793
CUST03029,0,51967,8757,10,813
CUST03030,3,80468,17907,13,1289
CUST03031,1,74363,44409,12,3392
CUST03032,0,60998,8785,18,474
CUST03033,1,55830,30610,17,1684
CUST03034,3,93117,11808,8,1316
CUST03035,0,26596,5190,16,297
CUST03036,3,103904,12000,9,1160
CUST03037,2,131654,47338,25,1824
CUST03038,0,47551,9868,19,495
CUST03039,3,118652,16544,11,1357
CUST03040,1,72498,28020,8,3070
CUST03041,2,107077,49446,30,1612
CUST03042,1,95480,26308,16,1572
CUST03043,1,93307,40708,19,2010
CUST03044,3,98308,24529,5,4088
CUST03045,2,135638,44909,27,1630
CUST03046,1,65885,19533,9,1953
CUST03047,3,85679,26218,13,1827
CUST03048,1,58057,21030,5,3353
CUST03049,3,126619,14532,12,1110
CUST03050,3,93344,13341,8,1475
CUST03051,1,73297,30435,12,2284
CUST03052,3,115680,23595,11,1888
CUST03053,0,37439,11341,13,827
CUST03054,2,193602,25245,26,928
CUST03055,1,69002,35251,7,4154
CUST03056,2,167177,50925,20,2394
CUST03057,0,79859,20011,15,1277
CUST03058,0,69258,7656,20,372
CUST03059,1,59288,24390,10,2322
CUST03060,3,126934,14774,3,3694
CUST03061,0,64394,10852,13,753
CUST03062,3,113544,18156,19,907
CUST03063,3,116242,19257,6,2660
CUST03064,1,65797,31440,12,2429
CUST03065,1,82928,23014,12,1799
CUST03066,0,66832,18018,13,1294
CUST03067,3,125606,21108,6,3009
CUST03068,3,121929,13518,11,1135
CUST03069,3,100541,25965,10,2291
CUST03070,0,99853,12000,14,807
CUST03071,3,133407,21992,10,1957
CUST03072,1,97834,34660,15,2137
CUST03073,1,77334,25152,15,1586
CUST03074,3,94250,21575,11,1745
CUST03075,1,40177,24938,9,2558
CUST03076,2,140767,58282,33,1731
CUST03077,3,98998,21870,10,2005
CUST03078,0,44169,5629,11,475
CUST03079,0,77062,5835,13,426
CUST03080,0,53597,7468,24,300
CUST03081,0,64983,3000,10,278
CUST03082,0,77820,9739,11,814
CUST03083,0,51450,10240,15,624
CUST03084,3,101793,18417,12,1408
CUST03085,1,79343,24613,13,1789
CUST03086,3,82208,28852,15,1806
CUST03087,2,159808,45768,25,1729
CUST03088,3,76329,12000,9,1255
CUST03089,0,45828,5840,13,426
CUST03090,3,66574,18291,8,1983
CUST03091,0,47729,5398,13,398
CUST03092,1,63821,45000,21,2035
CUST03093,0,44293,8659,18,450
CUST03094,0,45658,8890,22,382
CUST03095,1,67679,20244,17,1103
CUST03096,1,53751,15334,14,1057
CUST03097,3,95303,16091,9,1655
CUST03098,0,58026,18881,11,1597
CUST03099,3,156273,15095,5,2526
CUST03100,3,99143,16462,9,1611
CUST03101,0,52579,5162,14,334
CUST03102,2,122440,57188,25,2186
CUST03103,1,88446,35267,15,2165
CUST03104,0,85386,21471,12,1688
CUST03105,1,105904,29056,7,3812
CUST03106,2,153660,45760,28,1594
CUST03107,2,140714,49405,34,1424
CUST03108,1,75083,26249,16,1545
CUST03109,3,72775,16027,9,1618
CUST03110,1,71906,38953,20,1848
CUST03111,3,136635,12050,8,1374
CUST03112,3,72136,14156,10,1279
CUST03113,0,37455,3000,13,208
CUST03114,3,131562,15069,8,1667
CUST03115,3,104857,19963,17,1128
CUST03116,2,184780,31660,22,1399
CUST03117,3,88388,18335,6,2668
CUST03118,2,164369,52276,26,1923
CUST03119,0,56992,8567,16,491
CUST03120,0,45857,14935,18,769
CUST03121,2,96638,38762,26,1456
CUST03122,0,25000,3692,16,221
CUST03123,3,111158,29346,19,1447
CUST03124,1,68508,28310,18,1473
CUST03125,1,74896,24263,9,2484
CUST03126,2,193409,58902,32,1782
CUST03127,0,60784,16007,14,1036
CUST03128,3,117284,28528,11,2403
CUST03129,1,108172,31985,9,3355
CUST03130,1,73432,29401,11,2384
CUST03131,1,77609,29197,7,3454
CUST03132,2,156575,50562,35,1398
CUST03133,2,173126,40719,30,1321
CUST03134,1,64625,29064,11,2499
CUST03135,3,89266,19757,13,1459
CUST03136,1,49269,37264,5,6211
CUST03137,3,79643,18797,12,1419
CUST03138,1,70743,36379,10,3211
CUST03139,3,87669,21892,12,1673
CUST03140,3,71286,12000,14,810
CUST03141,1,101546,35684,17,1995
CUST03142,3,113303,13352,8,1530
CUST03143,3,129895,8000,9,784
CUST03144,3,100208,12000,6,1694
CUST03145,0,50612,12502,17,711
CUST03146,1,56907,25091,8,2783
CUST03147,1,71522,31230,9,3146
CUST03148,1,100901,27921,9,2697
CUST03149,0,32291,10384,8,1154
CUST03150,3,134568,24866,8,2771
CUST03151,3,157585,16654,7,2198
CUST03152,3,139553,17249,15,1068
CUST03153,0,70675,3000,19,150
CUST03154,0,25000,3000,8,333
CUST03155,0,48591,10185,17,576
CUST03156,0,59204,15365,15,959
CUST03157,0,49597,5232,24,211
CUST03158,3,101051,18835,15,1192
CUST03159,2,164800,61726,23,2539
CUST03160,0,28272,8737,12,688
CUST03161,3,121502,19746,8,2318
CUST03162,3,84224,22774,16,1320
CUST03163,3,117552,21027,10,1981
CUST03164,0,74941,3000,12,230
CUST03165,3,117342,12613,10,1188
CUST03166,3,90087,18116,18,964
CUST03167,0,100439,16078,13,1188
CUST03168,0,44050,3000,14,199
CUST03169,3,91913,12129,9,1192
CUST03170,3,75153,16388,8,1899
CUST03171,3,129494,10678,12,851
CUST03172,3,121292,30588,11,2566
CUST03173,0,67467,6742,13,494
CUST03174,2,176174,56735,22,2462
CUST03175,0,62558,8324,9,823
CUST03176,0,79025,14254,17,789
CUST03177,0,86433,12000,16,700
CUST03178,0,92888,25139,13,1798
CUST03179,0,73545,3000,17,169
CUST03180,1,67780,45000,8,5012
CUST03181,0,42938,11796,14,800
CUST03182,0,70404,11445,18,589
CUST03183,0,51949,5567,18,296
CUST03184,0,86186,3000,14,196
CUST03185,1,74816,30193,16,1726
CUST03186,3,127025,14465,6,2197
CUST03187,1,76039,22510,16,1307
CUST03188,1,72049,25667,9,2535
CUST03189,1,66397,30815,17,1752
CUST03190,3,114608,21432,17,1176
CUST03191,3,130869,15544,8,1808
CUST03192,0,69372,17204,16,1035
CUST03193,2,124188,32742,27,1188
CUST03194,1,81366,32959,11,2661
CUST03195,1,47976,18110,13,1286
CUST03196,3,132341,21760,8,2332
CUST03197,2,73969,35378,25,1374
CUST03198,1,63434,37498,10,3306
CUST03199,0,54920,8454,16,498
CUST03200,0,48841,10514,15,658
CUST03201,0,49461,5124,15,314
CUST03202,0,55409,21242,17,1171
CUST03203,3,118069,23069,6,3395
CUST03204,0,42132,10861,19,542
CUST03205,2,116109,40411,33,1193
CUST03206,1,85020,25192,6,3374
CUST03207,1,59687,29267,13,2141
CUST03208,0,58694,12061,25,463
CUST03209,2,165894,55787,32,1675
CUST03210,3,161727,21998,8,2316
CUST03211,1,54920,21374,14,1388
CUST03212,0,102844,20295,20,968
CUST03213,3,139021,20840,9,2164
CUST03214,1,76477,32729,7,3877
CUST03215,3,116031,16130,17,909
CUST03216,0,62786,4731,8,526
CUST03217,0,45258,3578,14,244
CUST03218,0,92512,22149,21,1004
CUST03219,3,95887,19842,8,2123
CUST03220,0,58408,7224,17,406
CUST03221,2,151443,46200,32,1412
CUST03222,0,28915,9437,11,781
CUST03223,0,44025,9917,22,439
CUST03224,0,107563,12000,14,792
CUST03225,3,91115,24902,16,1459
CUST03226,1,60024,38878,16,2290
CUST03227,0,78759,4317,20,209
CUST03228,3,114886,24340,13,1686
CUST03229,1,85745,21631,18,1155
CUST03230,0,63396,7979,13,569
CUST03231,3,120711,20810,14,1363
CUST03232,3,143960,14420,10,1267
CUST03233,1,74037,28465,16,1641
CUST03234,1,68524,24061,8,2558
CUST03235,1,104043,30252,3,7563
CUST03236,1,44402,29170,7,3644
CUST03237,3,109204,30782,16,1795
CUST03238,3,106889,22177,5,3478
CUST03239,1,75431,43877,9,4603
CUST03240,2,136965,50365,15,3148
CUST03241,0,47071,9716,9,953
CUST03242,3,76564,15029,12,1202
CUST03243,1,85913,34103,12,2675
CUST03244,1,50311,24365,17,1326
CUST03245,3,130708,18517,10,1629
CUST03246,0,52633,5227,16,303
CUST03247,3,135077,17796,13,1284
CUST03248,0,25000,10097,23,416
CUST03249,3,64136,14070,5,2270
CUST03250,3,107813,25683,12,1927
CUST03251,1,54741,17707,8,1912
CUST03252,3,105493,22435,5,3739
CUST03253,0,106097,12043,10,1084
CUST03254,1,73133,31020,11,2543
CUST03255,2,178149,38319,34,1111
CUST03256,1,59894,28715,12,2245
CUST03257,0,68293,7714,16,447
CUST03258,0,28669,10726,8,1192
CUST03259,1,102729,25150,6,3409
CUST03260,3,104454,28886,11,2378
CUST03261,1,40000,24695,17,1337
CUST03262,3,149255,15821,4,3177
CUST03263,0,43068,5741,8,638
CUST03264,3,70489,14486,6,2080
CUST03265,0,58645,6355,11,546
CUST03266,3,111339,18157,10,1613
CUST03267,2,131255,39183,24,1546
CUST03268,0,50528,13745,19,695
CUST03269,1,75007,27344,5,4557
CUST03270,0,35392,5400,10,502
CUST03271,1,58036,22731,6,3299
CUST03272,2,156231,69930,25,2734
CUST03273,0,46087,11568,16,671
CUST03274,2,128996,36608,25,1397
CUST03275,1,94682,29176,10,2638
CUST03276,3,153656,26133,12,2048
CUST03277,3,134263,15559,10,1425
CUST03278,0,53114,10684,10,989
CUST03279,3,87249,20631,11,1760
CUST03280,0,48425,5219,14,340
CUST03281,2,88748,70582,28,2453
CUST03282,0,55888,9956,17,567
CUST03283,3,125820,19844,9,2021
CUST03284,3,83749,16790,5,2721
CUST03285,0,61498,5062,19,251
CUST03286,0,25000,3802,17,214
CUST03287,0,25915,5799,8,644
CUST03288,0,28892,10137,9,1002
CUST03289,1,67216,33603,21,1502
CUST03290,2,147099,38071,23,1560
CUST03291,1,122303,48309,15,3019
CUST03292,1,83699,38446,11,3306
CUST03293,1,40000,19204,17,1065
CUST03294,0,43002,7063,8,785
CUST03295,1,110490,31603,16,1891
CUST03296,0,77687,6759,12,541
CUST03297,0,71398,9987,13,717
CUST03298,1,77384,39806,17,2228
CUST03299,3,87481,17196,10,1614
CUST03300,0,67944,7020,18,367
CUST03301,2,180189,47245,18,2467
CUST03302,1,105625,39673,12,3129
CUST03303,1,40000,22056,9,2280
CUST03304,0,86505,17080,19,874
CUST03305,1,40000,24221,9,2539
CUST03306,3,89568,27810,10,2623
CUST03307,3,115890,26017,7,3290
CUST03308,1,79002,22975,5,3829
CUST03309,2,150783,34852,30,1131
CUST03310,3,99219,27247,12,2120
CUST03311,1,85303,31105,16,1875
CUST03312,0,51352,9204,18,477
CUST03313,0,78634,12000,9,1159
CUST03314,0,44384,5421,12,433
CUST03315,0,54989,15533,16,898
CUST03316,0,63076,12132,21,542
CUST03317,3,64584,17735,9,1690
CUST03318,1,81744,23933,9,2303
CUST03319,1,53420,27604,15,1768
CUST03320,0,32272,5527,13,400
CUST03321,2,105642,60008,20,2814
CUST03322,3,77432,24657,13,1758
CUST03323,2,203931,65615,24,2639
CUST03324,1,99888,36272,7,4328
CUST03325,3,123627,12729,12,1012
CUST03326,1,74304,22521,16,1342
CUST03327,1,98676,34399,6,4647
CUST03328,0,58124,10536,8,1171
CUST03329,3,137764,25635,6,3639
CUST03330,3,90889,18562,10,1616
CUST03331,2,164430,47011,22,2056
CUST03332,3,126430,21275,8,2285
CUST03333,0,44747,11014,11,938
CUST03334,3,136973,14911,7,1901
CUST03335,3,104045,19862,13,1466
CUST03336,3,149764,14945,11,1282
CUST03337,2,181964,43130,19,2150
CUST03338,1,45977,29785,9,3119
CUST03339,0,25000,9875,23,416
CUST03340,3,52124,12606,11,1061
CUST03341,3,88405,20489,12,1615
CUST03342,0,61766,9668,15,614
CUST03343,1,78442,26386,11,2172
CUST03344,0,46488,12000,14,777
CUST03345,0,83617,22040,18,1188
CUST03346,3,102990,15909,14,1082
CUST03347,2,183261,37466,24,1503
CUST03348,3,124444,16522,11,1337
CUST03349,0,57231,9489,10,850
CUST03350,3,134203,11428,4,2306
CUST03351,0,40478,5175,13,370
CUST03352,1,90190,32771,16,1918
CUST03353,0,64513,7320,9,725
CUST03354,1,73178,26754,14,1817
CUST03355,3,91332,24857,10,2349
CUST03356,0,64254,3000,8,333
CUST03357,0,46001,7633,10,697
CUST03358,3,137380,22702,8,2534
CUST03359,0,25000,5483,17,306
CUST03360,0,49874,6915,10,648
CUST03361,3,88316,22596,11,1855
CUST03362,0,29785,7213,15,444
CUST03363,3,124819,15544,10,1467
CUST03364,0,46251,11196,14,760
CUST03365,3,116961,29109,6,4128
CUST03366,1,70846,18350,14,1199
CUST03367,3,117910,27161,12,2114
CUST03368,3,92443,12151,6,1642
CUST03369,3,81626,23546,15,1446
CUST03370,0,35379,7745,25,296
CUST03371,0,25861,3433,12,272
CUST03372,0,33704,6061,13,421
CUST03373,1,69603,40697,19,1997
CUST03374,0,74221,10938,16,654
CUST03375,2,163431,51732,25,1981
CUST03376,3,116244,22539,4,4325
CUST03377,3,80131,17183,10,1520
CUST03378,0,94631,8817,8,931
CUST03379,0,48629,7777,21,355
CUST03380,3,80575,20375,3,5094
CUST03381,3,100609,23677,15,1439
CUST03382,1,63313,23915,13,1766
CUST03383,1,61283,24506,14,1613
CUST03384,1,61748,45000,9,4459
CUST03385,0,55189,6401,18,337
CUST03386,1,89289,28923,3,7231
CUST03387,0,71298,12000,20,573
CUST03388,1,88899,32310,7,4023
CUST03389,0,38827,7589,15,490
CUST03390,3,119125,22081,10,2014
CUST03391,3,99198,8000,7,965
CUST03392,1,56614,26663,14,1768
CUST03393,0,36693,4739,18,254
CUST03394,1,70067,20425,9,2141
CUST03395,3,122336,24219,13,1773
CUST03396,0,52298,11315,15,704
CUST03397,2,197796,61334,33,1785
CUST03398,3,123638,8000,9,762
CUST03399,3,84194,19695,9,2071
CUST03400,2,154509,47790,25,1841
CUST03401,3,77467,18335,17,1020
CUST03402,1,80185,35828,10,3387
CUST03403,0,53140,8963,10,810
CUST03404,3,91167,18077,7,2247
CUST03405,1,73584,32775,12,2451
CUST03406,1,73503,24599,12,1855
CUST03407,3,103540,12000,5,2000
CUST03408,0,58116,5884,19,297
CUST03409,0,46218,10701,16,640
CUST03410,3,80036,19180,11,1660
CUST03411,1,70492,29876,11,2546
CUST03412,3,90848,23059,9,2294
CUST03413,1,103132,42418,15,2668
CUST03414,3,142188,11723,12,906
CUST03415,0,36870,8046,18,426
CUST03416,3,107577,9858,8,1134
CUST03417,3,98913,29347,9,2950
CUST03418,1,94497,34892,14,2356
CUST03419,3,103127,16462,13,1193
CUST03420,0,48375,8892,8,988
CUST03421,1,82286,29947,12,2280
CUST03422,0,41072,12959,8,1440
CUST03423,3,105985,11450,7,1399
CUST03424,3,110430,24876,7,3168
CUST03425,1,51208,30704,9,2941
CUST03426,3,126467,12730,6,1768
CUST03427,3,105392,21806,17,1183
CUST03428,0,62215,10157,14,663
CUST03429,1,71508,34369,11,2967
CUST03430,3,124306,18116,8,2090
CUST03431,3,104307,24837,9,2565
CUST03432,0,39469,8357,12,641
CUST03433,0,51462,4723,17,264
CUST03434,1,52160,25988,13,1908
CUST03435,0,46503,5814,8,646
CUST03436,0,82430,16502,9,1648
CUST03437,3,90955,20810,9,2051
CUST03438,0,76451,10632,18,561
CUST03439,0,56152,3000,18,157
CUST03440,1,61731,29082,14,1985
CUST03441,0,76019,19450,12,1503
CUST03442,0,44726,8812,15,551
CUST03443,0,48891,5475,10,482
CUST03444,0,45078,12152,14,834
CUST03445,3,96362,14461,5,2564
CUST03446,1,99060,30244,6,4339
CUST03447,0,39759,3000,12,238
CUST03448,3,112206,22758,13,1647
CUST03449,2,144692,43271,18,2222
CUST03450,1,90138,28432,14,1920
CUST03451,3,77924,19584,12,1462
CUST03452,0,39397,10239,22,453
CUST03453,0,47858,8669,12,644
CUST03454,1,49405,22264,15,1395
CUST03455,1,73508,30716,5,5119
CUST03456,1,41480,25907,18,1350
CUST03457,1,83588,36096,12,2885
CUST03458,3,151972,20836,6,3030
CUST03459,0,45389,12289,24,499
CUST03460,2,143371,29743,21,1365
CUST03461,1,40594,23343,18,1221
CUST03462,0,55113,5317,20,251
CUST03463,3,88704,24966,12,1922
CUST03464,3,150730,21320,10,1974
CUST03465,1,67736,21021,9,2208
CUST03466,0,57595,4637,18,246
CUST03467,1,55922,32554,10,2888
CUST03468,3,100939,22549,11,1884
CUST03469,0,59374,14414,24,579
CUST03470,0,58838,8985,15,546
CUST03471,0,65156,8920,17,484
CUST03472,0,35461,6080,12,457
CUST03473,0,47182,10738,22,470
CUST03474,1,82704,25227,8,2809
CUST03475,1,87855,25437,9,2623
CUST03476,3,97621,19456,15,1203
CUST03477,3,96451,25127,17,1358
CUST03478,0,71775,14120,11,1135
CUST03479,3,104476,29018,15,1767
CUST03480,1,103884,30661,13,2162
CUST03481,3,107382,21403,17,1195
CUST03482,2,172298,49138,27,1750
CUST03483,3,72734,14836,11,1278
CUST03484,1,41489,29707,18,1582
CUST03485,0,34251,5901,12,445
CUST03486,3,112586,25922,15,1664
CUST03487,1,83643,30784,8,3258
CUST03488,2,139455,48465,21,2168
CUST03489,3,148046,15271,12,1170
CUST03490,3,134648,23732,7,2853
CUST03491,1,89735,27475,13,1990
CUST03492,3,92696,13589,4,2650
CUST03493,0,100684,8000,6,1179
CUST03494,0,41149,3000,10,277
CUST03495,0,42576,3000,13,209
CUST03496,0,56906,8899,24,350
CUST03497,0,36835,5684,11,459
CUST03498,1,66430,27647,12,2163
CUST03499,0,73864,7817,10,712
CUST03500,3,80751,20410,13,1478
CUST03501,3,125314,12922,9,1310
CUST03502,3,109923,14772,10,1319
CUST03503,0,50001,10298,20,488
CUST03504,3,80151,15999,7,1975
CUST03505,1,55823,25526,14,1704
CUST03506,0,60087,8934,12,663
CUST03507,0,69761,10874,12,836
CUST03508,0,49330,3000,17,166
CUST03509,0,43092,10176,14,662
CUST03510,1,44480,21593,10,2024
CUST03511,0,39444,5718,13,402
CUST03512,1,58227,34127,7,4150
CUST03513,1,58536,26754,16,1608
CUST03514,1,73284,40114,11,3461
CUST03515,0,55882,3740,14,245
CUST03516,2,137541,41507,30,1350
CUST03517,1,50027,31399,13,2317
CUST03518,0,54118,9071,19,447
CUST03519,0,55018,11621,13,825
CUST03520,1,88370,31334,14,2122
CUST03521,2,93314,51483,22,2233
CUST03522,0,66610,3000,18,159
CUST03523,1,77757,29831,12,2265
CUST03524,3,83773,17615,8,1883
CUST03525,0,48765,6365,11,535
CUST03526,0,49916,6594,22,290
CUST03527,3,151924,17319,6,2375
CUST03528,3,94392,15936,9,1611
CUST03529,1,91897,29595,9,3006
CUST03530,2,137758,33803,23,1433
CUST03531,2,168478,48198,17,2638
CUST03532,1,63158,22050,5,3454
CUST03533,3,98199,23434,7,3094
CUST03534,1,75041,22815,8,2633
CUST03535,0,90000,8184,23,341
CUST03536,0,43782,10973,26,411
CUST03537,1,85178,31191,14,2055
CUST03538,2,147308,39195,27,1411
CUST03539,1,89016,27004,12,2111
CUST03540,3,169314,8000,6,1138
CUST03541,1,66562,26782,10,2422
CUST03542,3,97092,8498,11,734
CUST03543,3,99675,12622,8,1374
CUST03544,0,48087,14110,11,1205
CUST03545,0,49010,9959,10,879
CUST03546,3,162393,23986,7,2967
CUST03547,3,123917,22557,7,2822
CUST03548,1,53503,31233,13,2283
CUST03549,0,66438,8366,17,470
CUST03550,0,41759,9352,14,620
CUST03551,1,81047,33740,10,2974
CUST03552,3,88627,16671,6,2479
CUST03553,2,163328,35317,23,1490
CUST03554,0,40095,11530,19,590
CUST03555,0,50098,7976,21,366
CUST03556,2,133126,51091,32,1526
CUST03557,0,43782,4938,9,508
CUST03558,0,48629,10464,12,795
CUST03559,0,36483,7355,13,529
CUST03560,3,149797,12224,13,879
CUST03561,0,47283,7379,8,791
CUST03562,2,168620,41909,21,1946
CUST03563,1,108673,28624,8,3340
CUST03564,3,117715,17207,4,3150
CUST03565,0,37158,13297,19,669
CUST03566,3,116046,12523,7,1524
CUST03567,3,152588,10625,7,1313
CUST03568,1,75341,30450,9,3162
CUST03569,1,64992,36235,19,1852
CUST03570,0,61636,7274,28,255
CUST03571,2,166889,38531,24,1542
CUST03572,0,25000,7624,23,319
CUST03573,0,28437,4656,14,319
CUST03574,1,77456,27196,17,1483
CUST03575,0,90000,4123,15,257
CUST03576,3,86681,18204,7,2293
CUST03577,0,93173,14270,15,883
CUST03578,0,66889,10308,18,536
CUST03579,0,50208,8757,26,324
CUST03580,1,69224,28856,14,1881
CUST03581,1,60557,37076,13,2731
CUST03582,3,126449,19246,12,1453
CUST03583,0,52223,8872,10,798
CUST03584,1,25000,15541,21,719
CUST03585,1,61453,25370,12,1895
CUST03586,0,50789,9130,24,365
CUST03587,3,146534,19459,11,1651
CUST03588,3,95624,22470,12,1671
CUST03589,3,84635,12853,13,892
CUST03590,0,60476,5460,23,225
CUST03591,1,58083,31633,17,1798
CUST03592,0,35591,9635,22,418
CUST03593,1,72660,36828,14,2510
CUST03594,1,77947,29694,9,2842
CUST03595,0,43145,8780,8,976
CUST03596,0,70017,13384,16,808
CUST03597,1,85368,30241,18,1585
CUST03598,0,30190,8471,23,346
CUST03599,3,100450,22854,5,4001
CUST03600,1,78424,25846,9,2506
CUST03601,0,84618,14350,8,1525
CUST03602,1,93066,24151,7,3105
CUST03603,1,101671,34888,6,4707
CUST03604,0,65016,7174,18,370
CUST03605,0,54488,10973,16,637
CUST03606,3,90516,27556,7,3256
CUST03607,3,112242,8000,8,907
CUST03608,0,61208,12341,24,499
CUST03609,1,73806,28171,12,2202
CUST03610,0,50655,9591,8,1066
CUST03611,0,47452,7515,14,494
CUST03612,1,77128,27089,14,1776
CUST03613,0,43341,6762,8,751
CUST03614,2,113336,35104,18,1837
CUST03615,0,56709,8251,10,753
CUST03616,0,47153,10460,8,1162
CUST03617,0,50861,7474,13,531
CUST03618,2,161834,50436,31,1554
CUST03619,0,65800,19689,16,1183
CUST03620,3,130933,20164,10,1798
CUST03621,1,43834,28297,18,1484
CUST03622,0,64269,7650,14,494
CUST03623,3,118475,22392,8,2450
CUST03624,3,93887,21522,16,1261
CUST03625,0,53723,10018,18,537
CUST03626,0,40510,10172,14,677
CUST03627,3,65384,23135,14,1570
CUST03628,0,59591,9649,18,509
CUST03629,3,110704,22311,3,5578
CUST03630,2,193204,50886,24,2000
CUST03631,3,134784,12354,7,1513
CUST03632,0,51526,7940,20,371
CUST03633,3,69174,24420,13,1747
CUST03634,0,54002,9683,21,445
CUST03635,2,212262,25000,20,1176
CUST03636,3,107663,26364,16,1579
CUST03637,3,84096,18321,5,3054
CUST03638,3,111747,23158,6,3464
CUST03639,0,40002,10634,16,644
CUST03640,0,68693,12000,9,1258
CUST03641,1,109833,33756,15,2170
CUST03642,3,57496,19953,10,1774
CUST03643,1,60055,31281,15,1921
CUST03644,1,60579,31974,10,2835
CUST03645,3,120017,20092,10,1776
CUST03646,3,110967,24956,8,2697
CUST03647,1,91423,34691,12,2573
CUST03648,3,57219,14568,12,1160
CUST03649,3,64238,14061,8,1641
CUST03650,0,30212,9886,23,412
CUST03651,1,79196,24026,14,1624
CUST03652,1,93540,26218,9,2725
CUST03653,1,79301,30306,20,1459
CUST03654,1,83742,38405,12,3059
CUST03655,1,83205,26894,15,1650
CUST03656,0,61663,12313,17,692
CUST03657,1,57739,23770,16,1380
CUST03658,0,96583,24211,17,1324
CUST03659,0,44694,3000,23,123
CUST03660,1,63613,26094,16,1526
CUST03661,1,89078,26879,19,1342
CUST03662,0,64849,5137,20,250
CUST03663,0,61600,3000,22,129
CUST03664,0,40000,12000,13,888
CUST03665,1,98747,25997,17,1476
CUST03666,0,45813,10827,18,567
CUST03667,1,51791,42533,12,3276
CUST03668,3,103823,27338,14,1820
CUST03669,0,32675,6385,16,382
CUST03670,3,100016,31664,13,2184
CUST03671,1,40908,18956,10,1774
CUST03672,3,121830,15233,4,3320
CUST03673,1,74408,32598,17,1822
CUST03674,0,63173,6286,10,570
CUST03675,0,58121,4234,16,246
CUST03676,1,60267,34301,22,1522
CUST03677,0,66311,20238,13,1412
CUST03678,3,97047,9404,9,975
CUST03679,2,98695,48098,23,2029
CUST03680,0,73440,7025,13,506
CUST03681,1,72581,38985,16,2341
CUST03682,0,44438,5885,8,654
CUST03683,0,25803,9518,15,579
CUST03684,1,63283,40338,20,1901
CUST03685,0,52123,3604,8,400
CUST03686,0,40470,6100,20,292
CUST03687,3,78692,19291,10,1692
CUST03688,1,66971,21285,11,1753
CUST03689,0,72165,12324,20,588
CUST03690,1,68946,24481,18,1298
CUST03691,0,30762,12703,14,861
CUST03692,0,60913,8224,21,367
CUST03693,3,97434,12436,7,1605
CUST03694,3,98176,13772,12,1053
CUST03695,1,74229,27277,10,2547
CUST03696,0,48771,6566,19,334
CUST03697,0,43865,14501,12,1137
CUST03698,1,70307,35193,11,2867
CUST03699,1,80621,26489,10,2388
CUST03700,3,94199,12000,7,1558
CUST03701,0,49465,10988,17,624
CUST03702,3,98932,26298,22,1161
CUST03703,0,65749,7684,16,455
CUST03704,0,39317,9435,10,885
CUST03705,1,70101,25209,10,2308
CUST03706,0,60308,11065,16,642
CUST03707,1,46626,41856,11,3532
CUST03708,2,164142,48918,23,2060
CUST03709,1,75721,29053,11,2326
CUST03710,2,156088,44847,23,1843
CUST03711,3,146858,18194,8,2128
CUST03712,1,78128,27345,10,2456
CUST03713,1,60307,22923,12,1757
CUST03714,0,94820,12771,17,691
CUST03715,1,66937,32594,14,2110
CUST03716,0,54597,7451,18,395
CUST03717,1,88917,31358,13,2231
CUST03718,3,88024,18587,12,1432
CUST03719,0,73893,8009,21,356
CUST03720,3,89456,15428,12,1172
CUST03721,0,39393,8113,10,746
CUST03722,1,93341,43152,12,3276
CUST03723,0,43863,7602,15,464
CUST03724,3,117907,24323,8,2633
CUST03725,3,133441,18832,14,1247
CUST03726,0,40003,4552,14,314
CUST03727,3,96185,16759,13,1220
CUST03728,0,73528,7130,23,299
CUST03729,1,69361,35757,11,2899
CUST03730,1,50355,21323,15,1333
CUST03731,0,33451,5830,15,376
CUST03732,1,90211,25663,10,2292
CUST03733,1,77194,31323,14,2037
CUST03734,3,122586,11966,3,2916
CUST03735,0,33005,3029,18,157
CUST03736,3,117704,17773,3,4000
CUST03737,0,83761,18698,21,865
CUST03738,0,50629,12688,13,894
CUST03739,1,67315,36953,9,3821
CUST03740,3,124851,18812,5,3128
CUST03741,0,40956,3165,8,352
CUST03742,0,39014,12261,10,1150
CUST03743,1,56049,37304,7,4531
CUST03744,1,55150,24333,10,2202
CUST03745,3,104816,8000,8,906
CUST03746,1,63051,28626,15,1781
CUST03747,1,120536,39455,7,5106
CUST03748,2,197387,35607,19,1821
CUST03749,0,38128,13189,14,851
CUST03750,0,62440,8859,13,613
CUST03751,3,124618,17866,12,1369
CUST03752,3,100964,25258,12,1982
CUST03753,3,140582,19316,5,3107
CUST03754,1,64938,34350,17,1873
CUST03755,3,80123,24117,12,1873
CUST03756,0,60246,11093,18,592
CUST03757,3,74326,12411,11,1011
CUST03758,0,37546,8200,18,427
CUST03759,0,48566,6803,29,229
CUST03760,2,225808,51779,29,1736
CUST03761,0,64531,5986,12,444
CUST03762,3,88934,15057,10,1331
CUST03763,0,37311,7344,12,561
CUST03764,0,55755,13726,14,910
CUST03765,2,163200,43329,37,1134
CUST03766,2,132731,50583,32,1524
CUST03767,3,95355,19572,9,1982
CUST03768,3,139221,20305,10,1806
CUST03769,1,71731,31733,9,3263
CUST03770,1,60637,22868,15,1473
CUST03771,0,39016,4798,18,253
CUST03772,3,143448,13867,6,1970
CUST03773,1,78678,23715,14,1572
CUST03774,2,131616,56966,31,1807
CUST03775,0,25000,4428,16,261
CUST03776,0,62159,4957,8,551
CUST03777,1,79730,20648,6,2972
CUST03778,3,120913,29933,16,1730
CUST03779,3,115260,28524,21,1277
CUST03780,3,153136,26442,5,4523
CUST03781,1,57671,26360,11,2284
CUST03782,0,68886,5418,20,262
CUST03783,3,100543,22539,15,1385
CUST03784,0,57144,10597,16,640
CUST03785,0,71239,4229,8,470
CUST03786,1,59680,25570,5,4262
CUST03787,1,85019,27631,11,2313
CUST03788,0,66801,13907,8,1545
CUST03789,0,62813,7916,15,506
CUST03790,1,60440,22287,7,2873
CUST03791,0,56058,5811,14,400
CUST03792,3,92377,22111,11,1874
CUST03793,1,68245,20732,6,2887
CUST03794,3,82145,22595,12,1676
CUST03795,3,95981,27559,22,1215
CUST03796,0,29387,11684,13,848
CUST03797,3,104304,25336,19,1242
CUST03798,1,33959,15351,10,1438
CUST03799,3,116251,8300,9,833
CUST03800,2,150807,57626,26,2122
CUST03801,1,47617,19071,8,2033
CUST03802,0,67434,5702,15,347
CUST03803,1,70681,34845,10,3186
CUST03804,2,135317,66573,18,3536
CUST03805,3,59746,12834,13,912
CUST03806,1,91425,25770,4,4771
CUST03807,1,111690,38643,11,3224
CUST03808,1,59856,34408,10,3041
CUST03809,3,151481,23038,3,5759
CUST03810,3,98081,8000,16,481
CUST03811,3,88116,26732,15,1654
CUST03812,0,50548,3958,11,330
CUST03813,1,70212,29632,13,2180
CUST03814,3,129491,15185,13,1101
CUST03815,3,105485,15967,14,1042
CUST03816,0,64032,10302,17,568
CUST03817,3,164909,18025,4,3755
CUST03818,3,144890,15074,9,1559
CUST03819,0,96905,12000,18,616
CUST03820,0,89692,14345,12,1146
CUST03821,1,85040,25026,16,1516
CUST03822,3,95616,23115,12,1766
CUST03823,3,58981,21348,13,1491
CUST03824,3,86046,22226,13,1542
CUST03825,3,97697,22223,12,1702
CUST03826,1,77763,24403,17,1349
CUST03827,3,99359,19779,4,4346
CUST03828,0,43097,10880,15,674
CUST03829,3,101430,22724,18,1173
CUST03830,2,131191,37645,25,1470
CUST03831,1,72316,20458,12,1568
CUST03832,1,119061,35101,9,3659
CUST03833,3,95971,29761,10,2754
CUST03834,0,92076,20658,20,985
CUST03835,0,58894,5162,25,198
CUST03836,1,60240,34481,13,2549
CUST03837,0,103169,22408,18,1170
CUST03838,1,78961,28371,16,1637
CUST03839,3,121082,27271,13,2020
CUST03840,1,73339,26560,6,3683
CUST03841,0,43768,3000,19,147
CUST03842,0,34935,8511,17,468
CUST03843,3,92149,13432,8,1499
CUST03844,1,78783,24229,8,2592
CUST03845,0,39308,7480,8,831
CUST03846,2,155875,39425,23,1651
CUST03847,0,60091,6257,15,381
CUST03848,1,77407,24680,11,2103
CUST03849,2,157068,29434,16,1739
CUST03850,3,92011,10833,6,1531
CUST03851,0,35001,10020,24,400
CUST03852,1,51602,26438,19,1353
CUST03853,3,172151,27353,10,2382
CUST03854,2,103749,35273,17,1939
CUST03855,1,79405,26294,10,2290
CUST03856,2,87798,47812,22,2064
CUST03857,2,137394,32903,24,1343
CUST03858,0,32000,8959,17,504
CUST03859,1,114760,35587,10,3120
CUST03860,0,78337,19215,16,1119
CUST03861,2,143580,46704,23,1949
CUST03862,1,100648,33492,15,2159
CUST03863,2,149276,67524,31,2138
CUST03864,1,99595,32094,7,3850
CUST03865,3,147921,14007,8,1572
CUST03866,1,70595,25160,16,1479
CUST03867,3,102611,25397,5,3993
CUST03868,3,125999,26468,12,1976
CUST03869,0,58205,14426,10,1262
CUST03870,1,76892,35924,8,3798
CUST03871,2,95471,36079,20,1738
CUST03872,3,99530,24717,11,1979
CUST03873,3,98114,27150,15,1746
CUST03874,3,85904,20229,15,1249
CUST03875,1,42807,20690,13,1461
CUST03876,3,114047,22499,7,2971
CUST03877,0,45118,4552,16,271
CUST03878,3,76664,26719,20,1290
CUST03879,1,82333,29670,14,2010
CUST03880,2,200071,58757,31,1833
CUST03881,1,78970,24417,13,1802
CUST03882,0,80360,12661,12,958
CUST03883,1,90212,24776,13,1717
CUST03884,1,62812,18627,13,1357
CUST03885,1,43702,31523,14,2080
CUST03886,0,38515,13479,15,864
CUST03887,2,142763,48088,15,2980
CUST03888,0,53921,6496,18,340
CUST03889,3,124887,12087,3,3022
CUST03890,1,92886,24717,19,1237
CUST03891,2,176689,41948,20,1960
CUST03892,1,87105,24347,12,1917
CUST03893,3,53684,12000,9,1254
CUST03894,0,45460,6107,8,679
CUST03895,0,72791,3000,16,182
CUST03896,2,145260,61137,21,2807
CUST03897,3,132405,9096,4,1885
CUST03898,2,148795,33041,23,1375
CUST03899,3,96552,13327,5,2241
CUST03900,3,93633,26142,17,1443
CUST03901,1,75589,35360,14,2401
CUST03902,3,94278,29417,12,2271
CUST03903,0,52356,7816,11,658
CUST03904,0,48122,8245,17,465
CUST03905,0,25000,6143,20,298
CUST03906,3,103811,19120,6,2648
CUST03907,2,148950,43888,35,1224
CUST03908,1,94345,36739,15,2345
CUST03909,0,44916,5122,21,229
CUST03910,1,85904,22912,10,2018
CUST03911,1,96349,30289,12,2348
CUST03912,3,110308,20958,11,1695
CUST03913,3,101491,28152,14,1933
CUST03914,1,76765,35370,10,3333
CUST03915,3,108794,12203,11,977
CUST03916,1,71419,25896,14,1778
CUST03917,1,79993,23625,7,3026
CUST03918,0,36438,12689,8,1383
CUST03919,2,135372,44744,29,1513
CUST03920,3,127690,20276,11,1656
CUST03921,1,84374,24199,7,3028
CUST03922,3,129104,19732,5,3525
CUST03923,2,155603,45341,29,1518
CUST03924,1,76133,34899,13,2571
CUST03925,1,90453,24876,6,3341
CUST03926,3,85350,15025,8,1697
CUST03927,2,139092,36647,28,1284
CUST03928,0,52531,14994,10,1404
CUST03929,0,47510,3000,16,175
CUST03930,3,131119,24898,7,3276
CUST03931,0,32824,6411,23,272
CUST03932,0,26483,9017,21,403
CUST03933,2,135670,44628,15,2789
CUST03934,3,132569,17881,4,3681
CUST03935,1,97953,34434,14,2225
CUST03936,2,152469,38905,23,1625
CUST03937,3,64515,16439,10,1443
CUST03938,3,109562,12000,14,777
CUST03939,1,94036,31939,14,2154
CUST03940,0,47915,7183,15,463
CUST03941,2,140219,27603,28,938
CUST03942,1,84348,29486,9,2966
CUST03943,3,95882,8887,13,624
CUST03944,2,134519,54920,24,2224
CUST03945,3,72921,16078,3,4020
CUST03946,1,57427,24171,13,1782
CUST03947,1,98872,32925,18,1720
CUST03948,0,70861,11685,13,842
CUST03949,0,66986,12111,13,857
CUST03950,3,119992,19391,6,2970
CUST03951,3,115745,23058,12,1756
CUST03952,3,158081,19192,6,2913
CUST03953,0,50509,11030,19,544
CUST03954,0,34244,3000,20,146
CUST03955,3,35944,12301,8,1367
CUST03956,3,104642,22884,6,3181
CUST03957,1,88914,32870,19,1610
CUST03958,2,80000,50948,28,1745
CUST03959,0,63340,6302,16,365
CUST03960,3,98316,14515,10,1368
CUST03961,1,126314,29213,5,4948
CUST03962,3,82822,29065,17,1647
CUST03963,0,42277,9704,20,463
CUST03964,0,48962,7511,16,439
CUST03965,1,70000,20489,7,2437
CUST03966,3,78584,15115,12,1166
CUST03967,1,74208,28197,8,2984
CUST03968,0,42265,4810,17,275
CUST03969,0,60453,16856,13,1167
CUST03970,0,75357,10041,19,490
CUST03971,3,66552,18489,20,886
CUST03972,0,35144,7419,16,440
CUST03973,2,185079,46365,23,1896
CUST03974,3,112563,8000,9,806
CUST03975,0,42431,8974,9,909
CUST03976,3,171698,23403,8,2613
CUST03977,3,114534,23576,9,2389
CUST03978,0,57505,12530,26,465
CUST03979,3,92798,24036,5,4006
CUST03980,3,132286,19462,7,2518
CUST03981,1,73781,37719,21,1728
CUST03982,3,101709,10380,5,1770
CUST03983,0,50644,7138,24,291
CUST03984,0,47250,11486,17,645
CUST03985,2,175071,61839,24,2487
CUST03986,1,102359,31800,6,4661
CUST03987,1,71468,22680,12,1692
CUST03988,0,53578,7583,17,414
CUST03989,2,168972,34077,21,1557
CUST03990,1,76228,29880,13,2084
CUST03991,0,48948,3140,9,303
CUST03992,3,97621,12000,11,1009
CUST03993,0,69232,8175,15,523
CUST03994,0,42137,10624,10,965
CUST03995,0,41222,8542,17,465
CUST03996,3,95507,18505,10,1761
CUST03997,3,66268,17781,11,1519
CUST03998,3,114432,10835,9,1102
CUST03999,0,63869,3812,10,348
CUST04000,3,78475,24822,17,1387
CUST04001,3,100001,23708,7,3015
CUST04002,3,136162,24324,6,3272
CUST04003,3,95153,18407,6,2481
CUST04004,0,59548,13299,13,917
CUST04005,0,52409,8091,20,381
CUST04006,1,110692,27860,3,6965
CUST04007,1,102577,26611,8,3073
CUST04008,1,48661,26812,19,1327
CUST04009,1,65704,25416,16,1505
CUST04010,1,41733,37097,8,4192
CUST04011,3,122346,17468,8,1950
CUST04012,3,73030,8403,11,680
CUST04013,2,126051,62117,23,2596
CUST04014,2,168318,54567,28,1895
CUST04015,0,54915,9916,10,929
CUST04016,1,44562,32408,11,2629
CUST04017,0,90616,20168,14,1360
CUST04018,0,70802,5600,10,506
CUST04019,0,58352,7096,8,788
CUST04020,3,116016,16180,6,2453
CUST04021,1,93770,26883,9,2731
CUST04022,1,59473,23442,10,2081
CUST04023,3,124629,12819,10,1218
CUST04024,0,89166,24421,17,1391
CUST04025,0,43790,9627,10,910
CUST04026,3,98779,23145,14,1503
CUST04027,1,69348,20542,11,1706
CUST04028,3,70000,9503,4,1746
CUST04029,2,181126,52326,15,3270
CUST04030,3,110094,21512,13,1516
CUST04031,3,117903,21628,18,1143
CUST04032,1,52783,28519,8,3281
CUST04033,0,45714,6156,8,671
CUST04034,3,82868,12000,11,999
CUST04035,1,57582,28041,16,1686
CUST04036,3,117676,9016,8,977
CUST04037,3,87385,19592,12,1465
CUST04038,0,54092,7525,27,271
CUST04039,0,50194,7921,18,412
CUST04040,2,172388,60013,18,3099
CUST04041,3,82413,16167,13,1138
CUST04042,1,43141,37165,17,2107
CUST04043,3,118515,18671,3,4157
CUST04044,1,50553,25760,6,3537
CUST04045,0,79043,17277,14,1159
CUST04046,1,51173,29955,11,2456
CUST04047,0,53794,12196,17,661
CUST04048,3,98876,20142,9,2060
CUST04049,1,82488,32364,17,1813
CUST04050,0,44120,11686,8,1298
CUST04051,1,70836,23316,13,1636
CUST04052,0,39510,8674,15,555
CUST04053,0,69283,11755,16,697
CUST04054,1,55512,22063,11,1862
CUST04055,2,169506,46810,25,1777
CUST04056,0,59349,7140,10,632
CUST04057,0,72684,5517,33,162
CUST04058,1,80004,31952,5,5325
CUST04059,0,38116,8468,16,500
CUST04060,0,81068,3165,16,190
CUST04061,0,93941,17399,19,852
CUST04062,3,137177,17716,8,2053
CUST04063,1,65553,27952,8,3206
CUST04064,3,138391,17526,9,1766
CUST04065,2,155896,42910,27,1554
CUST04066,1,56391,22005,12,1672
CUST04067,3,102930,22993,17,1281
CUST04068,2,113714,27357,20,1292
CUST04069,3,75539,25263,15,1621
CUST04070,2,171233,55913,24,2217
CUST04071,0,63133,7291,16,433
CUST04072,0,42949,12683,14,838
CUST04073,0,37800,8652,17,468
CUST04074,1,122773,38108,15,2382
CUST04075,0,64153,5590,14,362
CUST04076,3,98829,13313,8,1439
CUST04077,0,38596,11561,10,1060
CUST04078,0,54273,6275,16,377
CUST04079,0,62589,4152,16,245
CUST04080,0,63986,12536,15,760
CUST04081,3,145186,21102,7,2779
CUST04082,2,150553,44531,28,1537
CUST04083,1,53847,21233,8,2449
CUST04084,2,113670,51472,23,2122
CUST04085,1,107829,37457,15,2372
CUST04086,0,66304,3430,11,298
CUST04087,0,54363,9965,11,857
CUST04088,3,116949,14174,7,1888
CUST04089,3,138028,17131,9,1766
CUST04090,0,56685,6764,17,370
CUST04091,3,111264,9810,4,1850
CUST04092,3,118395,23839,5,4116
CUST04093,0,45139,6475,9,677
CUST04094,1,75989,25494,13,1857
CUST04095,3,122966,24026,15,1487
CUST04096,3,85627,16878,9,1669
CUST04097,2,214898,42492,25,1652
CUST04098,0,54509,10628,20,499
CUST04099,1,69718,27602,17,1501
CUST04100,1,46577,35210,6,4984
CUST04101,1,51573,20399,9,2095
CUST04102,2,204373,57361,27,2067
CUST04103,0,67503,12000,10,1075
CUST04104,1,29956,12134,9,1243
CUST04105,3,113000,12790,7,1700
CUST04106,0,29506,4100,10,380
CUST04107,1,40000,23305,7,3021
CUST04108,3,104181,15103,11,1272
CUST04109,0,35047,11737,9,1195
CUST04110,1,72571,28274,9,2943
CUST04111,0,46801,6484,20,312
CUST04112,0,50803,11213,21,513
CUST04113,2,148871,42051,21,1884
CUST04114,1,63047,35387,9,3692
CUST04115,0,74355,16692,15,1041
CUST04116,0,45942,6404,12,488
CUST04117,0,70096,20586,21,956
CUST04118,2,109940,43475,24,1768
CUST04119,0,52618,8880,11,753
CUST04120,2,156714,55399,23,2313
CUST04121,0,56513,8675,12,683
CUST04122,0,43499,13295,21,600
CUST04123,3,86912,23105,9,2259
CUST04124,0,42332,7452,8,812
CUST04125,3,110162,19715,10,1796
CUST04126,1,86090,26489,16,1533
CUST04127,0,30734,11637,9,1130
CUST04128,0,49106,5068,16,297
CUST04129,1,92801,29304,13,2121
CUST04130,3,115421,12092,6,1805
CUST04131,1,69165,22362,15,1386
CUST04132,1,118013,33310,12,2649
CUST04133,0,80903,5394,13,392
CUST04134,3,86717,13665,7,1763
CUST04135,3,93243,27087,10,2503
CUST04136,0,44444,8543,11,705
CUST04137,0,26791,5751,16,336
CUST04138,1,79582,28639,14,1903
CUST04139,0,61309,8680,8,964
CUST04140,1,60178,31604,5,5267
CUST04141,1,95917,29021,11,2403
CUST04142,3,86706,13391,13,974
CUST04143,0,44814,11983,8,1331
CUST04144,3,99616,19772,8,2292
CUST04145,0,56164,8028,22,347
CUST04146,2,155456,48819,26,1799
CUST04147,1,76570,28056,13,2013
CUST04148,1,77056,32186,13,2227
CUST04149,1,40000,26962,10,2454
CUST04150,0,25000,6025,9,584
CUST04151,0,56860,13393,22,593
CUST04152,0,42975,14640,12,1102
CUST04153,0,66641,9062,14,588
CUST04154,3,120851,13990,8,1501
CUST04155,0,36828,10755,25,412
CUST04156,3,97837,22759,13,1665
CUST04157,2,136607,60285,23,2495
CUST04158,1,77522,27514,12,2105
CUST04159,2,150553,45438,21,2036
CUST04160,3,105783,25115,12,1921
CUST04161,3,87773,12000,8,1398
CUST04162,0,46784,3000,21,135
CUST04163,1,49667,33287,13,2367
CUST04164,0,25000,6361,17,350
CUST04165,3,92938,20578,10,1932
CUST04166,3,115947,12300,9,1196
CUST04167,0,73787,8935,15,568
CUST04168,0,52365,13659,18,715
CUST04169,3,115991,16096,6,2292
CUST04170,3,69582,20138,11,1652
CUST04171,1,82033,31797,11,2631
CUST04172,3,85835,31056,17,1695
CUST04173,0,81637,12049,11,982
CUST04174,3,77580,18931,11,1517
CUST04175,1,84170,37807,18,1949
CUST04176,0,54646,5341,15,329
CUST04177,0,31107,6791,14,447
CUST04178,3,105901,20157,13,1449
CUST04179,1,105449,38407,5,6401
CUST04180,2,185652,63260,20,3017
CUST04181,1,81296,28568,11,2458
CUST04182,0,45323,9702,11,811
CUST04183,3,85763,12000,8,1268
CUST04184,0,52106,3000,11,248
CUST04185,0,105327,17125,17,977
CUST04186,3,143155,18830,16,1094
CUST04187,0,79955,23955,21,1078
CUST04188,1,78734,35017,11,2870
CUST04189,3,78276,13844,10,1300
CUST04190,1,61853,45000,12,3403
CUST04191,3,160369,21464,7,2843
CUST04192,0,47462,7800,12,583
CUST04193,1,85728,26474,18,1412
CUST04194,3,129078,19497,10,1761
CUST04195,1,80282,37830,11,3287
CUST04196,1,67020,32380,11,2623
CUST04197,0,36783,6672,11,551
CUST04198,1,45350,19746,14,1294
CUST04199,0,26584,9433,14,625
CUST04200,0,41973,10231,15,628
CUST04201,1,72180,32156,11,2657
CUST04202,0,25000,12251,14,839
CUST04203,3,87625,17945,17,990
CUST04204,2,109911,35296,19,1753
CUST04205,1,84548,22897,16,1385
CUST04206,0,43837,6422,10,596
CUST04207,2,111698,53385,27,1883
CUST04208,3,75723,13504,9,1312
CUST04209,0,39284,3000,9,313
CUST04210,0,45890,7305,20,347
CUST04211,1,70086,28173,15,1764
CUST04212,1,59624,28450,14,1871
CUST04213,0,55454,9681,13,680
CUST04214,2,203124,35961,23,1491
CUST04215,3,130063,29982,14,1997
CUST04216,0,69323,8869,17,495
CUST04217,1,40000,28737,9,2756
CUST04218,1,67075,19825,13,1426
CUST04219,3,111590,8000,6,1117
CUST04220,3,92512,22106,18,1194
CUST04221,2,151456,55496,24,2181
CUST04222,1,51146,27694,9,2638
CUST04223,1,49528,22201,7,2801
CUST04224,0,48256,16149,22,709
CUST04225,0,41078,9322,8,1036
CUST04226,1,86835,32964,9,3292
CUST04227,0,50265,15177,14,1044
CUST04228,0,46578,11616,10,1015
CUST04229,2,193247,44615,22,1964
CUST04230,1,88208,32029,11,2650
CUST04231,0,50471,6289,16,362
CUST04232,3,168831,22763,7,2745
CUST04233,0,75962,8252,19,409
CUST04234,0,25000,3534,19,173
CUST04235,0,49727,3000,15,185
CUST04236,1,67719,31517,5,5253
CUST04237,2,125071,39648,31,1224
CUST04238,1,41777,32920,17,1851
CUST04239,0,52631,3000,19,147
CUST04240,1,81433,37695,17,2084
CUST04241,3,90118,17036,8,1945
CUST04242,3,120197,17951,4,3766
CUST04243,1,84480,43996,5,7333
CUST04244,0,44912,6534,22,280
CUST04245,0,49286,6686,21,311
CUST04246,1,97712,33896,13,2499
CUST04247,3,77770,16406,6,2235
CUST04248,3,74006,13917,17,767
CUST04249,3,107547,18620,10,1737
CUST04250,2,124080,51352,29,1725
CUST04251,0,44717,14214,13,1010
CUST04252,0,62736,18456,15,1156
CUST04253,2,126966,59907,25,2266
CUST04254,0,55755,10139,8,1086
CUST04255,0,35958,13021,12,1024
CUST04256,3,104317,9806,10,933
CUST04257,1,58686,28409,13,1973
CUST04258,0,70003,21424,11,1758
CUST04259,0,25000,9932,10,866
CUST04260,1,86908,34782,7,4307
CUST04261,1,85120,34888,11,2854
CUST04262,1,86496,35024,11,2874
CUST04263,0,49486,9681,12,752
CUST04264,3,116276,20028,12,1578
CUST04265,2,154401,35284,32,1069
CUST04266,0,65939,11517,16,696
CUST04267,0,26078,6839,12,517
CUST04268,2,134070,42752,26,1575
CUST04269,3,159765,17431,4,3489
CUST04270,1,50195,18785,14,1221
CUST04271,0,69691,6991,17,399
CUST04272,3,103033,16494,12,1290
CUST04273,3,104946,13908,11,1116
CUST04274,3,84238,13176,13,909
CUST04275,3,95309,20144,10,1784
CUST04276,1,54033,24348,14,1659
CUST04277,3,83658,17317,9,1730
CUST04278,1,88968,24880,19,1253
CUST04279,0,36388,11038,18,590
CUST04280,0,41791,8256,12,638
CUST04281,0,54458,13022,17,709
CUST04282,3,90323,31016,13,2148
CUST04283,1,90023,30298,17,1704
CUST04284,1,55443,31476,16,1875
CUST04285,1,105769,30991,11,2591
CUST04286,0,35508,3000,14,204
CUST04287,0,32489,7553,8,839
CUST04288,2,134264,54183,19,2645
CUST04289,0,59167,5197,8,553
CUST04290,0,88342,12000,13,829
CUST04291,1,86948,35769,11,2908
CUST04292,1,75901,21739,14,1414
CUST04293,0,77457,12482,27,444
CUST04294,0,90000,8751,14,586
CUST04295,3,81265,20243,10,1852
CUST04296,2,100171,25000,31,789
CUST04297,0,47274,9969,12,740
CUST04298,0,55045,7032,9,718
CUST04299,2,151672,44359,24,1751
CUST04300,0,38296,4293,18,231
CUST04301,3,93272,12000,5,2000
CUST04302,1,87684,32224,9,3274
CUST04303,2,158114,58174,18,3016
CUST04304,1,79099,39100,16,2322
CUST04305,1,40000,37831,8,4089
CUST04306,1,77727,32824,15,2007
CUST04307,1,72300,21161,14,1388
CUST04308,1,72575,38844,12,2916
CUST04309,3,58329,11772,11,985
CUST04310,2,169631,43093,23,1831
CUST04311,1,91475,30025,9,2948
CUST04312,0,49581,10670,24,426
CUST04313,1,62203,34425,14,2261
CUST04314,0,37291,4256,9,434
CUST04315,3,103872,29878,14,2013
CUST04316,2,131306,33299,21,1530
CUST04317,3,89991,17299,17,964
CUST04318,0,84040,12000,14,821
CUST04319,2,194881,64140,23,2702
CUST04320,0,39194,8276,8,920
CUST04321,1,77348,24545,12,1903
CUST04322,0,65629,6061,17,345
CUST04323,3,103344,12000,13,849
CUST04324,0,110402,16618,16,957
CUST04325,3,159861,14127,8,1544
CUST04326,2,102483,36125,20,1709
CUST04327,0,27464,3000,9,293
CUST04328,0,77293,25480,16,1540
CUST04329,1,60630,26967,12,2071
CUST04330,3,93559,14482,10,1302
CUST04331,1,72344,20174,6,3066
CUST04332,1,82062,26072,16,1570
CUST04333,0,49130,7529,14,498
CUST04334,0,69799,12000,17,665
CUST04335,0,86114,8000,9,806
CUST04336,0,39936,5328,20,256
CUST04337,1,68337,30153,15,1920
CUST04338,2,196515,38866,18,2016
CUST04339,1,73658,25546,9,2473
CUST04340,1,93389,26928,16,1585
CUST04341,1,40000,25004,10,2211
CUST04342,0,51172,9927,8,1103
CUST04343,0,38491,7190,23,301
CUST04344,0,92715,14990,20,725
CUST04345,0,59831,18325,12,1393
CUST04346,3,105706,13169,8,1425
CUST04347,0,93984,12000,13,841
CUST04348,3,83310,26275,16,1532
CUST04349,0,57660,11651,18,629
CUST04350,3,83840,14107,8,1604
CUST04351,0,77093,14398,10,1338
CUST04352,3,104715,19770,4,4254
CUST04353,2,130878,50415,18,2649
CUST04354,0,52095,6628,14,455
CUST04355,0,55433,12382,8,1364
CUST04356,0,52108,13106,15,806
CUST04357,0,82005,11229,11,931
CUST04358,3,98560,22441,8,2427
CUST04359,3,106854,12009,18,641
CUST04360,0,91410,18626,19,925
CUST04361,3,176811,8622,10,773
CUST04362,1,74019,23570,17,1330
CUST04363,2,119757,56608,27,2053
CUST04364,0,55179,13463,11,1107
CUST04365,0,54730,9204,21,414
CUST04366,3,131455,13038,15,841
CUST04367,3,117753,18932,12,1432
CUST04368,3,83954,20258,15,1283
CUST04369,2,148292,66451,22,2912
CUST04370,0,73209,22023,15,1358
CUST04371,0,38057,12169,8,1329
CUST04372,0,60127,9591,12,747
CUST04373,1,60699,23769,18,1257
CUST04374,1,82747,29272,17,1655
CUST04375,1,79350,25763,5,4294
CUST04376,3,116108,16378,12,1274
CUST04377,1,75308,31288,5,5215
CUST04378,1,108030,32319,13,2373
CUST04379,2,134314,43559,31,1359
CUST04380,3,92916,21521,14,1458
CUST04381,1,75692,34269,8,3885
CUST04382,3,100909,29180,12,2169
CUST04383,0,79680,10769,10,951
CUST04384,2,161319,48465,20,2269
CUST04385,0,60468,17273,10,1596
CUST04386,1,79413,24246,7,3056
CUST04387,2,171009,44442,31,1408
CUST04388,3,81784,14520,10,1322
CUST04389,1,60937,23621,16,1395
CUST04390,1,40000,32112,10,2846
CUST04391,0,64688,12000,10,1105
CUST04392,0,62265,3473,11,298
CUST04393,1,83857,34858,9,3572
CUST04394,3,87951,24772,17,1405
CUST04395,1,70723,31752,12,2438
CUST04396,0,79618,17120,15,1040
CUST04397,1,51612,24382,12,1913
CUST04398,3,100686,22209,11,1873
CUST04399,3,66699,16876,12,1311
CUST04400,0,48859,5823,12,448
CUST04401,1,87792,26720,13,1926
CUST04402,2,176088,65884,21,3026
CUST04403,0,60410,5092,21,231
CUST04404,3,111816,22079,12,1688
CUST04405,2,136635,45645,25,1766
CUST04406,3,62836,18291,14,1207
CUST04407,0,57377,9470,14,617
CUST04408,1,43162,33224,9,3291
CUST04409,0,76191,10389,17,590
CUST04410,2,160155,41513,25,1596
CUST04411,1,72177,25241,16,1447
CUST04412,1,96518,32764,9,3422
CUST04413,3,95663,24131,5,4022
CUST04414,1,95166,20531,3,5133
CUST04415,0,27769,8185,16,474
CUST04416,1,81172,30638,11,2496
CUST04417,3,86103,28895,20,1362
CUST04418,3,104131,24723,13,1711
CUST04419,2,104528,50793,28,1748
CUST04420,1,78463,29413,12,2254
CUST04421,0,25000,6336,17,356
CUST04422,2,139115,49865,21,2293
CUST04423,1,68622,24071,10,2207
CUST04424,0,59732,6290,8,687
CUST04425,0,35093,9776,19,480
CUST04426,1,51999,19498,9,1896
CUST04427,0,75600,9760,15,616
CUST04428,0,81919,4800,17,270
CUST04429,3,69802,13684,8,1465
CUST04430,0,42792,3253,15,204
CUST04431,3,115892,16335,9,1681
CUST04432,3,100554,24178,9,2338
CUST04433,0,55719,10409,9,1018
CUST04434,3,110999,25132,12,1970
CUST04435,0,45595,4207,27,149
CUST04436,0,25000,7915,18,425
CUST04437,0,55848,12015,11,968
CUST04438,0,62925,3000,12,235
CUST04439,0,51685,5234,16,312
CUST04440,3,95251,21311,10,1894
CUST04441,0,64119,4838,11,405
CUST04442,0,61867,6055,16,355
CUST04443,3,110061,8000,6,1117
CUST04444,2,126665,42193,22,1804
CUST04445,1,74978,24748,12,1846
CUST04446,0,37650,7890,9,828
CUST04447,3,66008,12000,10,1076
CUST04448,0,45751,9030,13,667
CUST04449,3,134911,8000,13,555
CUST04450,3,128052,11579,8,1307
CUST04451,0,69282,4064,16,237
CUST04452,3,177698,20064,7,2406
CUST04453,0,79061,7086,18,373
CUST04454,3,77960,20285,13,1483
CUST04455,1,112330,29371,13,2060
CUST04456,2,95854,49363,29,1621
CUST04457,1,77272,30294,12,2283
CUST04458,3,86447,15671,10,1474
CUST04459,0,47765,6873,19,349
CUST04460,3,167261,22013,8,2467
CUST04461,0,87974,17189,15,1048
CUST04462,3,90399,17365,4,3179
CUST04463,3,109234,26068,17,1480
CUST04464,1,76961,29256,12,2284
CUST04465,1,91419,26069,6,3486
CUST04466,0,65244,5693,10,536
CUST04467,2,166794,37140,24,1462
CUST04468,0,51351,3989,13,280
CUST04469,0,98494,20140,21,916
CUST04470,0,45146,8097,15,506
CUST04471,1,62145,25253,8,2859
CUST04472,1,90812,33209,13,2371
CUST04473,0,47627,12164,11,1011
CUST04474,2,183099,57477,24,2341
CUST04475,0,78372,9720,13,689
CUST04476,3,85453,14683,10,1388
CUST04477,0,34339,3000,8,333
CUST04478,1,75549,31529,14,2118
CUST04479,1,63813,20271,11,1642
CUST04480,0,49185,9045,20,427
CUST04481,1,74237,27484,14,1834
CUST04482,0,58012,10788,13,787
CUST04483,1,80286,23772,13,1749
CUST04484,0,25000,9112,17,513
CUST04485,1,101015,33902,11,2720
CUST04486,0,43534,10062,22,444
CUST04487,2,141818,45156,26,1664
CUST04488,0,33708,9542,17,538
CUST04489,3,105484,14791,8,1679
CUST04490,2,116128,58920,24,2368
CUST04491,0,63562,8625,14,565
CUST04492,3,86655,14781,5,2464
CUST04493,0,49708,9290,23,394
CUST04494,3,124382,17641,10,1571
CUST04495,1,83051,33822,5,5637
CUST04496,2,115249,54326,27,1971
CUST04497,0,54342,11595,24,455
CUST04498,0,56531,12110,9,1175
CUST04499,0,70279,9839,13,705
CUST04500,1,61069,22555,14,1463
CUST04501,1,77696,24194,12,1805
CUST04502,3,85560,22616,11,1879
CUST04503,3,87849,21247,12,1676
CUST04504,0,59301,9917,8,1048
CUST04505,1,73792,42865,10,3838
CUST04506,0,94041,21159,15,1285
CUST04507,1,70413,35150,13,2431
CUST04508,3,109590,27675,9,2638
CUST04509,0,66909,6481,22,286
CUST04510,3,128668,16506,10,1564
CUST04511,1,55785,21725,14,1462
CUST04512,2,136132,37443,16,2148
CUST04513,0,36245,8850,20,415
CUST04514,3,149818,14520,12,1155
CUST04515,3,98070,18630,11,1596
CUST04516,2,161974,53949,28,1845
CUST04517,0,36731,9698,15,589
CUST04518,2,200894,62496,19,3105
CUST04519,0,48344,4536,27,164
CUST04520,3,80804,18285,5,2838
CUST04521,3,134761,20506,6,2788
CUST04522,2,142351,58843,19,2942
CUST04523,1,84882,29061,19,1465
CUST04524,0,76963,7196,15,456
CUST04525,0,57387,12388,13,879
CUST04526,1,66124,34681,14,2356
CUST04527,1,83873,27481,10,2418
CUST04528,3,72759,16483,10,1488
CUST04529,0,39443,11129,26,414
CUST04530,1,107970,26342,5,4390
CUST04531,1,99585,34126,18,1750
CUST04532,3,140755,14221,10,1298
CUST04533,2,134318,46252,26,1729
CUST04534,0,79309,22311,17,1244
CUST04535,0,64727,7897,20,370
CUST04536,2,189875,32757,25,1239
CUST04537,1,89208,35600,11,2894
CUST04538,0,53977,4702,8,510
CUST04539,3,92108,20384,9,1997
CUST04540,1,102871,25121,5,4039
CUST04541,1,62711,30382,12,2330
CUST04542,0,49887,6013,20,291
CUST04543,1,95858,25322,7,3078
CUST04544,0,39407,3000,17,170
CUST04545,0,118717,25438,17,1398
CUST04546,3,144008,19264,11,1559
CUST04547,0,46325,17157,13,1243
CUST04548,3,138282,24390,13,1710
CUST04549,0,54217,8525,14,564
CUST04550,2,151777,55098,23,2342
CUST04551,1,40000,27101,7,3465
CUST04552,3,82971,18399,8,2084
CUST04553,0,29816,7892,25,307
CUST04554,1,77233,25283,13,1756
CUST04555,3,86299,12000,9,1216
CUST04556,0,27532,5614,11,449
CUST04557,3,102694,17524,6,2374
CUST04558,1,89840,45000,17,2478
CUST04559,1,72923,24370,13,1713
CUST04560,0,57489,12038,8,1338
CUST04561,1,94643,36636,5,6106
CUST04562,0,50713,4283,14,278
CUST04563,1,59455,28268,8,3073
CUST04564,3,133708,25106,10,2308
CUST04565,3,90687,29734,8,3202
CUST04566,1,77728,24467,15,1560
CUST04567,1,85605,35604,19,1807
CUST04568,3,119104,14635,9,1467
CUST04569,1,69343,23084,9,2300
CUST04570,0,66226,12000,18,630
CUST04571,0,52794,5855,16,350
CUST04572,1,76309,20301,4,4241
CUST04573,1,54654,32568,12,2498
CUST04574,0,58060,8825,12,665
CUST04575,1,57287,19520,9,1862
CUST04576,3,123357,8000,9,777
CUST04577,2,135386,48935,22,2153
CUST04578,0,87906,26452,17,1497
CUST04579,0,42515,10443,13,723
CUST04580,0,89593,12000,23,492
CUST04581,1,59688,24667,13,1805
CUST04582,1,43734,20072,8,2249
CUST04583,0,73634,13399,12,1040
CUST04584,3,82290,24604,16,1482
CUST04585,3,119674,12382,13,914
CUST04586,1,79850,26031,10,2310
CUST04587,0,35350,12823,18,668
CUST04588,0,32032,7482,30,244
CUST04589,0,38750,11541,18,615
CUST04590,1,95927,29126,11,2526
CUST04591,1,68184,28611,7,3374
CUST04592,3,113666,28307,9,2824
CUST04593,1,59273,26145,12,2001
CUST04594,3,93088,22369,15,1377
CUST04595,0,56421,13030,20,634
CUST04596,0,58684,5265,9,552
CUST04597,0,42441,9434,17,539
CUST04598,3,175313,21972,14,1458
CUST04599,1,51821,40615,15,2529
CUST04600,0,44465,7021,13,488
CUST04601,3,127318,17531,9,1727
CUST04602,0,40005,7747,20,372
CUST04603,0,48827,3914,8,435
CUST04604,1,40000,15696,13,1121
CUST04605,3,100111,11235,13,801
CUST04606,0,41217,5515,18,286
CUST04607,2,172542,49242,33,1437
CUST04608,0,35249,13724,18,707
CUST04609,1,73015,31836,10,2829
CUST04610,0,59649,6456,21,290
CUST04611,1,58684,31728,18,1635
CUST04612,1,79760,27424,9,2645
CUST04613,0,46068,7172,23,301
CUST04614,0,28650,7121,21,326
CUST04615,3,115052,14427,7,1764
CUST04616,3,116962,23993,11,1991
CUST04617,0,25227,12423,15,761
CUST04618,0,27048,8364,16,504
CUST04619,2,99918,50228,30,1615
CUST04620,3,83143,19245,13,1405
CUST04621,2,137644,38284,26,1427
CUST04622,3,93690,14284,7,1889
CUST04623,0,68059,7139,18,377
CUST04624,0,41535,11800,12,901
CUST04625,0,41466,11542,15,703
CUST04626,1,98588,26652,6,3973
CUST04627,1,86845,35030,5,5838
CUST04628,1,84426,23027,7,2891
CUST04629,2,153989,41350,19,2106
CUST04630,1,50794,31298,15,1949
CUST04631,2,112467,50525,21,2338
CUST04632,2,127102,62275,22,2691
CUST04633,0,55771,8940,9,928
CUST04634,0,37995,7577,13,524
CUST04635,3,101007,14493,8,1648
CUST04636,1,89824,25409,5,4375
CUST04637,0,53233,3146,8,350
CUST04638,1,73792,33217,14,2219
CUST04639,2,120991,62270,21,2848
CUST04640,1,64788,27809,10,2440
CUST04641,2,157482,49559,27,1758
CUST04642,1,74683,42618,9,4114
CUST04643,0,42525,11313,11,915
CUST04644,3,126075,24635,8,2755
CUST04645,0,68664,22166,18,1145
CUST04646,0,61222,4490,16,262
CUST04647,1,107220,32546,11,2723
CUST04648,0,40312,11436,18,593
CUST04649,2,112660,34466,32,1041
CUST04650,0,71275,12000,12,946
CUST04651,2,169461,46847,22,2024
CUST04652,0,60583,11912,16,684
CUST04653,0,32845,9129,16,537
CUST04654,1,45904,21346,16,1220
CUST04655,2,184478,46694,23,1964
CUST04656,1,92265,32444,11,2615
CUST04657,0,43283,7308,23,307
CUST04658,3,75172,16142,10,1476
CUST04659,0,64266,6828,8,759
CUST04660,1,73125,36643,23,1559
CUST04661,1,84404,34480,7,4158
CUST04662,3,83479,15028,7,1908
CUST04663,0,54057,11418,8,1269
CUST04664,1,85500,25623,20,1227
CUST04665,1,49709,21807,13,1547
CUST04666,3,100267,16301,10,1485
CUST04667,3,91982,23883,13,1678
CUST04668,1,60271,23498,16,1384
CUST04669,0,75841,7585,16,449
CUST04670,3,83759,28677,12,2237
CUST04671,3,97532,12592,7,1607
CUST04672,1,62976,26810,12,2039
CUST04673,1,88137,30632,12,2403
CUST04674,3,102608,13882,7,1759
CUST04675,0,32074,13015,13,899
CUST04676,3,144903,18213,8,1943
CUST04677,3,142837,16289,3,4072
CUST04678,1,141018,29140,3,7285
CUST04679,0,42622,11631,8,1260
CUST04680,0,82330,22304,15,1357
CUST04681,0,47154,11326,20,538
CUST04682,3,80059,26749,9,2633
CUST04683,0,32968,6635,18,354
CUST04684,0,25000,6011,12,452
CUST04685,1,78097,28831,12,2181
CUST04686,1,73766,23720,13,1703
CUST04687,0,69291,7843,16,451
CUST04688,2,160128,39497,23,1655
CUST04689,0,47858,9789,8,1088
CUST04690,3,147533,18051,8,1996
CUST04691,1,88337,27016,15,1683
CUST04692,0,49914,8461,20,405
CUST04693,2,157792,51135,22,2267
CUST04694,1,90328,27921,10,2621
CUST04695,0,60410,5549,14,373
CUST04696,2,188147,33964,22,1487
CUST04697,0,71907,17662,11,1480
CUST04698,0,90000,3994,21,179
CUST04699,2,192280,50297,24,1981
CUST04700,0,54294,10888,10,1027
CUST04701,0,58260,10193,27,367
CUST04702,1,85376,28618,8,3066
CUST04703,0,61624,8984,22,386
CUST04704,0,48158,10011,27,354
CUST04705,3,82930,20783,12,1629
CUST04706,2,223659,54343,20,2629
CUST04707,3,66746,19272,10,1714
CUST04708,0,50503,10667,15,655
CUST04709,3,82297,17230,15,1075
CUST04710,3,74755,22535,8,2423
CUST04711,1,96799,30384,10,2849
CUST04712,0,62572,5029,13,359
CUST04713,1,56338,17429,11,1423
CUST04714,1,73100,29986,9,3151
CUST04715,0,63938,5958,14,393
CUST04716,0,61399,12088,15,757
CUST04717,1,50214,33297,13,2392
CUST04718,0,51053,7285,14,489
CUST04719,0,42834,14399,18,764
CUST04720,0,81489,4594,10,413
CUST04721,1,70059,22515,12,1686
CUST04722,0,67701,19173,12,1457
CUST04723,2,153843,56966,27,2037
CUST04724,3,87831,21756,9,2219
CUST04725,0,73624,9836,8,1093
CUST04726,1,96740,27853,6,4237
CUST04727,0,66533,9065,11,744
CUST04728,1,51467,33587,9,3441
CUST04729,1,80294,24960,14,1653
CUST04730,0,74085,7133,17,397
CUST04731,0,54835,15660,9,1533
CUST04732,1,70183,37918,12,2818
CUST04733,1,83860,25619,14,1735
CUST04734,0,40351,6429,12,490
CUST04735,2,137370,41294,23,1746
CUST04736,1,57863,27615,10,2479
CUST04737,0,69674,10393,18,536
CUST04738,0,32443,6404,13,468
CUST04739,3,110003,15278,8,1679
CUST04740,3,95556,12000,11,968
CUST04741,1,58242,22175,14,1451
CUST04742,0,48033,11790,18,605
CUST04743,0,63749,9724,17,541
CUST04744,0,48192,4861,19,244
CUST04745,2,149507,38944,16,2348
CUST04746,0,70000,15981,10,1396
CUST04747,2,160427,43530,28,1499
CUST04748,0,70000,12200,11,1007
CUST04749,3,121131,12155,9,1247
CUST04750,0,47642,9569,10,900
CUST04751,1,74788,33869,14,2206
CUST04752,3,111790,15571,6,2104
CUST04753,0,28981,7347,21,339
CUST04754,3,81624,8000,8,936
CUST04755,0,30862,3000,16,179
CUST04756,0,26822,7082,19,358
CUST04757,1,81747,24300,9,2377
CUST04758,3,85105,16108,6,2264
CUST04759,0,54407,8205,12,654
CUST04760,1,70410,23053,13,1618
CUST04761,2,168988,46834,25,1781
CUST04762,0,50060,3706,27,133
CUST04763,3,72192,16627,9,1614
CUST04764,0,62828,7475,16,451
CUST04765,1,42605,28539,11,2467
CUST04766,3,72673,12390,9,1279
CUST04767,1,73958,19693,6,2963
CUST04768,0,39864,12107,16,716
CUST04769,0,66934,6393,13,472
CUST04770,0,86732,12000,10,1087
CUST04771,3,108275,15856,13,1104
CUST04772,1,78951,26170,8,2841
CUST04773,0,38523,12746,9,1324
CUST04774,3,139101,12934,9,1262
CUST04775,3,123436,14596,19,740
CUST04776,1,71295,22706,8,2396
CUST04777,1,47272,21024,10,1976
CUST04778,3,92349,19794,14,1329
CUST04779,3,88915,15738,6,2180
CUST04780,1,84755,27472,11,2323
CUST04781,0,37158,12661,8,1388
CUST04782,3,104449,25081,9,2614
CUST04783,3,168086,8000,12,637
CUST04784,3,121090,30666,6,4394
CUST04785,0,54268,9471,13,672
CUST04786,0,67418,3234,15,197
CUST04787,0,40576,3000,18,162
CUST04788,1,68978,33528,10,3144
CUST04789,1,40000,33587,9,3272
CUST04790,2,159234,33124,27,1202
CUST04791,0,56952,3982,22,175
CUST04792,3,81626,19021,17,1064
CUST04793,0,25000,7037,16,409
CUST04794,0,80268,19276,15,1183
CUST04795,0,52088,3000,16,179
CUST04796,3,85843,22484,13,1589
CUST04797,3,108218,15601,7,1894
CUST04798,2,158399,53701,28,1826
CUST04799,2,95597,28798,24,1144
CUST04800,0,53351,18664,16,1091
CUST04801,3,113333,16668,13,1206
CUST04802,3,127094,13928,8,1581
CUST04803,3,129708,23747,16,1439
CUST04804,3,123734,25606,6,3911
CUST04805,3,80756,7829,8,870
CUST04806,1,91511,35958,15,2241
CUST04807,3,96537,23323,11,1880
CUST04808,0,76515,13523,16,802
CUST04809,0,47705,17675,21,794
CUST04810,3,96403,18817,13,1360
CUST04811,3,119025,22813,5,3901
CUST04812,0,76029,12674,21,578
CUST04813,0,48209,7761,16,464
CUST04814,0,61349,6739,10,627
CUST04815,0,52919,4469,13,316
CUST04816,1,69552,25940,10,2414
CUST04817,0,77309,9673,16,558
CUST04818,3,90728,23503,10,2166
CUST04819,3,90519,24164,19,1230
CUST04820,1,74737,35178,14,2340
CUST04821,0,55918,10624,9,1013
CUST04822,3,150750,19870,6,2915
CUST04823,3,147521,17624,10,1612
CUST04824,0,36260,5936,18,315
CUST04825,3,83899,15474,10,1459
CUST04826,3,120271,27737,15,1683
CUST04827,0,57877,3000,13,216
CUST04828,0,52562,6770,20,323
CUST04829,0,48044,3976,8,442
CUST04830,2,186036,41376,28,1442
CUST04831,3,100844,17637,16,1053
CUST04832,0,63682,15575,13,1140
CUST04833,0,25000,9831,8,1035
CUST04834,1,86261,21245,5,3587
CUST04835,1,45105,30112,14,2037
CUST04836,3,62407,18187,10,1708
CUST04837,2,181470,40706,26,1483
CUST04838,0,45204,7754,12,620
CUST04839,0,57299,9163,11,753
CUST04840,2,126786,51128,25,1996
CUST04841,1,49885,26844,9,2596
CUST04842,2,132697,62360,24,2536
CUST04843,3,100192,12000,14,799
CUST04844,1,80655,30007,12,2376
CUST04845,1,75665,25823,14,1688
CUST04846,0,46927,4478,19,222
CUST04847,3,95471,34580,15,2205
CUST04848,1,71223,21306,14,1438
CUST04849,0,25000,6431,16,368
CUST04850,1,100154,28314,15,1752
CUST04851,1,70011,23507,17,1293
CUST04852,1,74099,30875,6,4426
CUST04853,1,55731,23521,10,2149
CUST04854,0,34793,7643,18,401
CUST04855,1,52966,20979,20,978
CUST04856,0,45034,14775,15,941
CUST04857,3,80660,14492,5,2415
CUST04858,3,154836,21061,8,2445
CUST04859,1,111769,39218,9,3882
CUST04860,3,124527,15242,4,3044
CUST04861,3,107512,19841,9,1916
CUST04862,1,94192,28468,16,1657
CUST04863,0,25000,6694,16,385
CUST04864,0,25000,9249,12,725
CUST04865,0,45160,13704,9,1393
CUST04866,0,75062,22394,19,1118
CUST04867,3,90607,14543,14,953
CUST04868,0,60861,9088,10,811
CUST04869,0,54808,10494,13,766
CUST04870,3,126119,23803,14,1577
CUST04871,1,54451,21066,15,1335
CUST04872,0,47450,8796,16,524
CUST04873,1,111337,31154,13,2162
CUST04874,1,91692,41928,9,4121
CUST04875,3,66532,18935,12,1412
CUST04876,0,51577,11778,14,760
CUST04877,1,97165,25594,10,2345
CUST04878,3,83009,16078,8,1852
CUST04879,0,66684,11675,17,642
CUST04880,3,95346,24371,17,1352
CUST04881,3,91833,26916,11,2299
CUST04882,3,75442,22771,10,1997
CUST04883,0,69585,3000,14,194
CUST04884,0,55223,5149,12,398
CUST04885,2,162889,48886,15,3055
CUST04886,3,104436,28748,10,2653
CUST04887,3,133056,14335,10,1281
CUST04888,0,52515,8064,20,385
CUST04889,3,160712,8000,11,660
CUST04890,3,82868,31072,16,1829
CUST04891,0,87796,11723,8,1303
CUST04892,2,134664,33537,29,1103
CUST04893,1,93746,31020,8,3639
CUST04894,0,46302,10075,8,1119
CUST04895,0,42249,3000,10,269
CUST04896,0,58894,19332,12,1505
CUST04897,0,43938,6249,22,276
CUST04898,2,122871,34772,18,1792
CUST04899,3,72106,8680,8,964
CUST04900,0,62268,7237,11,588
CUST04901,0,52013,14304,21,660
CUST04902,1,85481,28376,12,2221
CUST04903,0,88411,15952,19,811
CUST04904,3,83646,18823,11,1618
CUST04905,3,116907,15956,9,1673
CUST04906,0,25189,6144,12,479
CUST04907,0,84178,12137,16,733
CUST04908,1,60939,25753,8,2928
CUST04909,0,41360,8079,15,494
CUST04910,0,52863,12987,13,903
CUST04911,2,157447,49300,27,1732
CUST04912,0,61654,8095,17,455
CUST04913,3,101798,29096,6,4367
CUST04914,0,40706,4147,9,434
CUST04915,3,135081,13572,3,3393
CUST04916,0,46104,4201,8,467
CUST04917,1,64757,29100,14,1926
CUST04918,1,86730,26444,9,2581
CUST04919,0,75662,7070,10,657
CUST04920,1,74376,21901,11,1774
CUST04921,2,142585,39358,30,1272
CUST04922,3,142844,16542,11,1346
CUST04923,0,61982,18027,20,867
CUST04924,0,29384,6174,18,331
CUST04925,3,80287,22225,12,1688
CUST04926,0,62660,4344,13,309
CUST04927,3,136974,8033,9,770
CUST04928,3,72490,27529,17,1510
CUST04929,3,143328,8000,10,721
CUST04930,1,67262,27947,16,1633
CUST04931,3,76457,20876,14,1429
CUST04932,0,55303,6924,8,742
CUST04933,0,61977,7050,17,395
CUST04934,0,67876,8246,11,702
CUST04935,1,73284,26940,12,2047
CUST04936,1,81216,38425,7,4654
CUST04937,3,151988,18927,3,4451
CUST04938,1,40000,24353,6,3401
CUST04939,0,49376,8395,16,491
CUST04940,3,132787,25240,8,2916
CUST04941,0,40000,12000,14,786
CUST04942,1,40000,28441,12,2213
CUST04943,1,50352,30279,11,2438
CUST04944,1,77851,33334,10,3131
CUST04945,3,137818,8000,9,765
CUST04946,3,140270,12967,11,1049
CUST04947,0,79811,4191,15,262
CUST04948,1,75310,25452,6,3512
CUST04949,1,94530,26617,16,1538
CUST04950,2,126286,56055,25,2193
CUST04951,3,83606,21751,11,1857
CUST04952,0,51060,3000,19,154
CUST04953,3,103075,21555,3,5117
CUST04954,0,33752,3000,8,333
CUST04955,3,114681,22205,12,1665
CUST04956,3,97869,23513,3,5269
CUST04957,3,155721,20463,3,5116
CUST04958,3,123987,25870,8,2790
CUST04959,0,66045,5141,20,243
CUST04960,0,30927,6452,20,309
CUST04961,3,98693,12000,13,884
CUST04962,3,85866,19283,10,1793
CUST04963,0,51920,4218,11,353
CUST04964,3,182789,8000,6,1079
CUST04965,0,46676,6512,17,352
CUST04966,3,128689,21874,7,2745
CUST04967,2,161060,34531,27,1212
CUST04968,3,90051,20551,8,2239
CUST04969,0,63023,6083,21,272
CUST04970,2,150893,48217,24,1920
CUST04971,1,85882,26795,20,1304
CUST04972,0,52378,10182,20,476
CUST04973,3,130705,11483,9,1103
CUST04974,3,141808,25703,16,1533
CUST04975,1,91137,32333,5,5389
CUST04976,0,38477,10756,16,633
CUST04977,1,90002,25196,8,2691
CUST04978,3,90607,24762,14,1672
CUST04979,3,99075,22127,12,1713
CUST04980,1,44632,35074,9,3509
CUST04981,0,63282,9787,18,513
CUST04982,0,83110,15161,13,1078
CUST04983,3,104794,12033,8,1323
CUST04984,3,112437,18169,12,1357
CUST04985,1,102129,28829,13,2110
CUST04986,0,94995,13128,15,831
CUST04987,0,70145,8228,17,449
CUST04988,0,46857,12748,11,1085
CUST04989,0,58587,12771,9,1269
CUST04990,0,68651,15751,18,835
CUST04991,3,92221,20381,18,1060
CUST04992,3,56828,14500,8,1614
CUST04993,1,70401,35754,16,2084
CUST04994,1,91578,27333,15,1760
CUST04995,1,63236,17849,7,2190
CUST04996,1,73290,29164,13,2076
CUST04997,3,134654,14318,6,2075
CUST04998,0,53634,4519,17,255
CUST04999,3,109803,31268,16,1837
CUST05000,3,114930,17458,10,1605
