CustomerID,Age,Gender,AnnualIncome,CityTier,TenureDays,PurchaseFrequency,TotalSpending,AvgOrderValue,RecencyDays,CategoriesCount,WebsiteVisits,AppUsageHours,EmailOpenRate,SupportTickets,SatisfactionScore,NPSScore,LoyaltyPoints,NextMonthRevenue,WillChurn,TrueSegment,Gender_Male,Cluster
CUST00001,44,Female,65242,2,238,6,28443.83,4740.64,11,3,9,4.2,0.863,2,10.0,0,884,4018.72,0,At Risk,0,0
CUST00002,36,Female,29778,3,576,9,29181.85,3242.43,27,4,14,10.1,0.422,1,9.1,6,1192,2775.46,0,Loyal,0,0
CUST00003,46,Male,165701,3,130,5,44666.45,8933.29,2,8,10,4.8,0.942,3,8.0,8,947,6834.75,0,High Potential,1,3
CUST00004,56,Female,60951,3,275,10,43589.14,4358.91,50,4,19,0.0,0.747,2,8.9,1,1436,8516.34,0,Loyal,0,0
CUST00005,35,Male,54539,2,407,11,38940.74,3540.07,4,4,14,0.1,0.818,0,5.9,6,1489,5277.84,0,At Risk,1,3
CUST00006,35,Male,189731,3,1097,5,71624.03,14324.81,11,9,6,6.4,0.881,2,8.3,7,1216,14529.68,0,High Potential,1,2
CUST00007,57,Male,34705,1,197,11,37448.09,3404.37,53,3,12,9.3,0.648,4,7.3,1,1474,8253.12,0,Loyal,1,3
CUST00008,47,Male,37222,2,72,6,16480.63,2746.77,2,4,15,1.5,0.544,2,10.0,0,765,2326.41,0,At Risk,1,3
CUST00009,32,Female,37883,2,336,17,47458.57,2791.68,38,5,18,3.2,0.381,0,9.3,10,2175,6315.74,0,Loyal,0,1
CUST00010,45,Male,70212,2,687,15,54452.7,3630.18,90,4,16,16.2,0.712,0,8.9,6,2045,12567.19,0,Loyal,1,1
CUST00011,32,Male,94748,3,58,16,57667.95,3604.25,34,3,8,3.1,0.735,4,6.1,0,2177,7796.2,0,At Risk,1,1
CUST00012,32,Female,113983,3,276,6,41298.87,6883.14,44,2,12,0.7,0.741,4,10.0,1,1013,7438.32,0,At Risk,0,0
CUST00013,41,Male,342216,1,30,17,95379.4,5610.55,55,7,9,12.1,0.603,3,7.2,4,2654,15002.54,1,VIP,1,1
CUST00014,18,Female,25000,1,30,9,21706.35,2411.82,9,3,9,3.4,0.234,0,6.6,2,1117,2000.0,0,At Risk,0,0
CUST00015,18,Male,105371,2,330,8,41108.95,5138.62,30,2,16,2.1,0.543,1,8.9,4,1211,3150.07,1,At Risk,1,3
CUST00016,31,Female,52351,2,177,14,38701.53,2764.4,13,6,10,0.5,0.656,3,5.3,7,1787,7553.38,1,At Risk,0,1
CUST00017,26,Female,51439,2,933,9,44155.75,4906.19,10,6,16,3.1,0.44,1,6.1,4,1342,4585.72,1,At Risk,0,0
CUST00018,42,Male,50420,3,461,9,25833.06,2870.34,7,6,11,7.3,0.624,2,6.3,2,1158,4261.43,1,At Risk,1,3
CUST00019,27,Male,42393,3,303,13,36235.31,2787.33,31,4,8,6.3,0.251,1,7.9,1,1662,2776.54,0,Loyal,1,1
CUST00020,21,Male,200931,2,262,7,58344.65,8334.95,55,4,11,3.4,0.842,0,8.0,4,1283,8090.79,0,High Potential,1,2
CUST00021,56,Female,121222,3,344,7,47487.62,6783.95,73,4,16,6.4,0.45,3,6.6,0,1175,7518.93,0,At Risk,0,0
CUST00022,35,Male,74155,2,30,13,54435.35,4187.33,20,1,9,2.2,0.643,0,7.1,10,1844,4053.68,1,Loyal,1,1
CUST00023,39,Male,164491,1,1116,16,78900.24,4931.27,16,6,14,6.6,0.373,0,2.9,5,2389,11586.71,1,VIP,1,1
CUST00024,21,Male,29510,2,2000,3,32342.05,10780.68,41,5,17,0.4,0.513,2,7.3,3,623,5396.5,1,At Risk,1,3
CUST00025,31,Male,32911,2,100,9,16082.94,1786.99,53,7,9,1.1,0.741,1,7.7,4,1061,2079.11,0,Loyal,1,3
CUST00026,39,Female,25000,3,64,13,17064.28,1312.64,10,2,15,10.5,0.366,3,9.1,8,1471,2000.0,0,Loyal,0,0
CUST00027,24,Female,48067,1,77,9,29440.36,3271.15,12,2,10,1.7,0.391,1,7.5,10,1194,4598.01,0,Loyal,0,0
CUST00028,43,Male,80581,2,541,14,45763.08,3268.79,27,7,19,1.2,0.727,1,8.5,4,1858,6412.69,0,Loyal,1,1
CUST00029,31,Male,77786,2,542,13,48527.8,3732.91,21,4,9,0.5,0.324,1,7.1,9,1785,11225.0,0,Loyal,1,1
CUST00030,34,Female,79986,3,942,10,38227.03,3822.7,43,3,14,2.5,0.342,2,10.0,2,1382,6054.75,0,Loyal,0,0
CUST00031,31,Female,31362,2,697,3,29097.6,9699.2,25,5,13,0.3,0.362,0,7.6,7,591,3878.27,0,At Risk,0,0
CUST00032,60,Male,118408,3,299,6,29669.47,4944.91,4,6,7,3.4,0.692,1,7.6,7,897,4664.85,0,At Risk,1,3
CUST00033,38,Male,84438,3,474,6,31604.17,5267.36,6,2,12,12.6,0.602,0,6.1,0,916,5840.18,0,At Risk,1,3
CUST00034,25,Male,113531,2,583,5,35508.72,7101.74,81,1,14,7.7,0.743,2,8.9,7,855,6513.91,0,At Risk,1,3
CUST00035,48,Female,25000,2,359,11,36957.38,3359.76,9,2,8,0.2,0.686,1,8.1,10,1470,6851.35,0,Loyal,0,0
CUST00036,23,Male,88159,3,323,7,32728.38,4675.48,2,2,15,1.8,0.761,2,9.3,8,1027,6735.19,0,At Risk,1,3
CUST00037,41,Female,35859,2,518,5,16408.46,3281.69,46,8,4,1.0,0.532,1,6.8,4,664,2000.0,1,At Risk,0,0
CUST00038,18,Female,57619,3,408,14,41782.81,2984.49,40,4,13,0.3,0.849,1,7.8,10,1818,7547.52,0,Loyal,0,1
CUST00039,22,Female,100772,1,516,13,43388.78,3337.6,32,4,16,0.6,0.508,1,9.8,4,1734,7849.2,0,Loyal,0,1
CUST00040,40,Male,77239,1,474,5,29610.17,5922.03,24,6,12,11.9,0.919,3,10.0,9,796,4414.59,0,At Risk,1,3
CUST00041,47,Male,43874,3,635,6,24494.71,4082.45,122,4,15,1.9,0.648,2,9.2,7,845,4445.77,0,At Risk,1,3
CUST00042,40,Male,73406,3,515,10,61381.06,6138.11,4,5,12,2.5,0.73,2,8.5,0,1614,9084.54,0,Loyal,1,1
CUST00043,37,Male,29175,3,367,12,27252.41,2271.03,25,4,15,3.3,0.625,0,5.8,1,1473,4299.4,0,At Risk,1,3
CUST00044,34,Female,145825,2,573,9,52146.68,5794.08,29,6,16,6.8,0.499,3,7.0,8,1421,8189.47,0,High Potential,0,0
CUST00045,20,Female,64656,3,298,10,36357.05,3635.7,1,4,17,8.0,0.922,3,4.3,5,1364,2070.84,0,At Risk,0,0
CUST00046,29,Female,143076,3,138,8,49168.47,6146.06,19,3,16,16.6,0.305,1,8.4,9,1292,8141.41,0,High Potential,0,0
CUST00047,32,Female,53321,3,30,14,45515.88,3251.13,53,5,20,1.2,0.398,2,7.3,2,1855,8238.86,0,Loyal,0,1
CUST00048,51,Male,53415,2,410,2,34005.02,17002.51,22,3,11,1.8,0.861,1,8.5,5,540,6064.75,0,At Risk,1,3
CUST00049,42,Male,46235,2,447,8,21736.02,2717.0,73,4,9,1.9,0.693,0,7.1,8,1017,2232.01,0,At Risk,1,3
CUST00050,18,Male,123711,3,1789,13,68434.82,5264.22,36,1,6,2.9,0.628,5,6.3,6,1984,8214.89,1,At Risk,1,1
CUST00051,42,Female,47779,2,224,15,37990.48,2532.7,51,5,12,8.2,0.306,2,6.8,8,1880,6233.03,0,At Risk,0,1
CUST00052,33,Female,107663,2,251,9,44532.9,4948.1,57,2,18,1.4,0.494,1,9.8,6,1345,8710.54,0,Loyal,0,0
CUST00053,30,Female,58135,2,113,13,45974.34,3536.49,41,2,7,7.6,0.555,0,9.5,0,1760,9899.89,0,Loyal,0,1
CUST00054,45,Male,25000,2,37,12,40413.92,3367.83,48,4,11,1.1,0.378,1,7.5,8,1604,7807.73,1,Loyal,1,3
CUST00055,50,Male,51938,2,741,7,36951.34,5278.76,42,2,14,6.2,0.64,0,9.8,3,1070,7130.38,0,At Risk,1,3
CUST00056,49,Female,36045,1,144,12,33201.52,2766.79,28,3,12,8.0,0.756,0,9.1,1,1532,2000.0,0,Loyal,0,0
CUST00057,28,Male,74633,3,469,19,62585.24,3293.96,29,1,11,9.6,0.71,1,6.8,9,2526,7993.66,0,At Risk,1,1
CUST00058,34,Female,35802,2,582,13,29201.34,2246.26,7,4,17,3.6,0.515,0,6.5,8,1592,5339.27,0,At Risk,0,0
CUST00059,42,Female,127463,2,319,13,48184.53,3706.5,61,5,12,2.0,0.649,3,6.1,9,1782,5786.93,0,At Risk,0,1
CUST00060,50,Female,69241,1,1045,11,44741.95,4067.45,13,4,9,7.4,0.561,3,7.2,4,1547,5522.54,0,Loyal,0,0
CUST00061,32,Male,65739,1,293,9,42319.19,4702.13,27,4,15,1.9,0.642,2,8.7,1,1323,5089.81,0,Loyal,1,3
CUST00062,36,Male,108395,1,168,8,37223.28,4652.91,10,4,12,0.8,0.804,3,6.7,8,1172,9845.84,1,At Risk,1,3
CUST00063,25,Male,130398,3,1132,10,54218.25,5421.82,42,5,15,9.0,0.22,1,6.1,6,1542,5386.94,1,High Potential,1,1
CUST00064,24,Male,72254,1,989,4,15146.05,3786.51,129,4,13,2.6,0.929,1,9.8,6,551,3105.53,0,At Risk,1,3
CUST00065,48,Male,46041,3,90,7,42552.14,6078.88,57,3,13,4.2,0.936,2,8.3,0,1126,5198.37,0,At Risk,1,3
CUST00066,54,Female,25226,1,30,9,20150.17,2238.91,34,1,16,12.5,0.946,1,7.4,4,1102,2333.02,0,Loyal,0,0
CUST00067,37,Female,48454,1,47,3,5000.0,1666.67,29,3,10,0.7,0.154,4,4.2,3,350,2462.87,0,At Risk,0,0
CUST00068,50,Male,50497,1,169,9,29996.83,3332.98,24,5,10,4.1,0.481,0,8.7,4,1200,7205.14,0,Loyal,1,3
CUST00069,42,Male,77982,1,1792,8,49678.56,6209.82,8,7,8,4.1,0.738,2,5.6,6,1297,5518.71,0,At Risk,1,3
CUST00070,30,Male,59451,3,409,19,48709.83,2563.68,15,4,11,9.9,0.708,2,7.8,5,2387,7592.91,0,Loyal,1,1
CUST00071,42,Male,110499,3,234,2,22497.13,11248.56,18,1,16,2.1,0.224,2,8.7,6,425,3828.0,0,At Risk,1,3
CUST00072,56,Female,50625,2,1098,13,50502.87,3884.84,101,5,10,2.6,0.586,1,9.2,3,1805,6864.25,0,Loyal,0,1
CUST00073,38,Male,70670,1,302,7,36826.81,5260.97,19,2,10,3.7,0.621,1,6.1,0,1068,4304.27,0,At Risk,1,3
CUST00074,57,Male,148805,2,189,11,58260.28,5296.39,31,4,15,0.9,0.472,2,9.1,6,1683,11129.67,0,High Potential,1,1
CUST00075,18,Male,89778,2,1417,12,46573.09,3881.09,89,3,10,3.2,0.89,0,7.7,0,1666,5008.31,0,Loyal,1,1
CUST00076,48,Female,70543,3,947,12,39825.06,3318.76,26,3,12,2.9,0.856,0,8.1,5,1598,3708.5,0,Loyal,0,0
CUST00077,39,Female,50962,1,928,13,39231.11,3017.78,10,3,13,1.1,0.55,0,5.7,0,1692,8667.1,0,At Risk,0,1
CUST00078,34,Male,50014,3,359,5,19559.43,3911.89,17,4,9,8.9,0.582,0,5.1,9,696,3629.9,0,At Risk,1,3
CUST00079,39,Female,43898,2,779,14,46092.54,3292.32,16,2,9,2.8,0.684,1,10.0,1,1861,5035.63,0,Loyal,0,1
CUST00080,18,Female,52860,2,99,6,20061.08,3343.51,44,2,7,1.8,0.613,0,10.0,2,801,3687.87,0,At Risk,0,0
CUST00081,35,Female,115082,2,426,9,37324.37,4147.15,12,4,10,0.7,0.874,1,4.6,2,1273,4325.64,0,At Risk,0,0
CUST00082,42,Male,64015,1,2000,3,38868.8,12956.27,46,7,8,0.5,0.42,1,8.8,9,689,9708.57,0,At Risk,1,3
CUST00083,56,Female,32537,3,172,9,43746.46,4860.72,77,6,6,16.1,0.773,0,6.8,6,1337,6125.47,0,At Risk,0,0
CUST00084,32,Female,211272,1,791,12,68111.54,5675.96,14,4,17,26.6,0.359,0,9.0,8,1881,11821.22,0,High Potential,0,1
CUST00085,28,Female,88608,3,337,5,25514.45,5102.89,5,6,6,11.4,0.605,2,5.2,1,755,4013.66,1,At Risk,0,0
CUST00086,32,Female,31440,1,30,13,29577.8,2275.22,36,7,20,3.1,0.582,0,7.2,4,1596,8180.79,0,Loyal,0,0
CUST00087,49,Female,56100,3,720,9,40351.65,4483.52,16,2,11,8.2,0.594,1,8.2,5,1304,6818.42,0,Loyal,0,0
CUST00088,42,Male,78161,1,92,8,36859.68,4607.46,27,1,12,9.0,0.283,1,4.8,7,1169,8329.06,1,At Risk,1,3
CUST00089,32,Female,203365,3,499,8,62187.66,7773.46,35,4,12,1.8,0.663,3,5.5,5,1422,10081.81,0,High Potential,0,2
CUST00090,44,Female,37614,3,45,12,26744.6,2228.72,18,5,11,4.4,0.93,3,7.0,10,1467,3316.34,0,At Risk,0,0
CUST00091,39,Female,131350,3,1467,6,68231.24,11371.87,91,3,14,15.7,0.477,0,5.6,5,1282,9752.61,0,High Potential,0,2
CUST00092,50,Male,169345,2,172,6,58587.06,9764.51,18,6,7,1.6,0.732,1,7.4,10,1186,8339.15,0,High Potential,1,2
CUST00093,30,Female,50152,3,128,9,42142.33,4682.48,13,5,10,5.4,0.696,1,7.2,10,1321,5384.85,0,Loyal,0,0
CUST00094,34,Female,61913,2,69,7,32397.03,4628.15,76,4,8,5.4,0.774,0,8.2,5,1024,3092.43,0,At Risk,0,0
CUST00095,33,Male,39270,1,1459,6,30366.96,5061.16,5,3,11,3.0,0.407,1,8.4,3,904,8314.66,0,At Risk,1,3
CUST00096,20,Female,64726,2,622,2,26007.59,13003.79,5,2,8,3.4,0.521,3,6.7,6,460,2000.0,0,At Risk,0,0
CUST00097,42,Female,71542,1,677,3,41006.48,13668.83,96,4,9,3.0,0.95,3,8.8,5,710,9611.87,0,At Risk,0,0
CUST00098,41,Female,108639,3,346,15,57779.41,3851.96,8,4,14,3.7,0.649,0,5.7,0,2078,5795.57,0,At Risk,0,1
CUST00099,38,Male,140661,1,322,10,37774.28,3777.43,6,4,19,0.8,0.446,2,6.1,6,1378,7404.3,0,High Potential,1,3
CUST00100,35,Male,46683,2,58,6,32755.29,5459.21,27,5,18,7.9,0.59,0,3.8,0,928,3660.91,0,At Risk,1,3
CUST00101,21,Female,25000,2,410,2,24357.42,12178.71,2,4,8,5.4,0.394,2,7.2,5,444,2000.0,0,At Risk,0,0
CUST00102,33,Male,72204,2,142,26,73717.49,2835.29,34,6,12,18.2,0.665,1,9.5,10,3337,13336.57,0,Loyal,1,1
CUST00103,34,Female,87214,2,1889,18,55959.93,3108.88,21,6,16,1.4,0.374,1,7.5,1,2360,3626.21,1,Loyal,0,1
CUST00104,28,Female,84936,1,796,8,42550.87,5318.86,36,4,7,0.8,0.465,0,6.1,10,1226,8509.05,0,At Risk,0,0
CUST00105,36,Female,60114,2,266,16,52358.98,3272.44,12,2,11,2.1,0.389,1,4.3,4,2124,7823.55,0,At Risk,0,1
CUST00106,43,Male,78814,2,82,12,39723.22,3310.27,83,2,9,3.6,0.867,0,4.7,0,1597,7905.52,0,At Risk,1,3
CUST00107,61,Female,181546,3,769,8,63542.74,7942.84,11,2,14,1.1,0.695,0,6.8,10,1435,10633.1,0,High Potential,0,2
CUST00108,40,Male,91954,3,65,24,68430.19,2851.26,36,4,12,3.1,0.786,0,6.9,6,3084,11236.31,0,At Risk,1,1
CUST00109,41,Male,58453,3,105,15,34088.1,2272.54,102,4,12,5.1,0.785,0,8.3,0,1841,7245.99,0,Loyal,1,1
CUST00110,37,Male,54170,1,119,25,61628.05,2465.12,18,9,14,0.3,0.478,1,9.5,9,3116,11602.7,0,Loyal,1,1
CUST00111,18,Male,66045,2,407,4,17100.54,4275.14,6,7,13,7.1,0.812,3,8.0,6,571,4164.73,0,At Risk,1,3
CUST00112,38,Female,195252,1,773,9,64520.7,7168.97,2,1,14,14.0,0.438,2,6.6,7,1545,9335.35,0,High Potential,0,2
CUST00113,39,Female,65514,1,189,8,25710.31,3213.79,115,6,8,1.6,0.807,1,8.4,3,1057,4349.86,1,At Risk,0,0
CUST00114,68,Male,72267,1,44,6,34055.78,5675.96,50,3,7,7.5,0.95,3,8.3,2,941,6231.37,0,At Risk,1,3
CUST00115,36,Female,54754,2,312,4,27095.03,6773.76,88,7,9,2.7,0.893,1,9.1,0,671,4089.54,0,At Risk,0,0
CUST00116,42,Male,141406,1,689,8,55563.39,6945.42,42,3,7,5.5,0.664,4,6.2,6,1356,13049.09,0,High Potential,1,3
CUST00117,38,Female,237021,2,125,10,73402.24,7340.22,15,4,12,6.8,0.875,2,8.3,1,1734,10709.31,0,High Potential,0,2
CUST00118,24,Female,95834,3,124,9,41764.23,4640.47,5,4,7,1.7,0.804,1,8.4,3,1318,4340.18,0,Loyal,0,0
CUST00119,52,Female,76854,2,1471,8,59145.51,7393.19,93,3,15,7.7,0.782,0,7.2,3,1391,8464.36,1,At Risk,0,0
CUST00120,47,Male,74762,2,1541,5,48372.2,9674.44,24,4,11,0.6,0.599,1,5.5,7,984,5474.53,0,At Risk,1,3
CUST00121,47,Female,25000,2,2000,8,28207.29,3525.91,18,4,11,21.6,0.713,2,7.6,1,1082,8605.2,1,At Risk,0,0
CUST00122,27,Male,114358,2,824,7,40079.71,5725.67,30,1,15,2.1,0.675,1,6.4,2,1101,6324.19,0,At Risk,1,3
CUST00123,55,Female,79261,1,104,12,38202.25,3183.52,4,8,16,1.3,0.326,1,8.8,0,1582,7982.92,0,Loyal,0,0
CUST00124,21,Male,94561,2,119,10,37817.66,3781.77,13,4,13,0.7,0.881,1,7.3,6,1378,6993.15,0,Loyal,1,3
CUST00125,45,Female,47721,2,208,5,14546.2,2909.24,36,9,12,8.4,0.586,0,7.5,7,645,4706.0,0,At Risk,0,0
CUST00126,64,Female,58065,3,191,4,26199.6,6549.9,4,1,13,4.4,0.747,0,6.9,1,662,4841.2,0,At Risk,0,0
CUST00127,26,Female,57147,3,1568,5,33626.43,6725.29,5,5,15,15.1,0.691,1,7.1,10,836,4586.46,0,At Risk,0,0
CUST00128,31,Male,134992,2,778,20,73663.52,3683.18,25,6,13,5.2,0.723,1,10.0,1,2737,11201.56,0,High Potential,1,1
CUST00129,39,Female,58264,2,644,5,13293.03,2658.61,34,3,8,2.1,0.875,1,8.4,0,633,2000.0,0,At Risk,0,0
CUST00130,32,Male,255147,1,103,10,62372.68,6237.27,7,6,10,9.1,0.649,2,5.4,0,1624,9260.24,0,High Potential,1,2
CUST00131,19,Female,94705,3,1201,13,49516.2,3808.94,1,3,20,1.7,0.442,5,7.4,3,1795,11162.9,0,Loyal,0,1
CUST00132,39,Male,34016,2,880,3,24785.2,8261.73,111,7,13,1.7,0.807,5,5.4,3,548,5295.79,1,At Risk,1,3
CUST00133,25,Male,67702,1,89,17,50033.47,2943.15,1,4,12,0.1,0.807,2,10.0,7,2200,8240.48,0,Loyal,1,1
CUST00134,44,Female,49464,1,1025,11,46939.18,4267.2,0,2,5,1.5,0.732,1,9.5,4,1569,11998.93,0,Loyal,0,0
CUST00135,27,Male,25000,1,159,5,10165.18,2033.04,14,2,17,1.5,0.887,2,10.0,3,602,2000.0,0,At Risk,1,3
CUST00136,57,Male,190934,3,42,15,74828.19,4988.55,9,5,9,1.8,0.35,4,4.8,8,2248,11355.52,1,High Potential,1,1
CUST00137,29,Male,111512,1,535,4,48252.43,12063.11,30,4,17,2.3,0.503,3,5.8,10,883,7063.27,1,At Risk,1,3
CUST00138,34,Male,100702,2,530,9,50010.36,5556.71,79,4,18,4.3,0.396,2,6.2,5,1400,6971.99,0,At Risk,1,3
CUST00139,48,Female,80760,2,50,7,20427.32,2918.19,23,3,12,1.2,0.789,2,6.0,0,904,4227.29,0,At Risk,0,0
CUST00140,23,Female,31914,2,192,3,22819.63,7606.54,52,5,10,5.1,0.302,2,6.0,6,528,4877.34,1,At Risk,0,0
CUST00141,41,Male,54712,3,2000,8,45046.9,5630.86,84,4,10,0.7,0.784,3,6.2,9,1250,6289.87,0,At Risk,1,3
CUST00142,54,Male,121184,3,567,5,43831.87,8766.37,7,6,16,13.4,0.636,0,7.1,7,938,5083.83,0,At Risk,1,3
CUST00143,19,Male,38920,2,655,16,62565.52,3910.34,23,7,7,0.1,0.915,1,8.1,3,2226,13052.8,0,Loyal,1,1
CUST00144,40,Male,25000,1,120,7,21030.39,3004.34,36,4,10,11.9,0.545,0,8.4,2,910,4493.23,0,At Risk,1,3
CUST00145,41,Female,63815,2,41,10,37417.12,3741.71,14,4,12,4.0,0.83,3,9.1,0,1374,4043.82,0,Loyal,0,0
CUST00146,47,Female,67168,2,162,9,33023.99,3669.33,47,2,8,6.2,0.711,0,8.0,10,1230,3303.11,0,Loyal,0,0
CUST00147,23,Male,79327,2,143,5,25650.77,5130.15,43,6,12,1.8,0.265,1,8.0,7,757,8341.05,0,At Risk,1,3
CUST00148,22,Male,113223,2,134,9,45094.75,5010.53,19,3,10,1.0,0.176,2,9.4,9,1351,12118.5,0,Loyal,1,3
CUST00149,44,Male,107212,1,107,6,31746.12,5291.02,3,2,11,14.7,0.701,1,8.7,8,917,6500.45,0,At Risk,1,3
CUST00150,42,Female,85414,2,428,11,43175.43,3925.04,0,2,19,2.9,0.596,0,8.0,10,1532,5557.5,0,Loyal,0,0
CUST00151,41,Female,149839,1,199,1,33941.68,33941.68,16,1,9,3.3,0.927,2,4.7,9,439,6286.72,0,At Risk,0,2
CUST00152,42,Male,29396,3,858,11,16507.11,1500.65,3,3,11,21.2,0.664,2,9.8,9,1265,2787.42,0,Loyal,1,3
CUST00153,30,Male,98988,2,102,4,25856.46,6464.11,53,5,9,2.0,0.725,1,4.9,0,659,5146.32,1,At Risk,1,3
CUST00154,41,Female,106502,3,312,8,47974.06,5996.76,14,2,15,0.5,0.548,1,6.4,9,1280,7919.3,0,At Risk,0,0
CUST00155,42,Female,34761,1,30,7,24645.52,3520.79,38,7,10,4.4,0.549,2,4.0,10,946,4181.69,0,At Risk,0,0
CUST00156,29,Male,29681,2,329,9,23484.48,2609.39,15,2,13,4.0,0.69,2,10.0,8,1135,4179.31,0,Loyal,1,3
CUST00157,60,Male,46744,3,30,22,50912.25,2314.19,56,8,18,7.4,0.602,1,6.6,9,2709,7136.32,1,At Risk,1,1
CUST00158,44,Male,49172,1,1902,6,30390.97,5065.16,77,5,15,15.5,0.694,1,7.6,3,904,7297.66,0,At Risk,1,3
CUST00159,24,Female,114927,3,782,7,38555.27,5507.9,64,5,9,1.8,0.705,4,4.9,4,1086,5314.35,0,At Risk,0,0
CUST00160,46,Male,50578,2,337,7,26474.93,3782.13,23,1,15,6.4,0.838,1,7.8,4,965,8587.21,0,At Risk,1,3
CUST00161,26,Male,43748,2,45,9,24460.64,2717.85,3,2,16,2.9,0.477,0,9.2,5,1145,8695.66,0,Loyal,1,3
CUST00162,47,Female,50666,2,449,18,41108.4,2283.8,16,2,7,7.7,0.774,0,6.2,1,2211,5511.47,0,At Risk,0,1
CUST00163,52,Male,143083,2,711,16,65432.61,4089.54,19,3,12,0.9,0.714,0,7.5,1,2254,8980.0,0,High Potential,1,1
CUST00164,28,Female,73705,2,106,10,26160.15,2616.01,113,3,8,3.5,0.405,0,8.0,10,1262,4223.59,0,Loyal,0,0
CUST00165,50,Male,65673,2,420,12,52001.08,4333.42,29,4,16,0.4,0.834,1,5.7,4,1720,6381.87,0,At Risk,1,1
CUST00166,43,Male,68459,2,842,13,52358.41,4027.57,36,6,13,4.1,0.334,0,8.7,4,1824,9759.36,0,Loyal,1,1
CUST00167,48,Female,158774,2,731,10,41405.63,4140.56,53,3,7,0.9,0.186,0,6.1,0,1414,8613.65,1,High Potential,0,0
CUST00168,61,Male,46653,1,812,7,36070.43,5152.92,29,4,11,16.1,0.701,2,7.7,8,1061,8814.82,0,At Risk,1,3
CUST00169,35,Female,161023,1,1057,14,66100.89,4721.49,32,4,8,4.0,0.612,2,7.3,1,2061,9832.94,0,High Potential,0,1
CUST00170,29,Female,82975,1,1388,9,41183.12,4575.9,10,6,14,3.8,0.701,4,9.3,6,1312,6714.68,0,Loyal,0,0
CUST00171,27,Male,66420,2,260,2,26316.71,13158.36,2,5,15,17.9,0.853,3,7.8,1,463,2000.0,0,At Risk,1,3
CUST00172,28,Female,327925,3,421,13,97763.42,7520.26,45,3,8,3.4,0.456,0,4.1,7,2278,12312.0,1,VIP,0,2
CUST00173,37,Male,38817,3,782,2,15297.85,7648.92,66,5,9,5.6,0.673,2,7.6,5,353,2000.0,1,At Risk,1,3
CUST00174,42,Female,59147,1,597,9,23361.28,2595.7,19,1,17,0.2,0.365,0,7.7,7,1134,2334.89,0,Loyal,0,0
CUST00175,41,Male,34910,3,2000,14,56204.91,4014.64,28,3,10,6.2,0.522,2,8.2,9,1962,7551.56,0,Loyal,1,1
CUST00176,48,Female,129505,2,30,8,51423.3,6427.91,13,5,11,0.6,0.243,0,6.6,6,1314,7105.41,0,At Risk,0,0
CUST00177,38,Male,201494,3,219,12,68973.95,5747.83,21,6,6,7.6,0.361,1,5.2,6,1890,9854.19,0,High Potential,1,1
CUST00178,55,Male,199178,3,165,13,59211.95,4554.77,8,9,10,10.5,0.569,0,5.1,10,1892,11318.35,0,High Potential,1,1
CUST00179,35,Female,152416,3,152,14,62369.21,4454.94,50,7,17,1.9,0.578,1,7.1,7,2024,11531.09,0,High Potential,0,1
CUST00180,71,Female,64954,1,126,9,36625.17,4069.46,24,4,15,10.5,0.488,1,9.9,8,1266,4345.97,0,Loyal,0,0
CUST00181,46,Male,58739,1,617,6,28449.58,4741.6,28,7,7,3.3,0.326,1,7.4,7,884,6040.75,0,At Risk,1,3
CUST00182,28,Male,26831,1,44,7,25909.57,3701.37,1,3,14,4.2,0.187,3,7.3,4,959,3271.86,0,At Risk,1,3
CUST00183,25,Female,248084,3,677,10,79348.06,7934.81,34,4,8,2.6,0.793,3,7.8,2,1793,11894.14,0,High Potential,0,2
CUST00184,44,Female,96895,2,591,7,41078.91,5868.42,8,3,17,3.2,0.95,1,8.8,8,1111,9216.49,0,At Risk,0,0
CUST00185,35,Male,54438,3,144,19,59175.2,3114.48,17,1,8,11.9,0.594,1,6.9,7,2492,7815.25,0,At Risk,1,1
CUST00186,47,Male,162240,2,146,8,47324.06,5915.51,19,3,8,14.7,0.454,0,8.7,5,1273,5426.19,0,High Potential,1,3
CUST00187,44,Male,40796,3,496,7,12995.27,1856.47,21,4,8,3.0,0.674,1,9.0,1,830,2910.89,0,At Risk,1,3
CUST00188,37,Female,93337,1,718,13,48326.82,3717.45,9,2,16,3.6,0.907,1,8.5,2,1783,10673.45,0,Loyal,0,1
CUST00189,28,Male,65935,1,1046,9,34561.23,3840.14,66,4,12,0.6,0.843,0,9.1,0,1246,10170.05,0,Loyal,1,3
CUST00190,20,Male,107281,2,956,6,30672.7,5112.12,20,4,11,2.0,0.493,2,10.0,6,907,4079.35,0,At Risk,1,3
CUST00191,33,Female,70393,2,1675,8,48257.8,6032.23,33,1,13,3.6,0.761,0,7.4,7,1283,7610.83,0,At Risk,0,0
CUST00192,48,Male,30621,2,435,7,22826.52,3260.93,33,6,14,1.1,0.298,1,6.8,9,928,4392.62,0,At Risk,1,3
CUST00193,41,Female,76523,3,1197,8,26238.11,3279.76,33,4,11,4.3,0.438,1,5.4,6,1062,2000.0,0,At Risk,0,0
CUST00194,23,Male,137217,1,826,8,63568.91,7946.11,29,5,10,5.8,0.437,2,8.0,9,1436,7042.85,0,High Potential,1,2
CUST00195,40,Male,71860,2,1125,5,27988.44,5597.69,61,3,16,5.2,0.535,0,7.4,6,780,5219.26,0,At Risk,1,3
CUST00196,43,Male,116433,3,30,9,37128.14,4125.35,59,1,8,2.9,0.353,1,8.7,4,1271,5213.6,0,Loyal,1,3
CUST00197,27,Female,39053,1,1689,6,40438.51,6739.75,19,7,16,7.3,0.381,3,7.2,8,1004,3987.43,0,At Risk,0,0
CUST00198,40,Male,71987,3,321,5,30829.01,6165.8,35,5,16,1.9,0.823,2,5.9,1,808,6193.53,0,At Risk,1,3
CUST00199,39,Female,50277,3,800,10,44197.41,4419.74,4,4,16,3.2,0.217,0,7.4,4,1442,6969.13,0,Loyal,0,0
CUST00200,24,Female,114484,1,68,7,20890.66,2984.38,3,2,13,1.6,0.776,1,4.8,7,909,3913.37,0,At Risk,0,0
CUST00201,42,Female,74525,2,252,14,41323.65,2951.69,23,4,10,4.6,0.175,0,7.3,7,1813,4235.0,0,Loyal,0,1
CUST00202,45,Male,110641,2,158,2,30278.79,15139.39,81,3,11,2.9,0.844,1,6.5,9,503,2000.0,0,At Risk,1,3
CUST00203,51,Male,140453,3,172,10,60691.25,6069.12,37,5,11,1.2,0.699,1,9.4,8,1607,8064.79,0,High Potential,1,1
CUST00204,51,Male,110743,2,66,8,32532.41,4066.55,39,4,7,1.8,0.522,2,9.5,1,1125,5568.51,0,At Risk,1,3
CUST00205,21,Male,86152,2,819,13,46183.18,3552.55,6,3,11,1.6,0.767,2,7.5,7,1762,5707.49,0,Loyal,1,1
CUST00206,27,Male,40178,3,30,9,26405.5,2933.94,21,3,10,12.1,0.455,0,4.6,5,1164,2000.0,0,At Risk,1,3
CUST00207,44,Female,73008,1,187,17,54251.79,3191.28,18,5,12,3.7,0.797,1,5.8,2,2243,7754.38,0,At Risk,0,1
CUST00208,44,Male,53111,3,96,13,26976.86,2075.14,53,3,15,5.3,0.429,3,7.5,6,1570,4530.12,0,Loyal,1,3
CUST00209,44,Male,59490,3,445,11,42938.0,3903.45,5,2,16,13.6,0.403,0,6.2,1,1529,9358.4,0,At Risk,1,3
CUST00210,75,Male,58412,2,147,2,12903.44,6451.72,27,5,20,1.0,0.883,1,7.1,1,329,2848.17,0,At Risk,1,3
CUST00211,45,Female,40621,3,150,1,14938.47,14938.47,85,6,18,13.8,0.836,1,10.0,9,249,2000.0,0,At Risk,0,0
CUST00212,52,Male,25000,3,335,17,37236.31,2190.37,78,4,9,3.9,0.667,1,6.8,1,2072,2000.0,0,At Risk,1,1
CUST00213,49,Female,48977,1,529,4,24404.81,6101.2,67,2,11,9.7,0.392,0,7.6,2,644,2000.0,0,At Risk,0,0
CUST00214,46,Male,82127,2,65,3,25682.06,8560.69,16,5,9,0.9,0.438,2,7.9,6,557,5073.28,0,At Risk,1,3
CUST00215,34,Female,32568,2,96,7,30753.08,4393.3,99,3,7,1.6,0.483,4,6.1,1,1008,2624.55,0,At Risk,0,0
CUST00216,47,Female,73822,1,142,7,28091.36,4013.05,57,3,13,1.1,0.691,1,6.5,5,981,5983.1,0,At Risk,0,0
CUST00217,29,Male,228699,3,1820,10,80454.89,8045.49,67,3,15,5.3,0.232,1,7.1,10,1805,13971.61,0,High Potential,1,2
CUST00218,35,Male,135109,1,253,8,54695.33,6836.92,94,4,18,0.8,0.467,0,7.7,7,1347,9844.89,0,High Potential,1,3
CUST00219,32,Male,196050,2,457,7,70588.43,10084.06,97,2,11,7.9,0.651,1,8.8,7,1406,9988.23,0,High Potential,1,2
CUST00220,39,Male,92473,2,138,9,34479.87,3831.1,10,6,8,1.4,0.627,1,5.8,3,1245,9037.83,0,At Risk,1,3
CUST00221,66,Female,147341,1,337,9,56850.78,6316.75,5,3,7,1.5,0.761,2,7.5,4,1469,8147.89,0,High Potential,0,0
CUST00222,18,Female,47364,3,39,12,25497.12,2124.76,41,4,19,1.7,0.251,3,3.0,1,1455,2000.0,0,At Risk,0,0
CUST00223,46,Female,49682,3,30,5,25755.38,5151.08,29,3,9,6.9,0.806,3,7.4,10,758,4988.43,0,At Risk,0,0
CUST00224,19,Female,25000,2,316,11,35190.8,3199.16,14,4,7,12.9,0.643,0,8.0,0,1452,7238.51,0,Loyal,0,0
CUST00225,32,Male,148998,1,254,5,41612.26,8322.45,40,5,15,11.9,0.356,1,7.7,4,916,2000.0,0,High Potential,1,3
CUST00226,51,Male,184277,1,74,8,64416.42,8052.05,2,5,14,0.5,0.46,2,10.0,9,1444,12614.02,0,High Potential,1,2
CUST00227,39,Female,52475,2,582,6,24896.77,4149.46,2,3,10,1.5,0.642,1,6.5,8,849,2000.0,0,At Risk,0,0
CUST00228,25,Male,62795,2,2000,6,40807.15,6801.19,15,1,9,5.6,0.568,1,7.0,3,1008,2218.78,0,At Risk,1,3
CUST00229,29,Female,46522,2,252,9,31578.27,3508.7,8,1,14,4.8,0.65,1,7.2,10,1216,4424.25,0,Loyal,0,0
CUST00230,46,Male,92004,3,490,14,41678.9,2977.06,44,3,17,2.2,0.558,2,8.3,10,1817,4426.92,0,Loyal,1,1
CUST00231,29,Male,143625,2,1648,8,48311.1,6038.89,103,3,13,9.9,0.469,3,10.0,0,1283,8398.24,0,High Potential,1,3
CUST00232,41,Female,25702,3,891,13,38416.91,2955.15,38,3,17,0.7,0.772,0,9.1,0,1684,6936.1,0,Loyal,0,1
CUST00233,39,Male,93495,2,311,9,33324.58,3702.73,37,5,8,5.1,0.646,0,6.7,9,1233,5868.81,0,At Risk,1,3
CUST00234,30,Female,61945,2,669,13,32611.92,2508.61,0,9,16,1.6,0.662,2,5.1,3,1626,7466.36,0,At Risk,0,0
CUST00235,64,Female,78279,3,69,13,47321.88,3640.14,25,2,18,3.7,0.645,1,8.9,10,1773,6786.6,0,Loyal,0,1
CUST00236,46,Female,96317,2,359,16,64994.98,4062.19,59,3,9,2.5,0.561,2,7.8,1,2250,10355.98,0,Loyal,0,1
CUST00237,18,Female,65322,3,164,4,29737.68,7434.42,37,6,11,19.5,0.515,2,8.6,3,697,2000.0,0,At Risk,0,0
CUST00238,40,Female,68724,2,88,17,36945.48,2173.26,9,4,13,3.3,0.579,1,5.5,2,2069,7553.12,0,At Risk,0,1
CUST00239,30,Female,64323,1,278,14,42999.65,3071.4,66,5,11,18.7,0.728,2,6.4,10,1830,5975.8,0,At Risk,0,1
CUST00240,48,Male,130900,3,70,16,55683.95,3480.25,117,3,11,1.5,0.507,0,6.1,2,2157,7503.48,0,High Potential,1,1
CUST00241,28,Male,94019,2,600,5,27664.06,5532.81,11,5,13,7.3,0.658,2,8.6,2,777,4066.0,0,At Risk,1,3
CUST00242,37,Female,83479,3,305,14,46683.38,3334.53,8,1,15,6.3,0.779,1,4.4,0,1867,6616.13,0,At Risk,0,1
CUST00243,44,Male,34113,3,379,12,31594.42,2632.87,14,5,10,9.4,0.783,1,5.4,6,1516,4156.03,0,At Risk,1,3
CUST00244,48,Male,58271,1,79,5,20591.13,4118.23,2,4,19,5.9,0.289,3,7.9,4,706,2000.0,0,At Risk,1,3
CUST00245,24,Male,125392,2,75,13,59493.4,4576.42,72,3,16,5.7,0.592,3,4.6,6,1895,10951.37,0,At Risk,1,1
CUST00246,34,Female,74803,2,438,11,50158.34,4559.85,93,2,13,5.4,0.903,1,7.9,2,1602,6280.68,0,Loyal,0,1
CUST00247,32,Female,108632,2,2000,6,48112.86,8018.81,35,2,11,21.0,0.445,5,6.7,8,1081,6492.53,0,At Risk,0,0
CUST00248,30,Male,211062,3,51,13,68803.33,5292.56,51,3,13,1.3,0.717,3,3.5,0,1988,9246.63,0,High Potential,1,1
CUST00249,59,Female,136375,2,168,3,34768.22,11589.41,39,8,12,0.2,0.575,1,9.1,4,648,6778.68,0,At Risk,0,0
CUST00250,43,Female,77334,2,1018,11,49077.3,4461.57,17,4,10,5.7,0.62,0,4.5,8,1591,6157.1,0,At Risk,0,1
CUST00251,23,Female,53820,3,38,15,41792.03,2786.14,35,4,6,0.9,0.666,1,8.3,1,1918,8722.34,0,Loyal,0,1
CUST00252,49,Female,25000,1,1043,8,22569.53,2821.19,63,5,16,5.7,0.43,2,9.0,8,1026,8280.22,0,At Risk,0,0
CUST00253,63,Female,66103,3,371,7,29084.35,4154.91,58,4,6,1.9,0.565,1,8.0,9,991,8066.62,0,At Risk,0,0
CUST00254,50,Male,60138,2,262,16,32153.6,2009.6,3,4,13,0.2,0.584,2,9.0,6,1922,5918.24,0,Loyal,1,1
CUST00255,20,Female,92431,3,185,14,34445.67,2460.4,22,7,6,7.3,0.602,2,5.2,6,1744,4091.1,0,At Risk,0,1
CUST00256,32,Male,66680,2,176,2,10233.38,5116.69,18,4,9,0.3,0.857,0,6.3,3,302,2000.0,0,At Risk,1,3
CUST00257,53,Female,60341,1,182,3,18123.68,6041.23,49,6,12,1.3,0.625,2,9.3,2,481,3255.03,0,At Risk,0,0
CUST00258,30,Female,25144,2,1081,3,24465.72,8155.24,24,1,9,2.1,0.5,2,9.7,5,545,2731.91,0,At Risk,0,0
CUST00259,43,Male,41607,1,643,13,31440.14,2418.47,15,1,10,0.7,0.695,3,10.0,0,1614,6753.46,0,Loyal,1,3
CUST00260,47,Male,97342,3,554,9,41037.77,4559.75,43,2,14,12.2,0.752,1,6.7,2,1310,5822.86,0,At Risk,1,3
CUST00261,27,Female,204750,1,802,8,67607.52,8450.94,22,5,9,4.9,0.752,0,7.5,8,1476,10457.47,0,High Potential,0,2
CUST00262,37,Male,68974,3,149,15,55651.0,3710.07,10,2,12,10.4,0.489,1,8.8,3,2057,7940.61,0,Loyal,1,1
CUST00263,18,Female,89026,2,481,12,45482.28,3790.19,77,5,11,5.7,0.878,1,7.0,10,1655,7766.41,0,Loyal,0,1
CUST00264,26,Male,129507,2,308,7,44360.11,6337.16,4,3,11,24.1,0.597,1,4.3,4,1144,7008.77,1,At Risk,1,3
CUST00265,35,Male,44957,1,763,7,23749.18,3392.74,1,6,12,3.7,0.764,3,8.6,10,937,4032.25,0,At Risk,1,3
CUST00266,23,Female,91134,2,185,13,59623.02,4586.39,5,5,8,0.3,0.514,3,7.3,5,1896,8616.03,0,Loyal,0,1
CUST00267,58,Female,46897,2,515,11,40355.98,3668.73,6,1,10,0.9,0.586,1,8.1,7,1504,6113.03,0,Loyal,0,0
CUST00268,21,Female,122872,2,1069,1,28498.28,28498.28,27,2,15,4.4,0.687,3,8.7,2,385,6197.14,0,At Risk,0,2
CUST00269,33,Male,80085,3,257,11,51460.69,4678.24,34,3,12,2.1,0.95,2,8.6,8,1615,6366.44,0,Loyal,1,1
CUST00270,40,Female,87472,2,34,6,36053.88,6008.98,21,4,12,0.6,0.805,1,8.1,7,961,4882.31,0,At Risk,0,0
CUST00271,55,Female,45727,2,363,8,29234.69,3654.34,8,7,12,1.4,0.625,2,7.9,8,1092,2000.0,0,At Risk,0,0
CUST00272,21,Female,111772,2,212,7,44170.84,6310.12,5,2,16,3.2,0.837,2,8.5,4,1142,4820.33,0,At Risk,0,0
CUST00273,52,Female,255462,1,558,6,80549.94,13424.99,24,4,19,3.7,0.721,0,5.9,6,1405,11578.7,0,High Potential,0,2
CUST00274,38,Female,39945,3,1508,9,31030.13,3447.79,29,3,8,13.6,0.616,2,7.0,10,1210,4110.68,0,At Risk,0,0
CUST00275,26,Male,59644,2,332,2,16263.67,8131.84,13,5,14,0.5,0.894,0,6.4,5,363,2000.0,1,At Risk,1,3
CUST00276,44,Male,84033,1,314,7,33290.72,4755.82,9,1,12,2.2,0.945,1,7.2,1,1033,6898.94,0,At Risk,1,3
CUST00277,40,Female,117224,2,532,9,36321.31,4035.7,3,5,10,3.5,0.364,0,7.1,10,1263,3992.63,0,Loyal,0,0
CUST00278,31,Male,52275,2,55,4,24972.56,6243.14,1,4,6,0.6,0.421,2,4.8,2,650,2000.0,0,At Risk,1,3
CUST00279,39,Female,25000,2,146,11,24265.88,2205.99,4,6,12,5.8,0.382,3,6.5,5,1343,4775.9,1,At Risk,0,0
CUST00280,33,Male,165299,2,1257,8,57732.66,7216.58,47,4,13,3.6,0.131,4,9.1,7,1377,10478.91,0,High Potential,1,2
CUST00281,39,Female,115417,1,554,5,33681.9,6736.38,15,4,6,3.1,0.271,2,7.0,2,837,2000.0,0,At Risk,0,0
CUST00282,46,Female,25700,2,30,6,16421.48,2736.91,1,4,13,5.3,0.683,3,7.7,0,764,4502.09,0,At Risk,0,0
CUST00283,57,Male,50790,3,114,11,33135.73,3012.34,25,6,12,1.7,0.733,0,10.0,9,1431,5204.63,0,Loyal,1,3
CUST00284,23,Male,187383,1,574,7,66386.01,9483.72,27,4,13,2.1,0.349,1,8.1,5,1364,9878.37,0,High Potential,1,2
CUST00285,64,Male,174325,3,723,8,66727.18,8340.9,20,6,11,0.9,0.794,0,9.9,10,1467,7926.47,0,High Potential,1,2
CUST00286,18,Female,128436,1,916,2,30113.3,15056.65,4,5,14,3.7,0.509,0,7.9,8,501,5199.01,0,At Risk,0,2
CUST00287,36,Female,65797,3,173,15,46542.03,3102.8,49,5,8,2.3,0.706,2,6.9,10,1965,6852.28,0,At Risk,0,1
CUST00288,45,Male,76864,2,1337,8,51845.55,6480.69,41,3,13,1.5,0.542,1,6.9,2,1318,12278.2,0,At Risk,1,3
CUST00289,41,Female,67605,2,403,11,36112.56,3282.96,18,5,15,0.7,0.616,2,8.1,8,1461,6866.96,0,Loyal,0,0
CUST00290,31,Male,143910,1,596,7,47670.64,6810.09,17,5,18,0.1,0.443,2,7.8,2,1177,7842.57,0,High Potential,1,3
CUST00291,36,Male,43239,1,454,4,17171.1,4292.78,6,6,9,1.1,0.336,2,9.4,1,572,6297.83,0,At Risk,1,3
CUST00292,32,Female,45095,1,65,3,20150.39,6716.8,49,6,10,1.4,0.691,0,10.0,2,502,6116.92,0,At Risk,0,0
CUST00293,31,Male,134076,1,1650,8,59395.28,7424.41,32,3,10,3.3,0.855,2,9.0,3,1394,6642.18,0,High Potential,1,3
CUST00294,48,Male,71210,2,66,20,60027.72,3001.39,3,2,9,1.4,0.298,3,7.8,5,2600,10355.8,0,Loyal,1,1
CUST00295,42,Male,167222,2,147,12,58676.22,4889.68,17,7,11,8.5,0.393,2,8.4,8,1787,9094.27,0,High Potential,1,1
CUST00296,30,Male,48878,2,840,24,70753.3,2948.05,82,2,16,3.2,0.842,1,8.3,1,3108,9030.07,0,Loyal,1,1
CUST00297,49,Male,70766,3,482,7,36804.17,5257.74,21,2,12,4.9,0.552,2,7.9,10,1068,3816.83,0,At Risk,1,3
CUST00298,42,Male,42047,2,911,5,34945.46,6989.09,14,7,12,1.2,0.864,1,6.9,8,849,5230.75,0,At Risk,1,3
CUST00299,48,Female,73454,2,363,7,26893.69,3841.96,36,9,11,2.7,0.287,1,6.8,8,969,4366.78,0,At Risk,0,0
CUST00300,46,Male,30118,2,237,15,48059.91,3203.99,8,2,10,4.6,0.513,1,8.0,9,1981,9738.19,0,Loyal,1,1
CUST00301,28,Female,54580,2,1275,6,28559.96,4759.99,26,4,12,1.9,0.508,1,6.1,7,886,2000.0,0,At Risk,0,0
CUST00302,31,Male,30892,2,30,6,13767.12,2294.52,39,6,16,2.0,0.58,0,7.4,5,738,2000.0,0,At Risk,1,3
CUST00303,47,Male,110897,3,969,10,47003.38,4700.34,68,3,15,8.2,0.823,2,10.0,4,1470,7833.92,0,Loyal,1,3
CUST00304,45,Female,112415,1,131,14,46978.56,3355.61,41,4,11,9.1,0.76,1,5.7,1,1870,7185.32,0,At Risk,0,1
CUST00305,38,Female,25896,1,944,8,42800.46,5350.06,17,3,14,3.8,0.171,5,6.8,10,1228,7294.48,0,At Risk,0,0
CUST00306,39,Male,162809,2,75,6,51392.05,8565.34,51,6,12,11.3,0.674,0,7.0,4,1114,6784.07,1,High Potential,1,3
CUST00307,53,Female,327240,1,434,8,93831.92,11728.99,80,3,13,6.7,0.746,4,9.1,6,1738,14638.94,0,High Potential,0,2
CUST00308,31,Female,75177,3,1095,9,26367.76,2929.75,23,2,16,0.3,0.907,2,8.2,1,1164,2000.0,1,Loyal,0,0
CUST00309,45,Female,49778,3,321,10,41801.43,4180.14,0,7,13,4.1,0.774,1,8.8,1,1418,10894.6,0,Loyal,0,0
CUST00310,36,Female,398156,1,686,5,93777.17,18755.43,74,3,13,6.0,0.687,2,9.2,5,1438,14991.62,0,High Potential,0,2
CUST00311,35,Male,33144,1,817,11,33333.16,3030.29,6,1,11,3.9,0.726,1,10.0,5,1433,7105.05,0,Loyal,1,3
CUST00312,51,Male,74018,2,667,15,42985.15,2865.68,5,2,6,8.9,0.484,0,4.7,0,1930,4229.08,0,At Risk,1,1
CUST00313,48,Female,81452,2,1297,5,39215.49,7843.1,13,3,14,1.8,0.505,0,10.0,2,892,5297.53,0,At Risk,0,0
CUST00314,48,Male,163913,2,296,9,66901.65,7433.52,17,1,11,0.3,0.935,1,9.4,1,1569,11152.01,0,High Potential,1,1
CUST00315,54,Female,90748,3,95,4,20233.62,5058.41,56,3,8,5.0,0.802,1,10.0,5,602,3146.63,0,At Risk,0,0
CUST00316,38,Male,54221,2,30,7,19017.03,2716.72,17,8,13,6.6,0.763,3,7.0,0,890,3916.1,0,At Risk,1,3
CUST00317,46,Male,41328,2,141,14,36540.65,2610.05,2,4,13,7.2,0.664,0,7.8,3,1765,4308.49,0,Loyal,1,1
CUST00318,34,Female,59570,1,77,13,49683.58,3821.81,35,5,13,0.1,0.819,1,6.0,3,1797,5203.13,0,At Risk,0,1
CUST00319,42,Male,39968,3,408,10,26661.45,2666.15,39,3,11,5.6,0.381,1,5.2,0,1267,6386.45,0,At Risk,1,3
CUST00320,36,Female,75259,1,102,8,26045.24,3255.65,59,4,13,0.1,0.711,0,7.6,7,1060,3044.02,0,At Risk,0,0
CUST00321,39,Female,52129,3,30,4,20219.69,5054.92,18,2,15,7.5,0.735,2,7.0,10,602,5359.42,0,At Risk,0,0
CUST00322,45,Female,29839,2,30,9,23064.51,2562.72,3,1,9,6.1,0.599,2,7.2,6,1131,2294.72,0,Loyal,0,0
CUST00323,28,Female,155296,2,891,9,49290.11,5476.68,28,2,11,4.2,0.504,0,6.3,8,1393,7054.01,0,High Potential,0,0
CUST00324,63,Female,54252,3,448,4,19473.38,4868.34,5,2,22,3.5,0.511,1,8.2,10,595,2830.33,0,At Risk,0,0
CUST00325,26,Female,34170,3,222,2,5000.0,2500.0,1,3,7,6.3,0.766,2,7.9,9,250,2000.0,0,At Risk,0,0
CUST00326,23,Female,66108,2,1123,16,52086.32,3255.4,53,4,11,0.3,0.721,0,7.8,2,2121,9405.76,0,Loyal,0,1
CUST00327,52,Male,76193,1,36,11,26886.04,2444.19,18,3,15,8.9,0.667,2,6.3,6,1369,8121.84,0,At Risk,1,3
CUST00328,47,Male,25645,3,1964,3,46506.64,15502.21,26,6,20,1.1,0.434,1,6.2,3,765,6599.83,0,At Risk,1,3
CUST00329,45,Male,89231,2,479,5,36901.09,7380.22,38,3,10,3.2,0.823,1,7.7,2,869,6087.25,0,At Risk,1,3
CUST00330,46,Male,39015,1,101,13,34824.25,2678.79,18,3,18,3.3,0.716,1,5.9,10,1648,5347.2,0,At Risk,1,3
CUST00331,38,Female,204151,3,568,1,55475.06,55475.06,2,4,14,7.5,0.379,2,8.0,2,655,8622.03,0,At Risk,0,2
CUST00332,27,Female,100145,1,721,9,40066.28,4451.81,10,3,7,1.1,0.602,4,5.8,3,1301,5157.92,0,At Risk,0,0
CUST00333,39,Female,57530,1,280,14,38963.0,2783.07,8,8,13,1.8,0.539,2,9.2,1,1790,4784.82,0,Loyal,0,1
CUST00334,30,Male,46765,1,989,1,24042.91,24042.91,133,7,12,5.4,0.827,2,6.6,6,340,4984.99,1,At Risk,1,2
CUST00335,50,Female,68667,2,82,19,42153.11,2218.58,47,3,13,2.7,0.503,2,9.8,0,2322,7244.51,1,Loyal,0,1
CUST00336,36,Male,105628,2,163,11,49810.43,4528.22,21,4,17,1.8,0.82,0,8.4,5,1598,9975.16,0,Loyal,1,1
CUST00337,28,Female,72020,2,49,5,42094.06,8418.81,2,6,17,4.9,0.724,1,6.3,5,921,6535.08,0,At Risk,0,0
CUST00338,34,Female,64197,2,118,4,10431.39,2607.85,4,7,13,0.5,0.916,4,8.1,2,504,2275.22,1,At Risk,0,0
CUST00339,43,Male,75737,2,136,5,31015.42,6203.08,59,7,10,7.8,0.401,1,9.4,1,810,6261.2,0,At Risk,1,3
CUST00340,31,Male,50903,2,1248,5,23637.49,4727.5,102,10,20,3.7,0.222,0,6.5,8,736,5785.21,0,At Risk,1,3
CUST00341,28,Male,59521,1,41,11,38747.4,3522.49,1,3,16,1.2,0.84,0,6.8,10,1487,6225.26,0,At Risk,1,3
CUST00342,41,Female,25000,3,279,7,23041.61,3291.66,84,5,12,2.6,0.383,3,8.0,1,930,2000.0,0,At Risk,0,0
CUST00343,41,Female,131168,1,380,11,66734.41,6066.76,17,3,18,0.7,0.705,0,9.1,10,1767,8479.34,0,High Potential,0,1
CUST00344,32,Female,87490,3,1145,3,47418.51,15806.17,8,3,20,4.8,0.718,0,7.3,0,774,9409.13,0,At Risk,0,2
CUST00345,32,Male,45978,1,2000,14,39730.49,2837.89,4,1,16,5.5,0.819,1,8.1,2,1797,10237.22,0,Loyal,1,1
CUST00346,41,Male,228488,3,700,5,70981.15,14196.23,52,2,14,2.6,0.776,1,9.5,3,1210,13317.64,0,High Potential,1,2
CUST00347,21,Female,77050,1,1767,8,51460.72,6432.59,22,4,10,2.1,0.801,0,6.6,6,1315,7322.53,1,At Risk,0,0
CUST00348,21,Female,39274,1,773,13,47739.33,3672.26,63,5,6,9.5,0.869,0,5.9,9,1777,6903.83,0,At Risk,0,1
CUST00349,29,Male,122277,3,1651,10,61889.52,6188.95,9,5,11,4.3,0.95,1,9.3,10,1619,10931.63,0,Loyal,1,1
CUST00350,35,Male,92858,3,614,7,42715.01,6102.14,40,4,12,5.5,0.636,0,8.5,3,1127,7922.38,0,At Risk,1,3
CUST00351,42,Female,92665,2,42,11,32258.03,2932.55,4,2,8,0.7,0.644,1,5.3,6,1423,2000.0,1,At Risk,0,0
CUST00352,56,Male,56644,3,257,10,35893.55,3589.35,3,2,6,6.2,0.642,2,9.9,8,1359,6114.19,0,Loyal,1,3
CUST00353,48,Male,95827,2,520,19,57709.86,3037.36,5,5,21,2.9,0.805,0,8.6,8,2477,8702.15,0,Loyal,1,1
CUST00354,36,Male,62501,3,216,12,42546.93,3545.58,58,1,12,2.3,0.713,1,8.2,8,1625,4339.37,0,Loyal,1,3
CUST00355,38,Female,102085,2,160,21,60780.09,2894.29,37,6,16,13.3,0.41,2,7.3,3,2708,7833.85,0,Loyal,0,1
CUST00356,26,Female,25000,2,431,11,32322.92,2938.45,6,4,13,0.3,0.668,1,6.7,5,1423,5687.25,0,At Risk,0,0
CUST00357,38,Female,56369,2,1355,4,35372.57,8843.14,17,4,8,1.1,0.161,1,8.0,0,754,5269.36,0,At Risk,0,0
CUST00358,35,Female,205519,2,30,17,81134.06,4772.59,50,2,4,2.4,0.738,0,9.1,4,2511,13838.44,0,VIP,0,1
CUST00359,42,Female,46155,3,733,9,26269.06,2918.78,12,3,7,2.0,0.662,0,6.2,2,1163,7792.72,0,At Risk,0,0
CUST00360,28,Male,50904,1,641,1,37480.04,37480.04,89,1,22,3.6,0.589,1,7.4,5,475,8210.58,0,At Risk,1,2
CUST00361,44,Female,55895,1,1661,6,38419.62,6403.27,86,1,16,2.6,0.768,1,8.8,5,984,7510.19,0,At Risk,0,0
CUST00362,56,Male,35282,2,1335,8,37893.8,4736.72,28,5,12,7.8,0.735,0,9.2,5,1179,5874.89,0,At Risk,1,3
CUST00363,37,Female,25000,2,718,6,22517.86,3752.98,35,4,20,7.3,0.478,0,6.5,8,825,5363.9,0,At Risk,0,0
CUST00364,43,Male,63681,1,367,10,26083.34,2608.33,37,5,9,7.4,0.581,2,7.7,5,1261,3644.06,0,Loyal,1,3
CUST00365,46,Male,79341,2,114,5,33632.06,6726.41,10,4,8,2.3,0.399,2,6.8,0,836,4246.11,0,At Risk,1,3
CUST00366,33,Male,70863,3,394,7,33488.51,4784.07,16,4,24,2.6,0.858,4,7.7,5,1035,2960.98,0,At Risk,1,3
CUST00367,41,Male,67042,1,725,13,51058.41,3927.57,5,4,14,6.4,0.799,2,7.8,1,1811,5222.99,0,Loyal,1,1
CUST00368,38,Male,75044,2,1130,11,40031.22,3639.2,91,6,8,0.7,0.605,1,7.8,4,1500,8763.21,0,Loyal,1,3
CUST00369,39,Male,135091,3,780,1,35098.74,35098.74,45,7,15,9.6,0.645,2,9.3,2,451,6324.95,0,At Risk,1,2
CUST00370,29,Female,65234,2,109,20,53363.24,2668.16,2,1,15,3.9,0.927,2,7.7,10,2534,9183.15,0,Loyal,0,1
CUST00371,38,Male,51821,3,458,15,42448.69,2829.91,28,1,13,9.4,0.86,0,5.1,9,1924,6050.82,0,At Risk,1,1
CUST00372,44,Female,61779,3,202,12,34517.07,2876.42,15,6,8,7.9,0.295,1,6.4,1,1545,9182.63,0,At Risk,0,0
CUST00373,55,Female,103529,2,30,10,43167.17,4316.72,59,3,11,2.3,0.704,5,10.0,1,1432,10456.17,0,Loyal,0,0
CUST00374,50,Female,170624,2,112,12,71469.32,5955.78,15,3,11,0.5,0.542,0,6.4,5,1915,10356.51,0,High Potential,0,1
CUST00375,64,Female,50167,2,60,9,31380.12,3486.68,36,2,8,12.7,0.645,3,8.3,0,1214,5122.16,1,Loyal,0,0
CUST00376,29,Female,77603,2,925,11,53655.66,4877.79,6,5,7,2.1,0.666,0,9.6,10,1637,7945.64,0,Loyal,0,1
CUST00377,48,Male,89591,3,150,13,42963.67,3304.9,29,1,8,2.3,0.66,1,10.0,4,1730,4727.64,0,Loyal,1,1
CUST00378,40,Male,40314,2,168,3,16045.52,5348.51,12,8,7,12.0,0.675,0,7.8,3,460,2261.92,0,At Risk,1,3
CUST00379,64,Male,74032,2,1609,13,54501.14,4192.4,6,5,12,12.5,0.732,3,8.9,9,1845,7781.49,0,Loyal,1,1
CUST00380,28,Female,30351,1,238,4,12227.72,3056.93,34,1,13,1.5,0.603,2,7.4,0,522,2000.0,0,At Risk,0,0
CUST00381,28,Female,25300,1,30,4,15018.74,3754.68,36,4,11,0.5,0.608,1,6.4,9,550,2000.0,0,At Risk,0,0
CUST00382,31,Male,91131,1,167,7,46526.71,6646.67,143,2,17,0.0,0.629,3,7.5,8,1165,7336.53,0,At Risk,1,3
CUST00383,18,Male,58086,3,64,7,39841.84,5691.69,39,3,5,2.9,0.835,2,6.6,9,1098,7771.77,0,At Risk,1,3
CUST00384,32,Female,82567,2,54,9,45800.62,5088.96,25,4,12,4.2,0.623,0,9.7,3,1358,5764.99,0,Loyal,0,0
CUST00385,29,Male,72349,2,40,6,29485.0,4914.17,85,10,13,1.6,0.4,2,10.0,1,895,8551.9,0,At Risk,1,3
CUST00386,40,Female,40707,2,450,8,21200.8,2650.1,62,5,16,1.5,0.28,2,7.9,10,1012,3149.18,0,At Risk,0,0
CUST00387,42,Female,71171,3,105,11,55873.23,5079.38,28,5,10,2.2,0.198,1,6.2,6,1659,6554.03,0,At Risk,0,1
CUST00388,61,Female,34896,2,224,6,16159.17,2693.19,25,8,13,1.5,0.489,0,6.0,10,762,2000.0,0,At Risk,0,0
CUST00389,49,Female,168482,3,990,11,76983.72,6998.52,100,4,14,9.8,0.191,1,9.4,0,1870,11571.22,0,VIP,0,1
CUST00390,31,Female,32416,2,276,19,46468.39,2445.7,34,3,11,5.1,0.459,2,6.4,10,2365,2967.52,0,At Risk,0,1
CUST00391,27,Female,65025,3,1237,7,28534.9,4076.41,44,8,13,8.8,0.563,2,5.1,1,985,2901.64,0,At Risk,0,0
CUST00392,44,Female,39130,2,345,10,17510.03,1751.0,3,5,15,9.8,0.95,2,9.0,2,1175,3528.06,0,Loyal,0,0
CUST00393,22,Female,102976,2,254,17,66413.92,3906.7,44,3,13,2.9,0.357,3,8.3,3,2364,7101.44,0,Loyal,0,1
CUST00394,60,Male,59943,2,694,8,28544.73,3568.09,11,4,14,3.2,0.591,2,5.9,1,1085,3496.82,0,At Risk,1,3
CUST00395,52,Male,53573,2,38,1,5000.0,5000.0,4,7,11,19.0,0.639,2,7.4,6,150,2000.0,0,At Risk,1,3
CUST00396,32,Male,122018,1,47,10,43068.6,4306.86,66,4,10,8.5,0.592,3,8.9,7,1431,4843.03,1,Loyal,1,3
CUST00397,18,Male,74433,2,528,2,24156.57,12078.28,41,3,11,8.0,0.529,3,8.5,10,442,5522.75,0,At Risk,1,3
CUST00398,54,Female,99707,2,334,6,38372.73,6395.45,18,3,16,4.4,0.58,1,7.1,5,984,7886.99,0,At Risk,0,0
CUST00399,37,Female,40587,1,781,9,33933.19,3770.35,20,5,17,3.1,0.342,2,6.3,0,1239,3784.65,0,At Risk,0,0
CUST00400,53,Male,31480,3,1240,7,23586.38,3369.48,8,3,13,11.3,0.201,2,6.5,4,936,3551.77,0,At Risk,1,3
CUST00401,19,Male,77989,2,246,17,49736.9,2925.7,0,9,10,8.2,0.435,1,8.0,4,2197,7420.24,0,Loyal,1,1
CUST00402,31,Female,60397,3,454,22,70256.85,3193.49,15,1,13,3.6,0.532,5,8.8,4,2903,11213.31,0,Loyal,0,1
CUST00403,38,Male,106496,2,347,12,39386.88,3282.24,6,5,10,1.6,0.874,0,8.3,7,1594,5703.82,1,Loyal,1,3
CUST00404,39,Male,69707,2,1998,5,44087.03,8817.41,19,6,13,0.8,0.851,2,5.8,10,941,5179.27,0,At Risk,1,3
CUST00405,33,Female,82706,2,889,16,45677.01,2854.81,63,6,9,4.0,0.605,3,8.4,4,2057,4971.76,0,Loyal,0,1
CUST00406,45,Female,27611,2,1214,2,16091.08,8045.54,4,4,14,1.8,0.725,2,5.3,3,361,4474.94,0,At Risk,0,0
CUST00407,25,Male,227081,3,147,13,83591.07,6430.08,3,4,11,1.5,0.568,2,9.9,7,2136,11307.17,0,VIP,1,1
CUST00408,36,Male,66267,2,740,9,20434.83,2270.54,81,4,19,0.6,0.612,0,10.0,3,1104,2283.72,0,Loyal,1,3
CUST00409,39,Male,111141,3,154,3,47869.75,15956.58,48,9,9,0.2,0.724,1,7.3,5,779,9364.75,0,At Risk,1,2
CUST00410,44,Female,44283,3,117,8,14732.07,1841.51,2,4,9,7.6,0.926,1,6.6,3,947,3061.39,0,At Risk,0,0
CUST00411,47,Female,87975,2,1444,4,22027.78,5506.94,3,5,7,0.6,0.372,2,8.3,0,620,2000.0,0,At Risk,0,0
CUST00412,25,Male,33466,3,30,9,23957.8,2661.98,40,4,10,11.0,0.658,0,6.7,3,1140,3587.98,0,At Risk,1,3
CUST00413,20,Female,95917,2,1682,10,49124.06,4912.41,16,3,16,1.2,0.231,2,6.0,6,1491,5387.81,0,At Risk,0,0
CUST00414,53,Female,59066,3,81,8,23093.06,2886.63,45,2,16,7.1,0.228,1,5.0,0,1031,2000.0,1,At Risk,0,0
CUST00415,42,Male,74423,3,856,5,37351.73,7470.35,18,3,12,8.7,0.704,1,9.5,9,874,5069.9,0,At Risk,1,3
CUST00416,29,Female,111167,1,161,7,30943.11,4420.44,120,5,13,7.9,0.506,0,8.8,9,1009,5145.9,1,At Risk,0,0
CUST00417,57,Female,34908,3,216,4,21165.66,5291.42,41,7,12,10.3,0.95,3,6.7,7,612,2360.79,0,At Risk,0,0
CUST00418,39,Male,48499,2,122,9,34465.15,3829.46,2,6,11,2.1,0.362,2,8.2,0,1245,6722.69,0,Loyal,1,3
CUST00419,52,Male,96220,2,440,7,26313.7,3759.1,14,8,14,21.3,0.733,0,6.9,1,963,5658.78,0,At Risk,1,3
CUST00420,39,Female,257541,2,214,11,86382.03,7852.91,29,4,12,1.6,0.1,0,7.1,6,1964,11058.44,0,VIP,0,2
CUST00421,63,Female,67316,1,536,7,37880.0,5411.43,5,4,14,13.6,0.702,1,6.9,3,1079,6076.94,0,At Risk,0,0
CUST00422,59,Female,104264,2,30,10,53597.95,5359.79,0,8,13,2.9,0.861,4,8.7,2,1536,7343.68,0,Loyal,0,0
CUST00423,35,Female,68584,3,33,10,33397.73,3339.77,3,1,11,0.3,0.576,2,6.9,4,1334,3357.17,0,At Risk,0,0
CUST00424,50,Female,234532,1,52,7,57938.72,8276.96,26,1,14,7.7,0.649,5,6.4,4,1279,9361.97,0,High Potential,0,2
CUST00425,46,Male,25634,2,271,12,39443.82,3286.99,35,10,13,7.7,0.698,0,6.1,2,1594,2244.81,0,At Risk,1,3
CUST00426,54,Female,77402,1,843,12,45762.77,3813.56,3,7,16,1.1,0.857,0,5.5,0,1658,5416.69,0,At Risk,0,1
CUST00427,26,Male,27575,2,1095,6,40212.73,6702.12,38,4,9,8.7,0.349,1,7.9,3,1002,3995.85,0,At Risk,1,3
CUST00428,46,Male,25000,3,140,11,32097.86,2917.99,34,6,14,0.9,0.938,2,5.4,10,1421,3125.45,0,At Risk,1,3
CUST00429,51,Female,87420,3,427,10,40442.01,4044.2,98,8,9,0.8,0.413,2,9.4,5,1404,4266.27,0,Loyal,0,0
CUST00430,18,Female,79515,3,731,11,36091.84,3281.08,64,5,16,8.3,0.424,1,8.1,3,1461,2510.83,0,Loyal,0,0
CUST00431,24,Male,61642,2,170,10,32089.63,3208.96,100,4,10,1.7,0.493,2,3.3,0,1321,3995.74,1,At Risk,1,3
CUST00432,18,Female,68616,2,263,12,46297.74,3858.14,118,3,7,0.4,0.53,1,6.7,1,1663,6135.06,0,At Risk,0,1
CUST00433,35,Male,469292,3,371,6,104948.14,17491.36,20,1,15,15.7,0.742,1,6.0,7,1649,14832.68,0,High Potential,1,2
CUST00434,47,Male,62636,3,72,9,27319.05,3035.45,23,2,11,4.1,0.924,2,4.1,4,1173,4620.73,0,At Risk,1,3
CUST00435,56,Male,99317,2,30,4,16374.13,4093.53,12,2,8,3.0,0.625,2,8.8,2,564,4061.33,1,At Risk,1,3
CUST00436,39,Female,49532,2,83,9,19432.3,2159.14,25,4,17,3.5,0.651,1,8.3,1,1094,2000.0,0,Loyal,0,0
CUST00437,58,Female,87303,3,493,7,30859.56,4408.51,6,7,8,5.6,0.544,1,9.1,5,1009,5368.46,0,At Risk,0,0
CUST00438,21,Male,63390,3,38,11,31885.8,2898.71,39,4,9,9.9,0.942,1,7.8,5,1419,4660.85,0,Loyal,1,3
CUST00439,18,Female,57165,2,105,14,41444.43,2960.32,1,6,9,5.6,0.581,3,9.2,3,1814,6486.97,0,Loyal,0,1
CUST00440,37,Male,217801,3,206,3,60579.52,20193.17,9,5,17,6.7,0.943,5,8.3,3,906,8244.9,0,At Risk,1,2
CUST00441,43,Female,148199,1,41,6,54795.63,9132.6,8,1,17,1.0,0.608,2,9.1,9,1148,7369.28,0,High Potential,0,2
CUST00442,38,Male,79384,2,106,3,36541.34,12180.45,97,1,18,2.4,0.599,2,8.6,3,665,5327.42,0,At Risk,1,3
CUST00443,18,Male,25000,2,1211,9,40870.73,4541.19,5,6,9,4.4,0.605,1,8.8,2,1309,5612.42,0,Loyal,1,3
CUST00444,37,Female,58888,1,30,11,29960.03,2723.64,78,3,11,4.8,0.831,3,8.5,10,1400,6051.43,0,Loyal,0,0
CUST00445,22,Male,370207,1,530,4,94754.6,23688.65,5,7,10,1.6,0.742,1,6.8,0,1348,15988.56,0,At Risk,1,2
CUST00446,46,Male,63679,1,243,7,24051.72,3435.96,37,3,15,18.4,0.713,1,4.9,8,941,2394.35,0,At Risk,1,3
CUST00447,42,Female,141766,2,558,7,50260.48,7180.07,13,6,11,0.6,0.299,0,8.4,8,1203,6703.87,0,High Potential,0,0
CUST00448,27,Female,173714,3,444,12,62085.27,5173.77,13,2,6,0.6,0.444,1,6.9,6,1821,13828.79,0,High Potential,0,1
CUST00449,32,Male,83398,3,126,2,13820.98,6910.49,223,3,17,1.3,0.683,0,5.7,2,338,2000.0,1,At Risk,1,3
CUST00450,25,Male,44131,2,939,14,54039.13,3859.94,9,3,17,7.0,0.717,0,7.4,1,1940,4947.34,0,Loyal,1,1
CUST00451,37,Male,25000,2,339,10,39873.22,3987.32,8,4,8,0.2,0.802,1,7.2,3,1399,8343.74,0,Loyal,1,3
CUST00452,49,Female,110249,3,864,8,39506.13,4938.27,31,1,7,22.1,0.595,1,8.4,10,1195,10115.81,0,At Risk,0,0
CUST00453,26,Male,44853,1,260,2,19717.3,9858.65,47,7,18,22.0,0.483,3,8.8,8,397,7054.92,0,At Risk,1,3
CUST00454,44,Female,81283,3,2000,18,60563.36,3364.63,142,3,9,0.9,0.719,2,8.1,8,2406,9560.59,0,Loyal,0,1
CUST00455,32,Female,34548,3,736,21,50653.89,2412.09,42,6,10,2.6,0.561,0,7.0,6,2607,6751.84,0,At Risk,0,1
CUST00456,28,Male,62371,1,1690,9,39188.17,4354.24,29,4,16,1.1,0.37,3,4.3,3,1292,5719.51,0,At Risk,1,3
CUST00457,37,Male,74625,3,361,11,34089.08,3099.01,18,3,8,2.6,0.734,0,6.8,8,1441,6189.9,0,At Risk,1,3
CUST00458,26,Male,85919,3,321,8,37390.9,4673.86,32,5,14,3.8,0.91,2,7.5,5,1174,7776.5,0,At Risk,1,3
CUST00459,31,Male,37463,1,704,14,24552.37,1753.74,32,6,14,8.7,0.428,5,10.0,1,1646,6039.62,1,Loyal,1,3
CUST00460,24,Female,149963,1,1061,11,57099.42,5190.86,9,4,9,0.2,0.72,2,5.5,4,1671,4822.19,0,High Potential,0,1
CUST00461,62,Male,51117,1,1664,10,74683.43,7468.34,39,6,15,21.7,0.622,1,4.4,10,1747,8697.8,0,At Risk,1,1
CUST00462,38,Male,26778,2,196,17,25731.75,1513.63,8,3,9,14.1,0.927,1,8.4,3,1957,5019.56,0,Loyal,1,1
CUST00463,30,Female,68500,2,801,11,38239.54,3476.32,24,5,15,4.2,0.114,0,7.6,1,1482,3266.23,0,Loyal,0,0
CUST00464,41,Male,74654,2,118,8,34075.0,4259.38,11,2,7,3.3,0.128,1,6.2,1,1141,2000.0,0,At Risk,1,3
CUST00465,37,Female,80527,2,394,6,30234.1,5039.02,13,2,6,4.0,0.506,3,8.6,5,902,6842.95,0,At Risk,0,0
CUST00466,35,Male,165592,3,99,2,34712.08,17356.04,33,4,16,0.1,0.593,2,5.6,5,547,5829.06,0,At Risk,1,2
CUST00467,45,Female,63458,2,213,11,43212.02,3928.37,2,7,13,6.7,0.842,2,10.0,8,1532,10127.34,0,Loyal,0,0
CUST00468,47,Female,68066,1,1339,19,61084.9,3214.99,0,1,8,3.4,0.793,1,9.0,10,2511,11763.64,0,Loyal,0,1
CUST00469,32,Female,37725,2,79,6,14743.73,2457.29,5,6,10,1.7,0.832,1,8.9,8,747,2000.0,0,At Risk,0,0
CUST00470,31,Female,119651,2,500,7,49784.36,7112.05,6,3,9,3.1,0.552,1,7.9,9,1198,8148.19,0,At Risk,0,0
CUST00471,35,Male,81682,2,449,3,22746.57,7582.19,8,7,5,1.7,0.739,2,8.0,5,527,2438.14,0,At Risk,1,3
CUST00472,18,Male,56839,2,64,12,27620.21,2301.68,52,2,7,6.0,0.734,0,6.9,0,1476,2000.0,0,At Risk,1,3
CUST00473,20,Female,25000,1,197,11,31580.37,2870.94,21,3,8,4.8,0.331,1,8.1,2,1416,8098.23,0,Loyal,0,0
CUST00474,54,Female,173972,3,414,11,50928.45,4629.86,22,5,11,2.5,0.421,3,8.0,1,1609,7413.69,0,High Potential,0,1
CUST00475,58,Male,35010,3,104,18,54993.99,3055.22,36,4,9,1.9,0.716,2,9.5,6,2350,11205.42,0,Loyal,1,1
CUST00476,35,Male,51289,2,806,6,40662.55,6777.09,46,6,13,10.5,0.737,2,7.4,0,1007,6527.8,0,At Risk,1,3
CUST00477,45,Male,90672,2,1791,6,49447.67,8241.28,0,4,13,5.7,0.779,0,7.9,3,1094,8177.02,0,At Risk,1,3
CUST00478,42,Male,35670,2,121,12,25756.99,2146.42,68,6,8,6.3,0.417,1,5.8,0,1458,5222.53,1,At Risk,1,3
CUST00479,75,Male,29849,3,103,9,15051.88,1672.43,156,5,10,4.8,0.631,1,8.9,2,1051,2499.09,0,Loyal,1,3
CUST00480,51,Female,25000,2,303,12,8945.27,745.44,5,2,11,0.4,0.69,2,7.7,3,1289,2000.0,0,Loyal,0,0
CUST00481,36,Male,112713,3,689,7,55834.17,7976.31,37,6,13,0.3,0.675,3,8.1,5,1258,8942.51,0,At Risk,1,3
CUST00482,27,Male,52727,2,165,9,21367.42,2374.16,0,1,10,2.8,0.913,1,8.6,10,1114,6403.58,0,Loyal,1,3
CUST00483,19,Female,423523,2,30,11,116047.76,10549.8,2,3,10,13.3,0.779,0,8.2,0,2260,17656.22,0,VIP,0,2
CUST00484,40,Female,40271,2,390,11,33368.21,3033.47,12,2,8,3.7,0.613,3,6.8,0,1434,5333.69,0,At Risk,0,0
CUST00485,29,Female,42072,3,1569,5,17424.91,3484.98,66,6,13,10.4,0.538,4,9.3,5,674,2545.59,1,At Risk,0,0
CUST00486,21,Female,52092,3,248,7,21210.31,3030.04,37,7,8,0.5,0.724,1,8.1,8,912,3548.4,0,At Risk,0,0
CUST00487,30,Male,84616,1,272,12,33330.99,2777.58,21,5,15,6.4,0.433,1,7.4,5,1533,4127.03,0,Loyal,1,3
CUST00488,25,Female,55154,2,1735,14,57560.89,4111.49,20,2,17,1.4,0.507,1,8.6,1,1976,6802.4,0,Loyal,0,1
CUST00489,58,Female,105598,2,593,8,49073.69,6134.21,22,4,16,3.7,0.532,1,8.3,1,1291,7106.84,0,At Risk,0,0
CUST00490,49,Male,40654,2,635,17,42671.42,2510.08,13,4,9,1.7,0.857,2,6.9,1,2127,6578.61,0,At Risk,1,1
CUST00491,38,Female,31922,3,414,12,25189.3,2099.11,74,8,16,6.2,0.297,0,9.1,4,1452,5837.3,0,Loyal,0,0
CUST00492,56,Female,25000,3,1837,11,41497.16,3772.47,29,4,13,2.6,0.703,1,9.1,0,1515,4391.97,0,Loyal,0,0
CUST00493,39,Male,25000,3,584,3,24427.29,8142.43,23,6,15,3.1,0.582,3,4.0,4,544,3763.31,1,At Risk,1,3
CUST00494,28,Male,53592,3,1127,8,23354.32,2919.29,22,4,13,1.4,0.802,1,5.8,7,1034,4668.84,0,At Risk,1,3
CUST00495,56,Male,61048,2,601,9,51339.48,5704.39,96,1,11,1.7,0.862,3,5.4,8,1413,5471.68,1,At Risk,1,3
CUST00496,44,Male,50068,3,664,4,21578.48,5394.62,45,4,10,1.0,0.734,2,5.2,6,616,2554.4,0,At Risk,1,3
CUST00497,26,Male,154206,3,172,14,59546.91,4253.35,5,2,10,4.0,0.737,1,9.2,10,1995,10650.05,0,High Potential,1,1
CUST00498,36,Female,152790,2,181,24,91081.62,3795.07,20,5,11,0.8,0.341,3,6.2,1,3311,12892.3,0,VIP,0,1
CUST00499,27,Male,59821,3,764,9,35025.53,3891.73,12,6,14,1.6,0.514,1,8.9,4,1250,2000.0,0,Loyal,1,3
CUST00500,21,Female,25000,1,176,23,47466.96,2063.78,152,3,19,3.8,0.621,0,8.1,3,2775,9206.76,0,Loyal,0,1
CUST00501,49,Female,52051,3,414,8,21852.76,2731.6,19,3,10,1.6,0.737,5,7.9,10,1019,4048.81,0,At Risk,0,0
CUST00502,61,Female,51027,2,143,13,31156.44,2396.65,2,7,6,4.4,0.504,0,6.7,2,1612,2000.0,1,At Risk,0,0
CUST00503,21,Female,49302,2,849,2,15590.01,7795.0,19,2,6,0.1,0.828,1,6.3,6,356,2000.0,0,At Risk,0,0
CUST00504,45,Male,48116,2,59,17,27528.42,1619.32,14,6,16,18.1,0.706,0,6.3,1,1975,4200.34,0,At Risk,1,1
CUST00505,30,Male,49411,2,884,11,21103.14,1918.47,32,10,12,6.5,0.294,2,8.4,3,1311,4434.26,0,Loyal,1,3
CUST00506,32,Female,57993,1,462,10,32598.2,3259.82,9,5,8,3.5,0.663,1,8.0,10,1326,7901.06,0,Loyal,0,0
CUST00507,31,Female,49945,1,103,6,11567.07,1927.84,1,3,13,12.7,0.85,0,3.1,7,716,2000.0,0,At Risk,0,0
CUST00508,28,Female,82867,2,390,6,37375.89,6229.31,4,8,9,10.2,0.728,3,9.5,1,974,5281.44,0,At Risk,0,0
CUST00509,39,Male,90782,2,166,4,26734.04,6683.51,12,5,13,2.3,0.49,0,7.1,4,667,6212.09,0,At Risk,1,3
CUST00510,28,Female,42345,3,195,2,5000.0,2500.0,15,6,10,0.6,0.644,0,7.7,5,250,3664.24,0,At Risk,0,0
CUST00511,41,Male,156786,3,217,18,80823.6,4490.2,63,1,14,1.5,0.514,0,8.7,6,2608,11208.41,0,VIP,1,1
CUST00512,37,Female,40618,2,33,10,23786.35,2378.63,11,4,16,1.2,0.417,3,5.7,7,1238,2817.49,0,At Risk,0,0
CUST00513,35,Female,27704,3,2000,8,40615.6,5076.95,1,4,15,6.9,0.422,0,5.3,1,1206,7112.92,0,At Risk,0,0
CUST00514,27,Male,91901,2,30,10,51611.3,5161.13,53,5,13,4.0,0.54,4,6.2,6,1516,3488.4,1,At Risk,1,3
CUST00515,31,Female,44782,3,543,11,33726.03,3066.0,71,4,7,9.5,0.405,1,9.3,9,1437,5534.4,0,Loyal,0,0
CUST00516,47,Male,88679,1,232,16,50277.13,3142.32,24,4,12,3.4,0.939,5,7.5,9,2103,8100.65,1,Loyal,1,1
CUST00517,44,Male,25000,2,519,2,24758.91,12379.45,12,1,13,7.3,0.792,1,9.1,8,448,3486.32,0,At Risk,1,3
CUST00518,26,Female,168632,2,220,11,56309.47,5119.04,52,3,14,2.0,0.515,2,3.8,10,1663,8923.48,0,High Potential,0,1
CUST00519,39,Female,109467,1,560,3,42548.51,14182.84,0,6,14,4.6,0.807,2,7.2,7,725,9292.49,0,At Risk,0,2
CUST00520,47,Female,29724,3,653,14,36372.77,2598.06,90,2,12,5.1,0.448,0,5.7,1,1764,3507.88,0,At Risk,0,1
CUST00521,18,Female,30114,3,586,3,18079.37,6026.46,70,2,9,7.1,0.401,1,9.1,8,481,2000.0,0,At Risk,0,0
CUST00522,45,Female,199458,2,60,10,63615.52,6361.55,28,5,18,8.0,0.682,3,6.8,6,1636,10700.13,0,High Potential,0,1
CUST00523,30,Female,46984,2,535,4,18856.94,4714.24,11,6,9,1.6,0.548,3,5.9,8,589,2000.0,0,At Risk,0,0
CUST00524,45,Female,44333,3,164,13,30188.91,2322.22,1,1,15,2.4,0.663,2,7.0,5,1602,3847.56,1,At Risk,0,0
CUST00525,29,Male,25000,3,30,11,20319.2,1847.2,303,3,12,1.2,0.544,3,4.9,7,1303,7216.98,1,At Risk,1,3
CUST00526,18,Female,59251,2,268,5,13813.63,2762.73,50,3,5,6.9,0.402,1,7.5,2,638,3072.54,0,At Risk,0,0
CUST00527,18,Male,63791,2,284,12,34334.7,2861.23,14,2,12,1.6,0.717,0,5.7,6,1543,4733.03,0,At Risk,1,3
CUST00528,39,Female,112341,2,315,16,53910.47,3369.4,1,10,4,2.5,0.439,1,5.8,4,2139,4523.47,0,At Risk,0,1
CUST00529,41,Male,31589,2,610,12,36690.47,3057.54,36,7,11,8.1,0.661,0,7.5,10,1567,2000.0,0,Loyal,1,3
CUST00530,27,Male,29373,1,185,7,19801.28,2828.75,152,3,14,2.1,0.581,1,4.2,4,898,5581.58,1,At Risk,1,3
CUST00531,46,Male,95854,2,189,6,42021.95,7003.66,43,3,5,1.7,0.764,1,6.9,6,1020,4114.11,0,At Risk,1,3
CUST00532,18,Female,133792,3,31,8,52343.29,6542.91,3,6,16,5.3,0.54,0,6.6,0,1323,7948.99,0,High Potential,0,0
CUST00533,37,Male,28490,2,580,2,25273.63,12636.82,18,3,14,18.5,0.81,2,9.5,1,453,7071.23,0,At Risk,1,3
CUST00534,23,Male,139932,3,419,2,36121.92,18060.96,4,3,13,0.3,0.738,0,8.5,9,561,4897.24,0,At Risk,1,2
CUST00535,30,Female,74796,3,215,5,23086.73,4617.35,85,6,11,9.0,0.576,0,6.3,10,731,2823.17,1,At Risk,0,0
CUST00536,39,Female,140798,3,611,6,35721.48,5953.58,14,1,12,0.6,0.826,1,6.2,9,957,6935.81,0,High Potential,0,0
CUST00537,28,Male,70113,1,385,13,52375.53,4028.89,46,4,16,2.1,0.295,4,8.1,4,1824,11180.65,0,Loyal,1,1
CUST00538,33,Male,25000,3,317,15,25798.1,1719.87,3,3,12,2.7,0.406,1,7.5,5,1758,6068.74,0,Loyal,1,1
CUST00539,50,Male,66757,1,358,8,24742.03,3092.75,5,3,13,6.3,0.867,1,9.5,5,1047,7913.18,0,At Risk,1,3
CUST00540,31,Male,138149,2,506,2,39844.86,19922.43,40,4,18,13.1,0.429,1,7.8,5,598,2000.0,1,At Risk,1,2
CUST00541,48,Female,42777,2,539,4,18455.33,4613.83,65,2,13,0.5,0.739,1,7.8,6,585,4176.65,0,At Risk,0,0
CUST00542,24,Female,57943,2,171,9,41890.08,4654.45,8,5,15,6.8,0.46,1,8.5,1,1319,9233.44,0,Loyal,0,0
CUST00543,44,Female,65796,3,76,5,17941.6,3588.32,19,5,7,1.9,0.95,0,9.9,10,679,4480.17,0,At Risk,0,0
CUST00544,55,Male,25000,3,85,14,31614.02,2258.14,34,6,6,11.6,0.873,2,7.7,8,1716,4850.03,0,Loyal,1,3
CUST00545,18,Female,199348,1,510,14,58314.58,4165.33,56,3,6,1.6,0.499,5,8.7,2,1983,6879.55,1,High Potential,0,1
CUST00546,28,Female,42581,2,1031,12,49075.52,4089.63,35,5,9,5.9,0.433,0,7.4,8,1691,5998.03,0,Loyal,0,1
CUST00547,45,Female,99056,2,263,10,28493.08,2849.31,4,4,6,0.9,0.736,3,6.4,7,1285,7605.91,0,At Risk,0,0
CUST00548,36,Female,69423,2,93,6,46717.87,7786.31,27,2,7,15.8,0.788,1,8.5,0,1067,7214.61,0,At Risk,0,0
CUST00549,42,Female,155527,3,707,14,64128.9,4580.64,76,3,10,0.0,0.627,1,6.5,6,2041,8068.54,0,High Potential,0,1
CUST00550,31,Female,93305,2,893,12,46974.94,3914.58,71,8,12,1.3,0.743,3,5.7,10,1670,3819.27,1,At Risk,0,1
CUST00551,39,Male,63516,3,1063,13,45620.89,3509.3,31,3,22,5.6,0.28,0,6.9,5,1756,7868.86,0,At Risk,1,1
CUST00552,36,Female,42783,1,467,8,18954.01,2369.25,191,6,8,9.6,0.947,2,8.4,8,990,2165.24,0,At Risk,0,0
CUST00553,52,Female,118032,2,986,3,44515.48,14838.49,4,9,12,25.2,0.896,3,7.4,3,745,6827.2,0,At Risk,0,2
CUST00554,41,Female,25000,2,30,13,25871.56,1990.12,23,2,10,1.0,0.634,3,9.5,1,1559,8045.4,0,Loyal,0,0
CUST00555,42,Male,107746,2,57,6,32456.76,5409.46,52,6,14,1.8,0.896,0,8.9,4,925,6965.52,0,At Risk,1,3
CUST00556,33,Female,37819,2,49,7,31589.7,4512.81,5,5,11,11.1,0.687,1,10.0,4,1016,8075.94,0,At Risk,0,0
CUST00557,32,Female,155029,3,623,5,34335.96,6867.19,126,4,19,0.2,0.705,1,7.3,1,843,5612.97,0,High Potential,0,0
CUST00558,33,Male,80562,3,36,4,23646.01,5911.5,15,1,17,6.6,0.54,2,8.4,1,636,5607.38,0,At Risk,1,3
CUST00559,43,Male,107632,2,343,7,38147.47,5449.64,15,2,14,2.8,0.416,0,9.8,7,1081,8963.28,0,At Risk,1,3
CUST00560,33,Female,76818,2,320,13,43964.42,3381.88,8,5,15,5.8,0.42,1,5.3,8,1740,4897.44,0,At Risk,0,1
CUST00561,41,Female,25555,1,186,18,35060.74,1947.82,12,8,12,3.7,0.648,3,9.7,0,2151,6300.51,0,Loyal,0,1
CUST00562,63,Female,43633,1,1022,3,20620.31,6873.44,30,7,12,4.9,0.341,2,5.1,5,506,2475.66,0,At Risk,0,0
CUST00563,48,Male,109473,2,93,6,50425.24,8404.21,20,5,14,5.5,0.514,0,9.7,5,1104,6722.06,0,At Risk,1,3
CUST00564,34,Female,80821,1,217,6,34314.57,5719.09,8,2,13,5.0,0.357,1,8.1,6,943,5794.0,0,At Risk,0,0
CUST00565,52,Male,148538,3,744,15,59397.69,3959.85,58,3,12,5.5,0.44,0,7.3,5,2094,6900.47,0,High Potential,1,1
CUST00566,33,Male,93150,3,30,5,34950.36,6990.07,2,6,20,4.2,0.43,1,5.9,0,850,4686.61,0,At Risk,1,3
CUST00567,18,Male,40945,3,559,5,22843.6,4568.72,63,6,12,6.3,0.791,3,5.5,5,728,5027.24,0,At Risk,1,3
CUST00568,26,Male,45359,2,847,7,35294.42,5042.06,11,5,11,7.5,0.712,3,7.0,3,1053,5396.14,0,At Risk,1,3
CUST00569,18,Male,77789,3,1346,7,38850.34,5550.05,24,6,11,7.8,0.722,1,6.8,0,1089,4472.33,0,At Risk,1,3
CUST00570,34,Male,25000,2,1045,1,9197.07,9197.07,17,3,10,9.6,0.922,1,6.4,9,192,3559.4,0,At Risk,1,3
CUST00571,38,Male,199599,2,192,13,55502.6,4269.43,30,3,8,1.9,0.144,2,6.8,5,1855,6436.27,0,High Potential,1,1
CUST00572,58,Male,95325,3,441,6,44521.41,7420.24,56,6,14,6.8,0.843,1,8.7,2,1045,4762.94,0,At Risk,1,3
CUST00573,42,Female,152699,2,40,13,62788.38,4829.88,159,4,8,14.7,0.675,0,9.9,3,1928,11833.33,0,High Potential,0,1
CUST00574,35,Female,28329,1,149,3,15678.92,5226.31,13,4,12,2.3,0.583,2,6.9,7,457,5116.51,0,At Risk,0,0
CUST00575,48,Male,154313,3,49,13,62935.75,4841.21,28,7,15,7.5,0.358,1,7.6,7,1929,8687.66,0,High Potential,1,1
CUST00576,18,Female,278981,3,189,5,81783.84,16356.77,22,3,18,1.7,0.539,1,5.9,2,1318,15506.38,1,High Potential,0,2
CUST00577,41,Male,33106,3,1040,5,11142.35,2228.47,239,1,10,1.0,0.596,2,7.0,10,611,2000.0,1,At Risk,1,3
CUST00578,47,Female,116174,2,213,6,38730.62,6455.1,58,4,7,3.0,0.403,2,6.5,3,987,7286.82,0,At Risk,0,0
CUST00579,20,Male,73179,2,413,7,17514.52,2502.07,18,6,5,8.2,0.728,1,8.7,2,875,2000.0,0,At Risk,1,3
CUST00580,52,Male,28950,3,284,14,30689.16,2192.08,23,7,8,1.8,0.326,1,6.1,7,1707,2816.76,0,At Risk,1,3
CUST00581,42,Female,98295,1,307,11,46520.98,4229.18,10,3,14,1.7,0.945,0,8.1,2,1565,9800.93,0,Loyal,0,0
CUST00582,33,Female,120591,2,1746,4,44884.02,11221.0,49,7,15,1.6,0.377,3,6.1,9,849,9559.83,0,At Risk,0,2
CUST00583,46,Female,50987,2,176,5,35721.07,7144.21,65,2,9,1.2,0.933,3,10.0,2,857,5624.14,1,At Risk,0,0
CUST00584,65,Female,147200,2,494,7,46603.71,6657.67,117,4,12,4.7,0.71,1,8.7,5,1166,11714.21,0,High Potential,0,0
CUST00585,40,Female,26902,2,272,6,12735.89,2122.65,29,5,6,1.4,0.583,0,7.6,2,727,5210.77,0,At Risk,0,0
CUST00586,41,Male,29826,1,32,8,21470.09,2683.76,39,6,7,13.7,0.701,1,9.1,4,1015,3037.02,0,At Risk,1,3
CUST00587,32,Male,79377,1,336,11,31663.66,2878.51,21,4,15,2.1,0.688,1,8.8,3,1417,5042.8,0,Loyal,1,3
CUST00588,28,Male,74253,2,839,4,23237.85,5809.46,33,4,8,3.9,0.832,1,8.4,0,632,2000.0,0,At Risk,1,3
CUST00589,48,Male,47575,1,52,14,43574.13,3112.44,15,2,9,2.6,0.878,2,5.9,10,1836,6180.66,0,At Risk,1,1
CUST00590,28,Female,118867,2,36,7,46961.34,6708.76,47,1,10,16.4,0.382,3,9.2,10,1170,7857.63,0,At Risk,0,0
CUST00591,39,Female,100563,3,83,15,51047.65,3403.18,1,6,10,2.8,0.348,1,9.2,6,2010,8074.03,0,Loyal,0,1
CUST00592,32,Male,122380,2,723,7,50188.41,7169.77,1,1,12,4.1,0.259,2,6.8,5,1202,7654.79,0,At Risk,1,3
CUST00593,44,Female,67922,2,644,5,45799.38,9159.88,44,2,7,7.2,0.439,1,8.4,0,958,9124.86,0,At Risk,0,0
CUST00594,42,Female,104982,3,416,7,38558.96,5508.42,93,6,10,0.9,0.608,0,4.4,9,1086,5928.08,1,At Risk,0,0
CUST00595,50,Male,55972,1,316,6,18704.96,3117.49,35,4,13,0.2,0.608,3,4.8,10,787,4923.25,0,At Risk,1,3
CUST00596,32,Male,250770,2,1096,6,79024.09,13170.68,45,1,7,3.0,0.587,2,7.4,3,1390,12386.5,0,High Potential,1,2
CUST00597,35,Male,44913,2,728,10,40384.36,4038.44,61,4,12,4.0,0.654,1,9.0,8,1404,7014.02,0,Loyal,1,3
CUST00598,26,Male,258636,3,836,19,105253.59,5539.66,16,5,11,1.7,0.763,2,8.1,6,2953,17003.07,0,VIP,1,1
CUST00599,33,Male,74677,3,839,7,44894.7,6413.53,4,9,14,3.1,0.427,5,7.5,2,1149,8555.75,1,At Risk,1,3
CUST00600,43,Female,32038,3,515,1,20924.75,20924.75,95,4,6,4.8,0.626,1,7.8,6,309,2000.0,0,At Risk,0,0
CUST00601,47,Male,166183,3,306,11,62970.73,5724.61,98,1,15,18.1,0.95,1,7.7,0,1730,12918.14,0,High Potential,1,1
CUST00602,27,Male,78869,1,1000,1,32238.68,32238.68,20,5,11,4.6,0.308,1,6.5,4,422,5837.04,0,At Risk,1,2
CUST00603,48,Female,121866,1,1302,7,53111.62,7587.37,9,5,12,3.0,0.62,1,8.6,0,1231,6790.67,1,At Risk,0,0
CUST00604,54,Female,152408,2,30,14,46254.9,3303.92,78,4,12,0.1,0.722,0,8.4,3,1863,7010.75,1,High Potential,0,1
CUST00605,43,Female,89570,1,30,13,29597.42,2276.72,43,6,12,1.9,0.928,2,10.0,1,1596,6152.63,0,Loyal,0,0
CUST00606,61,Male,51259,3,1594,8,30002.72,3750.34,0,5,16,2.2,0.762,1,8.6,9,1100,6252.18,1,At Risk,1,3
CUST00607,29,Male,131325,2,162,10,54748.09,5474.81,4,5,4,3.2,0.304,5,10.0,1,1547,10506.17,0,High Potential,1,1
CUST00608,23,Female,73164,1,1033,6,31660.63,5276.77,143,8,14,7.6,0.479,1,6.8,5,917,6912.45,0,At Risk,0,0
CUST00609,18,Male,110361,3,246,6,38138.4,6356.4,1,1,13,7.5,0.71,0,9.3,7,981,9938.75,0,At Risk,1,3
CUST00610,56,Male,25000,1,63,5,27513.59,5502.72,12,6,12,9.3,0.433,1,10.0,8,775,5608.38,0,At Risk,1,3
CUST00611,46,Female,95625,2,42,7,42642.41,6091.77,28,2,14,1.7,0.556,0,5.5,5,1126,6061.5,0,At Risk,0,0
CUST00612,37,Female,49854,2,85,9,10464.97,1162.77,7,3,7,2.1,0.825,2,5.8,2,1005,2000.0,0,At Risk,0,0
CUST00613,41,Male,197202,2,144,6,61176.18,10196.03,9,5,12,0.8,0.436,1,7.8,2,1212,11124.77,0,High Potential,1,2
CUST00614,24,Female,106282,2,335,13,49913.02,3839.46,15,1,11,9.7,0.343,2,8.4,2,1799,8936.95,0,Loyal,0,1
CUST00615,67,Male,84450,1,604,6,28968.32,4828.05,11,1,10,5.3,0.361,2,10.0,2,890,4462.96,0,At Risk,1,3
CUST00616,40,Male,97908,2,2000,8,49319.79,6164.97,57,1,13,0.4,0.48,5,6.7,8,1293,7868.23,1,At Risk,1,3
CUST00617,39,Male,40172,3,291,17,39259.52,2309.38,24,3,9,1.8,0.78,3,4.4,3,2093,5770.02,0,At Risk,1,1
CUST00618,47,Male,193678,3,365,9,51236.77,5692.97,11,6,9,0.8,0.69,0,7.9,6,1412,8200.33,0,High Potential,1,3
CUST00619,44,Male,241548,2,369,2,61647.86,30823.93,13,6,8,17.4,0.799,1,7.6,1,816,8664.72,0,At Risk,1,2
CUST00620,41,Female,92573,2,388,12,62479.83,5206.65,1,9,12,2.0,0.778,0,8.2,6,1825,9642.62,0,Loyal,0,1
CUST00621,29,Female,189898,3,365,6,63622.17,10603.7,2,4,16,3.4,0.852,2,6.2,6,1236,6291.57,0,High Potential,0,2
CUST00622,44,Female,51975,3,30,7,8064.53,1152.08,44,3,7,1.9,0.477,0,4.8,3,781,2000.0,0,At Risk,0,0
CUST00623,61,Male,45330,2,30,16,41343.34,2583.96,4,3,11,3.2,0.644,1,10.0,3,2013,7391.04,0,Loyal,1,1
CUST00624,54,Male,74948,2,51,8,33629.53,4203.69,23,2,11,32.9,0.684,2,8.5,4,1136,4113.38,0,At Risk,1,3
CUST00625,57,Male,94937,3,54,7,25955.3,3707.9,65,5,15,1.7,0.738,2,10.0,0,960,5385.04,0,At Risk,1,3
CUST00626,32,Male,57734,2,610,13,31296.22,2407.4,16,3,8,1.7,0.4,2,5.6,5,1613,9007.97,0,At Risk,1,3
CUST00627,26,Male,100978,1,115,11,50113.88,4555.81,15,4,13,2.3,0.353,1,7.7,6,1601,5862.22,0,Loyal,1,1
CUST00628,36,Female,87889,2,1126,12,50779.37,4231.61,72,1,13,0.9,0.838,2,8.7,10,1708,4130.26,0,Loyal,0,1
CUST00629,39,Female,40176,1,1320,9,31778.54,3530.95,70,3,6,6.7,0.326,0,9.1,3,1218,8184.87,0,Loyal,0,0
CUST00630,51,Female,99835,2,1863,12,63285.15,5273.76,74,3,14,2.4,0.177,3,9.7,7,1833,13777.33,0,Loyal,0,1
CUST00631,18,Male,122776,2,1399,13,78542.17,6041.71,30,3,11,4.3,0.381,1,6.1,6,2085,12033.92,0,VIP,1,1
CUST00632,56,Female,81055,3,159,15,48165.03,3211.0,107,7,16,5.4,0.723,0,7.4,9,1982,7243.61,0,Loyal,0,1
CUST00633,36,Male,146033,2,356,11,57109.76,5191.8,60,1,9,0.2,0.849,2,8.6,0,1671,7364.05,0,High Potential,1,1
CUST00634,33,Male,35227,2,96,11,28149.05,2559.0,19,6,11,5.2,0.726,0,7.8,8,1381,5785.49,0,Loyal,1,3
CUST00635,26,Male,96836,1,820,15,51729.98,3448.67,35,7,10,3.8,0.896,3,4.3,8,2017,7917.71,0,At Risk,1,1
CUST00636,18,Female,36237,3,1097,12,44897.52,3741.46,5,6,15,0.4,0.769,0,8.5,0,1649,8767.95,0,Loyal,0,1
CUST00637,48,Female,37480,1,953,5,23327.79,4665.56,28,6,13,0.7,0.633,2,8.2,7,733,2000.0,0,At Risk,0,0
CUST00638,39,Male,50083,2,284,8,31689.86,3961.23,11,1,14,2.9,0.751,0,6.8,0,1117,5731.44,0,At Risk,1,3
CUST00639,23,Female,41555,1,711,13,50233.38,3864.11,12,3,8,2.1,0.629,2,7.8,7,1802,6531.81,0,Loyal,0,1
CUST00640,22,Female,52638,3,51,18,50349.2,2797.18,5,3,11,2.9,0.32,1,4.4,0,2303,9212.35,0,At Risk,0,1
CUST00641,34,Male,64313,2,30,2,7799.34,3899.67,16,2,14,5.0,0.616,2,10.0,9,278,2000.0,1,At Risk,1,3
CUST00642,58,Male,120848,2,700,11,41326.37,3756.94,23,3,15,0.8,0.317,2,7.6,9,1513,7715.1,0,Loyal,1,3
CUST00643,35,Male,60313,2,277,11,45311.1,4119.19,32,3,15,5.4,0.867,0,6.4,1,1553,5672.32,0,At Risk,1,3
CUST00644,20,Female,28244,3,2000,5,30316.18,6063.24,13,5,8,8.5,0.802,2,10.0,2,803,4404.01,0,At Risk,0,0
CUST00645,35,Male,144935,2,51,4,41581.65,10395.41,55,4,10,0.0,0.775,2,5.1,9,816,7837.84,0,At Risk,1,3
CUST00646,35,Female,44256,3,968,17,41742.92,2455.47,26,2,19,2.3,0.495,0,6.7,10,2117,4809.75,0,At Risk,0,1
CUST00647,18,Male,70599,3,327,13,46475.76,3575.06,36,4,6,1.6,0.463,1,9.4,3,1765,4348.5,0,Loyal,1,1
CUST00648,37,Female,95599,3,878,7,55756.2,7965.17,11,4,11,2.8,0.586,1,6.1,0,1258,8382.66,0,At Risk,0,0
CUST00649,35,Male,82435,2,849,16,54944.44,3434.03,59,5,17,4.8,0.813,1,6.6,7,2149,6795.25,0,At Risk,1,1
CUST00650,46,Female,140999,3,1238,9,62310.09,6923.34,34,3,17,1.0,0.668,1,7.6,6,1523,6534.96,0,High Potential,0,1
CUST00651,60,Female,97480,1,177,8,47223.71,5902.96,69,3,12,0.7,0.624,2,8.4,1,1272,8481.63,0,At Risk,0,0
CUST00652,52,Female,43618,2,1496,4,42203.83,10550.96,6,6,12,6.5,0.545,0,7.5,8,822,7170.28,0,At Risk,0,0
CUST00653,35,Female,270259,3,82,2,58280.83,29140.42,17,7,9,5.8,0.443,1,7.9,3,783,9030.21,0,At Risk,0,2
CUST00654,25,Male,82174,2,43,10,39729.63,3972.96,4,6,11,3.1,0.495,1,7.7,5,1397,7292.28,0,Loyal,1,3
CUST00655,69,Female,66943,2,282,7,39788.35,5684.05,8,6,9,3.5,0.539,0,7.4,8,1098,2261.87,0,At Risk,0,0
CUST00656,39,Male,130399,2,881,9,64369.07,7152.12,18,5,13,1.6,0.759,0,7.3,0,1544,8016.65,0,High Potential,1,1
CUST00657,38,Male,84937,2,321,13,41262.26,3174.02,79,1,8,2.0,0.444,1,7.3,2,1713,6886.0,0,Loyal,1,1
CUST00658,38,Female,92924,2,884,8,36553.07,4569.13,28,7,13,1.9,0.524,1,7.2,5,1166,7824.5,1,At Risk,0,0
CUST00659,40,Male,326214,3,654,7,88360.05,12622.86,14,3,15,6.5,0.826,2,4.5,6,1584,12932.03,0,High Potential,1,2
CUST00660,36,Female,62002,3,117,12,33614.46,2801.21,48,1,9,4.1,0.449,0,10.0,8,1536,8002.42,0,Loyal,0,0
CUST00661,31,Female,60436,2,1487,3,28361.15,9453.72,1,5,13,6.5,0.781,2,5.7,3,584,3155.75,0,At Risk,0,0
CUST00662,31,Male,78429,1,31,3,26200.85,8733.62,16,1,9,4.5,0.782,1,6.6,6,562,3581.05,0,At Risk,1,3
CUST00663,38,Female,139095,3,1143,14,60616.35,4329.74,32,6,7,3.9,0.427,0,9.3,6,2006,8508.25,0,High Potential,0,1
CUST00664,31,Male,29616,2,182,7,33041.01,4720.14,31,4,11,1.9,0.507,1,10.0,7,1030,5449.23,0,At Risk,1,3
CUST00665,29,Male,25000,1,347,15,32036.57,2135.77,33,2,17,2.5,0.359,1,9.2,4,1820,2324.41,1,Loyal,1,1
CUST00666,39,Male,51417,1,274,16,37497.61,2343.6,8,1,7,10.9,0.885,2,8.4,9,1975,6518.15,0,Loyal,1,1
CUST00667,35,Female,27437,2,94,12,19031.53,1585.96,14,6,12,4.3,0.601,0,8.0,9,1390,3438.77,0,Loyal,0,0
CUST00668,56,Female,56676,1,222,3,29700.26,9900.09,94,5,17,3.7,0.375,1,7.0,1,597,3985.77,0,At Risk,0,0
CUST00669,18,Female,98864,1,107,5,21260.18,4252.04,128,5,13,0.3,0.559,1,8.5,2,713,2655.57,1,At Risk,0,0
CUST00670,51,Female,42854,2,114,7,26598.84,3799.83,13,5,11,5.6,0.813,1,9.2,0,966,5213.24,1,At Risk,0,0
CUST00671,53,Male,31067,2,104,14,38419.69,2744.26,36,2,12,5.8,0.701,3,9.0,6,1784,7396.45,0,Loyal,1,1
CUST00672,18,Male,76237,2,336,20,32126.28,1606.31,10,1,17,5.9,0.457,1,9.2,6,2321,5711.34,0,Loyal,1,1
CUST00673,34,Female,122703,3,800,4,30121.61,7530.4,16,4,13,0.5,0.465,1,6.7,0,701,5135.62,0,At Risk,0,0
CUST00674,34,Female,26450,3,421,5,15162.57,3032.51,55,1,13,1.8,0.409,0,7.5,9,652,2797.19,0,At Risk,0,0
CUST00675,21,Male,119628,2,1118,10,68421.77,6842.18,24,9,10,2.3,0.375,3,4.7,7,1684,9797.71,0,At Risk,1,1
CUST00676,29,Male,119418,1,506,11,47099.56,4281.78,66,4,12,8.8,0.535,0,9.5,3,1571,9259.51,0,Loyal,1,1
CUST00677,25,Female,129631,3,585,9,45367.45,5040.83,35,2,13,19.7,0.352,2,7.4,7,1354,10201.35,0,Loyal,0,0
CUST00678,59,Female,151917,1,551,1,33628.72,33628.72,35,5,11,2.7,0.112,1,4.8,8,436,8554.53,0,At Risk,0,2
CUST00679,49,Male,274089,3,298,11,76363.29,6942.12,1,3,11,4.0,0.63,2,7.9,0,1864,9085.76,0,VIP,1,2
CUST00680,53,Male,59062,1,585,1,14388.72,14388.72,48,3,11,0.0,0.194,0,9.2,7,244,2000.0,1,At Risk,1,3
CUST00681,47,Female,78100,3,36,5,21094.02,4218.8,133,7,13,0.0,0.626,1,7.4,1,711,4593.78,0,At Risk,0,0
CUST00682,24,Female,56962,2,983,15,41672.92,2778.19,22,6,6,0.4,0.681,1,8.2,3,1917,6620.89,1,Loyal,0,1
CUST00683,32,Male,73217,2,752,7,28996.67,4142.38,6,9,12,6.4,0.563,4,6.7,10,990,4593.18,0,At Risk,1,3
CUST00684,44,Female,183455,3,141,5,47436.08,9487.22,132,7,10,1.0,0.411,2,6.1,3,974,7703.08,1,High Potential,0,2
CUST00685,23,Male,32630,2,731,11,40429.74,3675.43,12,5,10,7.1,0.432,4,8.2,1,1504,5929.48,0,Loyal,1,3
CUST00686,47,Male,43624,2,30,10,18868.2,1886.82,18,1,15,2.8,0.343,1,6.2,0,1189,2000.0,0,At Risk,1,3
CUST00687,35,Female,167093,2,122,17,63164.52,3715.56,3,7,18,9.5,0.847,3,7.6,1,2332,7151.2,0,High Potential,0,1
CUST00688,34,Female,134864,3,34,15,52781.99,3518.8,4,4,12,10.2,0.703,0,5.6,3,2028,5635.6,0,High Potential,0,1
CUST00689,47,Male,58813,1,758,4,26199.13,6549.78,9,3,16,10.6,0.243,0,7.3,1,662,6235.59,0,At Risk,1,3
CUST00690,43,Female,122106,1,705,16,55200.85,3450.05,28,2,9,3.9,0.299,2,8.7,6,2152,12721.52,0,Loyal,0,1
CUST00691,34,Female,89745,2,840,14,68267.32,4876.24,29,4,13,7.8,0.73,1,5.5,0,2083,8899.0,0,At Risk,0,1
CUST00692,52,Female,179902,1,30,12,66084.05,5507.0,33,2,8,5.4,0.661,0,6.9,3,1861,15398.06,0,High Potential,0,1
CUST00693,25,Female,76474,2,348,10,45402.01,4540.2,31,7,12,1.0,0.859,3,6.3,7,1454,3043.8,0,At Risk,0,0
CUST00694,45,Female,135318,1,610,8,50959.44,6369.93,24,4,12,2.4,0.581,0,9.1,7,1310,7418.27,0,High Potential,0,0
CUST00695,45,Female,356899,2,84,23,131828.1,5731.66,57,5,10,16.4,0.6,3,7.5,0,3618,18979.38,0,VIP,0,1
CUST00696,34,Male,104701,1,525,11,37885.83,3444.17,95,2,14,7.4,0.456,0,7.4,4,1479,2000.0,0,Loyal,1,3
CUST00697,42,Male,75327,2,44,18,44863.66,2492.43,11,2,10,1.5,0.471,1,7.2,8,2249,9950.74,0,Loyal,1,1
CUST00698,23,Male,112811,1,100,5,28086.09,5617.22,5,1,13,1.6,0.913,0,6.6,4,781,3689.29,0,At Risk,1,3
CUST00699,49,Female,58737,1,323,15,41134.66,2742.31,19,3,7,1.5,0.517,0,5.1,10,1911,6702.44,0,At Risk,0,1
CUST00700,36,Female,306441,1,530,5,93326.95,18665.39,1,4,14,2.0,0.916,1,7.0,4,1433,14838.6,0,High Potential,0,2
CUST00701,32,Male,81474,3,79,15,63150.02,4210.0,75,5,11,13.2,0.857,2,8.9,5,2132,6297.69,0,Loyal,1,1
CUST00702,51,Male,62084,1,102,7,34714.86,4959.27,10,2,9,2.8,0.727,1,6.7,7,1047,10837.5,0,At Risk,1,3
CUST00703,30,Female,44293,3,114,7,22475.68,3210.81,28,4,15,2.3,0.518,1,8.3,6,925,4261.31,0,At Risk,0,0
CUST00704,21,Male,141256,1,136,13,64527.69,4963.67,4,2,13,1.4,0.279,3,5.3,6,1945,9162.27,0,High Potential,1,1
CUST00705,19,Female,123046,1,128,3,45362.81,15120.94,28,7,15,11.1,0.597,1,9.6,6,754,5514.88,0,At Risk,0,2
CUST00706,45,Male,54262,2,251,3,28760.93,9586.98,1,4,17,15.8,0.889,1,10.0,0,588,5487.53,0,At Risk,1,3
CUST00707,23,Female,103349,2,530,13,49310.63,3793.13,51,3,12,2.0,0.811,2,8.3,1,1793,4425.79,0,Loyal,0,1
CUST00708,59,Female,29580,3,288,8,22356.71,2794.59,109,4,6,4.8,0.676,0,7.7,4,1024,4053.58,0,At Risk,0,0
CUST00709,18,Male,81714,3,748,4,25895.02,6473.75,13,8,10,15.9,0.727,0,6.2,4,659,7008.29,1,At Risk,1,3
CUST00710,58,Male,95957,3,635,6,35030.21,5838.37,10,3,12,3.5,0.581,2,4.5,9,950,7581.33,0,At Risk,1,3
CUST00711,41,Male,203699,2,68,17,69560.52,4091.8,21,3,13,3.2,0.859,0,8.3,3,2396,9240.4,1,High Potential,1,1
CUST00712,37,Female,46051,2,30,8,24255.95,3031.99,34,3,10,3.8,0.8,1,9.2,7,1043,3774.48,0,At Risk,0,0
CUST00713,31,Female,33962,2,1052,13,39099.45,3007.65,7,7,13,0.2,0.592,1,7.2,7,1691,7217.97,0,Loyal,0,1
CUST00714,43,Male,42734,3,42,5,11825.59,2365.12,57,6,12,1.8,0.691,0,7.8,7,618,4813.02,1,At Risk,1,3
CUST00715,38,Female,32796,2,80,11,49140.51,4467.32,8,4,12,6.0,0.144,4,6.0,8,1591,10412.09,1,At Risk,0,0
CUST00716,51,Female,163080,2,30,12,60086.29,5007.19,0,3,20,17.0,0.284,2,8.1,10,1801,12341.42,0,High Potential,0,1
CUST00717,39,Male,185199,1,495,15,82042.32,5469.49,26,3,15,4.2,0.842,2,9.0,6,2320,10753.7,0,VIP,1,1
CUST00718,40,Male,88622,1,437,2,36194.3,18097.15,4,2,15,1.1,0.602,0,8.4,6,562,7889.44,0,At Risk,1,2
CUST00719,34,Female,152174,3,2000,18,97422.1,5412.34,42,3,5,2.8,0.775,2,6.2,7,2774,11066.88,0,VIP,0,1
CUST00720,37,Female,79251,2,1090,9,35098.16,3899.8,6,2,13,3.4,0.868,2,6.7,3,1251,4608.92,0,At Risk,0,0
CUST00721,42,Female,69074,2,265,6,23750.35,3958.39,60,5,10,0.8,0.661,0,8.5,7,838,2000.0,1,At Risk,0,0
CUST00722,18,Female,59885,1,232,6,11320.46,1886.74,22,4,13,2.0,0.589,0,6.6,1,713,2000.0,0,At Risk,0,0
CUST00723,22,Female,60704,3,176,11,21622.76,1965.71,29,8,16,2.9,0.95,3,10.0,3,1316,4559.16,0,Loyal,0,0
CUST00724,47,Male,28892,1,83,22,38539.69,1751.8,7,6,11,1.5,0.265,2,10.0,10,2585,5508.26,1,Loyal,1,1
CUST00725,40,Female,85695,3,74,11,38032.74,3457.52,6,5,8,2.2,0.95,0,7.1,9,1480,6550.26,1,Loyal,0,0
CUST00726,36,Female,71382,1,71,11,35318.31,3210.76,35,3,11,1.6,0.505,1,10.0,10,1453,3998.12,0,Loyal,0,0
CUST00727,38,Female,114373,3,61,5,60046.88,12009.38,10,4,5,4.7,0.458,2,7.5,10,1100,9963.09,0,At Risk,0,2
CUST00728,42,Male,77351,3,138,11,41943.9,3813.08,17,4,9,4.3,0.295,1,9.2,0,1519,5879.73,0,Loyal,1,3
CUST00729,32,Male,66329,1,183,2,27419.34,13709.67,23,2,14,4.0,0.484,3,7.9,4,474,4535.84,0,At Risk,1,3
CUST00730,29,Male,43360,2,1630,10,41712.28,4171.23,9,5,8,0.5,0.625,2,7.6,10,1417,3926.99,0,Loyal,1,3
CUST00731,40,Male,76366,2,432,12,31353.81,2612.82,56,3,14,1.0,0.59,0,5.5,6,1514,6846.02,0,At Risk,1,3
CUST00732,26,Male,113885,1,2000,10,61428.35,6142.84,98,5,13,0.6,0.764,3,7.2,3,1614,9792.13,0,Loyal,1,1
CUST00733,43,Female,36827,3,233,22,36652.32,1666.01,20,7,14,0.3,0.9,1,10.0,1,2567,7197.96,0,Loyal,0,1
CUST00734,18,Female,77071,2,306,18,50359.11,2797.73,87,2,8,1.4,0.644,3,8.3,3,2304,5111.8,0,Loyal,0,1
CUST00735,50,Male,84105,2,196,7,37856.77,5408.11,75,6,10,1.1,0.487,3,7.6,5,1079,7257.89,0,At Risk,1,3
CUST00736,44,Female,47532,1,101,6,17367.07,2894.51,6,7,11,6.5,0.457,1,7.4,8,774,3811.15,0,At Risk,0,0
CUST00737,41,Male,51394,2,77,7,26068.0,3724.0,7,1,9,6.0,0.501,1,8.4,10,961,3526.99,0,At Risk,1,3
CUST00738,50,Male,83983,3,1451,5,34267.47,6853.49,23,5,14,1.1,0.585,2,7.5,4,843,8249.54,0,At Risk,1,3
CUST00739,58,Male,37047,2,2000,13,38706.59,2977.43,26,8,17,0.9,0.551,2,8.2,9,1687,6989.75,0,Loyal,1,1
CUST00740,50,Female,90215,3,30,18,56390.19,3132.79,15,6,9,0.8,0.805,0,7.3,8,2364,9373.87,0,Loyal,0,1
CUST00741,18,Male,42736,3,81,15,45410.05,3027.34,13,6,10,1.9,0.33,1,7.2,2,1954,3043.77,0,Loyal,1,1
CUST00742,23,Male,138374,1,275,11,60781.89,5525.63,20,3,14,1.7,0.337,2,6.0,2,1708,11556.08,0,High Potential,1,1
CUST00743,31,Male,297359,1,103,15,91314.37,6087.62,41,2,8,0.1,0.609,1,10.0,3,2413,14861.03,0,VIP,1,1
CUST00744,38,Female,43632,3,226,8,8402.09,1050.26,3,5,18,4.2,0.444,3,6.0,6,884,4320.3,0,At Risk,0,0
CUST00745,44,Male,100763,2,69,14,48627.27,3473.38,43,4,18,11.4,0.682,0,7.9,6,1886,6268.14,0,Loyal,1,1
CUST00746,29,Female,47285,1,305,21,60796.54,2895.07,91,4,13,3.9,0.424,2,6.8,1,2708,7962.42,0,At Risk,0,1
CUST00747,40,Female,136567,2,159,9,36994.74,4110.53,50,9,14,0.3,0.819,1,6.7,3,1270,8951.55,0,High Potential,0,0
CUST00748,29,Female,34230,2,217,5,32512.7,6502.54,7,5,6,4.6,0.417,1,6.9,7,825,7118.58,0,At Risk,0,0
CUST00749,31,Female,97573,3,50,13,28790.68,2214.67,3,4,12,3.3,0.703,1,6.6,3,1588,2000.0,0,At Risk,0,0
CUST00750,21,Male,43313,1,279,2,18540.26,9270.13,24,5,15,11.9,0.874,1,8.0,7,385,3960.0,0,At Risk,1,3
CUST00751,27,Male,64590,1,2000,6,47647.81,7941.3,110,3,7,2.3,0.693,0,8.7,5,1076,9860.79,0,At Risk,1,3
CUST00752,22,Female,39395,3,199,16,50807.49,3175.47,60,3,13,7.0,0.543,3,8.5,4,2108,8146.97,0,Loyal,0,1
CUST00753,26,Male,119780,3,1045,4,45587.41,11396.85,29,5,12,0.2,0.698,1,4.8,8,856,5587.12,1,At Risk,1,3
CUST00754,51,Female,44259,2,926,5,23546.01,4709.2,5,2,14,6.4,0.679,2,9.0,1,735,2918.23,0,At Risk,0,0
CUST00755,27,Female,101842,3,1519,8,50301.04,6287.63,44,6,11,0.2,0.918,0,8.5,7,1303,7878.47,0,At Risk,0,0
CUST00756,70,Female,59489,2,781,14,39073.21,2790.94,59,4,7,2.1,0.327,1,6.6,8,1791,8022.8,0,At Risk,0,1
CUST00757,44,Female,68276,3,539,12,25013.8,2084.48,96,4,11,14.8,0.409,3,8.6,7,1450,2269.62,0,Loyal,0,0
CUST00758,40,Female,79910,2,971,3,28812.24,9604.08,33,3,11,6.1,0.815,2,9.1,4,588,2000.0,0,At Risk,0,0
CUST00759,28,Female,46300,1,39,4,21629.84,5407.46,25,5,16,13.0,0.501,1,7.0,7,616,3415.55,0,At Risk,0,0
CUST00760,46,Male,82969,3,311,21,66744.76,3178.32,34,3,10,3.4,0.372,0,6.5,1,2767,10636.48,0,At Risk,1,1
CUST00761,31,Female,183176,2,2000,15,79412.29,5294.15,100,3,9,4.7,0.707,1,9.9,8,2294,13103.48,0,VIP,0,1
CUST00762,39,Male,45851,3,734,10,45776.23,4577.62,35,3,10,3.6,0.312,0,10.0,1,1458,5300.3,0,Loyal,1,3
CUST00763,69,Male,147722,2,1636,4,51443.65,12860.91,10,2,5,3.3,0.749,1,8.8,0,914,8519.69,0,At Risk,1,2
CUST00764,37,Female,179667,3,756,15,76405.06,5093.67,35,8,13,4.3,0.575,1,9.4,4,2264,10107.96,0,VIP,0,1
CUST00765,52,Male,44815,3,1039,4,31340.78,7835.2,74,3,14,0.2,0.732,0,7.7,6,713,6518.56,0,At Risk,1,3
CUST00766,30,Male,30545,1,613,14,37251.09,2660.79,29,6,11,1.0,0.506,0,9.1,9,1773,6313.79,0,Loyal,1,1
CUST00767,38,Male,87656,3,715,10,42276.25,4227.62,24,3,16,1.2,0.423,3,4.3,3,1423,7858.74,0,At Risk,1,3
CUST00768,59,Female,52657,2,370,17,57604.01,3388.47,46,3,14,2.4,0.872,0,8.6,2,2276,8869.7,0,Loyal,0,1
CUST00769,30,Female,224395,3,1290,7,58695.35,8385.05,38,1,13,2.9,0.583,0,8.5,10,1287,9891.19,0,High Potential,0,2
CUST00770,60,Female,74674,2,872,7,36340.31,5191.47,2,4,12,6.7,0.478,0,8.5,3,1063,5041.72,0,At Risk,0,0
CUST00771,46,Male,45192,3,929,12,24295.4,2024.62,45,6,11,0.9,0.73,1,8.2,1,1443,2774.01,0,Loyal,1,3
CUST00772,31,Female,36743,2,559,12,19774.58,1647.88,18,2,9,4.2,0.358,0,8.2,0,1398,3056.81,1,Loyal,0,0
CUST00773,46,Female,140638,1,182,21,69768.47,3322.31,99,5,7,1.6,0.772,1,6.7,5,2798,11807.83,0,High Potential,0,1
CUST00774,50,Male,51911,1,30,18,39853.32,2214.07,124,6,8,3.6,0.62,0,10.0,2,2199,11942.88,0,Loyal,1,1
CUST00775,45,Male,75079,2,1372,9,60322.96,6702.55,21,6,10,4.9,0.81,1,10.0,9,1503,11829.22,0,Loyal,1,3
CUST00776,19,Male,129765,3,441,15,57050.01,3803.33,121,3,12,4.4,0.433,0,10.0,5,2071,11759.68,0,Loyal,1,1
CUST00777,29,Female,54690,2,177,3,27929.19,9309.73,13,4,14,1.2,0.461,2,6.7,0,579,4342.0,0,At Risk,0,0
CUST00778,35,Female,71143,2,81,13,40110.5,3085.42,40,1,15,6.2,0.617,3,8.7,10,1701,5319.1,0,Loyal,0,1
CUST00779,37,Female,72407,2,885,8,27793.56,3474.2,3,3,12,5.3,0.244,1,8.8,10,1078,2000.0,0,At Risk,0,0
CUST00780,45,Male,110194,2,906,18,49785.82,2765.88,5,1,9,13.4,0.374,2,4.4,5,2298,6050.49,0,At Risk,1,1
CUST00781,40,Female,104240,1,842,8,33161.66,4145.21,70,1,12,5.0,0.777,1,7.5,1,1132,3011.53,0,At Risk,0,0
CUST00782,22,Female,64083,3,518,3,26265.1,8755.03,78,4,7,6.4,0.325,1,8.0,6,563,5927.99,0,At Risk,0,0
CUST00783,43,Female,75977,3,228,11,51114.89,4646.81,27,4,15,8.3,0.321,3,8.1,4,1611,7433.96,0,Loyal,0,0
CUST00784,45,Female,58509,2,181,4,14212.57,3553.14,15,2,6,0.6,0.591,3,6.3,5,542,2000.0,0,At Risk,0,0
CUST00785,45,Male,30135,1,30,10,31572.42,3157.24,21,2,9,6.0,0.717,1,9.1,9,1316,6915.03,0,Loyal,1,3
CUST00786,51,Male,85354,1,897,16,53297.69,3331.11,71,8,14,1.9,0.497,4,8.0,2,2133,9186.17,1,Loyal,1,1
CUST00787,48,Female,227593,2,46,8,56317.68,7039.71,8,7,12,8.7,0.711,3,6.8,6,1363,6143.89,0,High Potential,0,2
CUST00788,44,Female,43035,2,498,7,28889.76,4127.11,12,3,18,3.3,0.821,1,8.5,9,989,7924.96,0,At Risk,0,0
CUST00789,37,Female,45990,3,351,3,31054.64,10351.55,54,2,11,4.3,0.379,2,6.1,4,611,3340.88,1,At Risk,0,0
CUST00790,18,Male,43372,2,374,8,26330.08,3291.26,96,1,9,1.5,0.95,1,8.1,6,1063,5574.27,0,At Risk,1,3
CUST00791,43,Female,112956,3,1307,12,63540.2,5295.02,3,2,15,5.3,0.878,1,7.4,3,1835,9208.35,0,Loyal,0,1
CUST00792,40,Male,95711,2,30,9,39965.67,4440.63,57,6,12,0.2,0.669,1,7.6,1,1300,9511.86,0,Loyal,1,3
CUST00793,41,Male,66495,2,742,9,39249.91,4361.1,36,5,7,6.9,0.906,0,6.5,3,1292,7868.34,0,At Risk,1,3
CUST00794,23,Female,42158,2,30,5,12090.02,2418.0,9,8,7,0.9,0.348,0,5.9,9,621,2000.0,0,At Risk,0,0
CUST00795,25,Female,77298,1,30,8,35572.13,4446.52,49,4,12,1.3,0.395,7,5.8,1,1156,9561.92,0,At Risk,0,0
CUST00796,51,Male,28602,2,281,9,13045.55,1449.51,46,1,13,0.0,0.66,1,5.7,3,1030,2000.0,1,At Risk,1,3
CUST00797,38,Male,79702,3,33,23,62085.9,2699.39,5,2,11,1.9,0.402,2,7.7,0,2921,7175.02,0,Loyal,1,1
CUST00798,46,Male,123366,2,778,6,55147.19,9191.2,24,4,12,2.5,0.631,3,8.1,6,1151,11631.96,0,At Risk,1,3
CUST00799,38,Male,34520,3,377,15,52042.15,3469.48,50,2,11,1.3,0.669,4,8.1,3,2020,7864.44,0,Loyal,1,1
CUST00800,38,Female,29158,2,30,1,5000.0,5000.0,7,3,12,1.3,0.921,1,6.5,5,150,2063.92,0,At Risk,0,0
CUST00801,49,Female,188653,1,30,8,59677.45,7459.68,22,3,14,11.2,0.446,0,5.7,8,1397,10054.6,0,High Potential,0,2
CUST00802,32,Male,50663,2,474,10,27297.4,2729.74,5,8,10,2.0,0.95,1,8.2,4,1273,2505.58,0,Loyal,1,3
CUST00803,39,Female,144577,2,820,11,59293.02,5390.27,13,1,14,6.4,0.51,1,8.1,1,1693,12720.01,1,High Potential,0,1
CUST00804,32,Female,66676,2,288,10,50349.61,5034.96,9,10,11,1.4,0.142,2,9.2,1,1503,12271.93,0,Loyal,0,0
CUST00805,33,Female,66358,1,404,7,37455.84,5350.83,25,1,12,8.3,0.95,1,5.7,8,1075,2472.59,0,At Risk,0,0
CUST00806,34,Male,95135,2,804,5,31144.31,6228.86,5,3,13,5.7,0.266,0,7.3,4,811,4167.99,0,At Risk,1,3
CUST00807,41,Female,43028,1,471,7,20167.18,2881.03,17,6,8,7.1,0.295,2,8.2,7,902,5538.25,0,At Risk,0,0
CUST00808,32,Male,79182,1,127,11,38373.98,3488.54,11,7,12,2.9,0.782,3,5.3,4,1484,6070.96,0,At Risk,1,3
CUST00809,53,Male,58169,2,475,8,31674.96,3959.37,48,2,12,10.6,0.444,0,7.3,1,1117,3989.18,0,At Risk,1,3
CUST00810,27,Male,33114,2,495,10,30306.66,3030.67,42,1,13,2.3,0.577,1,4.9,3,1303,5745.18,0,At Risk,1,3
CUST00811,36,Female,89544,3,662,6,23884.76,3980.79,3,5,9,4.6,0.588,4,6.7,3,839,5344.2,0,At Risk,0,0
CUST00812,33,Male,62443,2,485,16,62409.91,3900.62,107,5,8,5.1,0.43,1,9.6,6,2224,12797.89,0,Loyal,1,1
CUST00813,55,Male,66555,3,1741,4,52551.64,13137.91,48,8,14,15.2,0.699,0,10.0,4,926,4754.42,0,At Risk,1,3
CUST00814,40,Male,35380,2,110,10,30497.3,3049.73,33,2,17,0.7,0.51,0,7.7,8,1305,2975.98,0,Loyal,1,3
CUST00815,50,Female,190012,3,1509,3,52312.56,17437.52,23,5,5,0.7,0.195,1,8.0,0,823,6484.73,0,At Risk,0,2
CUST00816,20,Female,123751,2,386,6,36101.18,6016.86,7,5,8,3.1,0.804,1,7.6,6,961,10565.14,0,At Risk,0,0
CUST00817,41,Male,130417,3,557,12,47214.8,3934.57,114,5,9,12.5,0.449,1,8.9,7,1672,10289.02,0,High Potential,1,1
CUST00818,49,Female,60884,2,52,8,19956.36,2494.55,0,4,13,0.1,0.886,1,8.8,7,1000,4297.9,0,At Risk,0,0
CUST00819,39,Female,25913,3,239,11,22344.21,2031.29,41,2,10,1.6,0.535,2,5.2,9,1323,3416.24,0,At Risk,0,0
CUST00820,51,Female,236039,2,733,18,93574.92,5198.61,25,6,17,1.7,0.772,3,8.4,6,2736,14479.84,0,VIP,0,1
CUST00821,32,Male,70498,1,614,4,28646.4,7161.6,82,3,14,1.8,0.693,1,5.7,10,686,7276.97,1,At Risk,1,3
CUST00822,55,Female,46664,2,30,14,47899.72,3421.41,17,4,13,0.1,0.589,2,9.3,7,1879,7045.29,0,Loyal,0,1
CUST00823,66,Female,93909,1,395,10,29638.03,2963.8,26,1,14,8.7,0.423,4,9.2,0,1296,6114.55,0,Loyal,0,0
CUST00824,34,Female,147307,2,46,14,50930.36,3637.88,47,2,14,0.0,0.445,3,5.1,6,1909,6745.93,0,High Potential,0,1
CUST00825,33,Male,72126,1,2000,14,41066.79,2933.34,2,6,16,3.2,0.612,1,9.0,5,1811,4332.6,0,Loyal,1,1
CUST00826,55,Female,157494,2,1138,9,61109.9,6789.99,2,1,12,0.3,0.685,1,5.9,10,1511,5370.59,0,High Potential,0,2
CUST00827,57,Female,140056,3,30,12,65457.52,5454.79,8,2,10,8.0,0.571,0,7.2,1,1855,8311.9,0,High Potential,0,1
CUST00828,32,Female,38337,2,978,9,28680.62,3186.74,6,1,14,6.9,0.641,0,5.6,3,1187,3792.43,0,At Risk,0,0
CUST00829,33,Male,48812,3,1259,10,49736.49,4973.65,0,5,6,6.4,0.72,2,8.3,7,1497,8578.4,0,Loyal,1,3
CUST00830,35,Male,129900,2,218,10,53873.21,5387.32,34,6,7,6.7,0.541,1,9.9,0,1539,8941.8,0,Loyal,1,1
CUST00831,22,Female,25000,2,636,10,35518.98,3551.9,56,3,7,14.1,0.336,3,7.2,4,1355,2795.79,0,Loyal,0,0
CUST00832,27,Female,66858,3,292,11,41530.3,3775.48,110,3,15,2.7,0.674,1,6.7,3,1515,6263.46,0,At Risk,0,0
CUST00833,26,Male,30993,3,532,16,54303.64,3393.98,20,5,13,9.9,0.625,2,7.4,10,2143,7102.1,0,Loyal,1,1
CUST00834,29,Female,54944,3,208,9,28350.01,3150.0,11,5,12,1.0,0.429,0,9.7,2,1184,4473.58,0,Loyal,0,0
CUST00835,38,Male,61127,2,195,8,34900.06,4362.51,70,6,13,3.0,0.834,2,9.0,0,1149,5848.14,0,At Risk,1,3
CUST00836,41,Female,58986,2,276,9,46150.36,5127.82,65,4,9,0.0,0.3,0,9.6,10,1362,9844.74,0,Loyal,0,0
CUST00837,57,Female,52504,1,79,8,18393.69,2299.21,34,5,11,1.7,0.438,4,7.5,5,984,2905.84,0,At Risk,0,0
CUST00838,26,Female,37862,2,889,10,31723.21,3172.32,11,2,13,3.1,0.5,1,4.3,1,1317,8134.15,0,At Risk,0,0
CUST00839,50,Female,289279,2,214,9,86154.72,9572.75,84,5,13,12.0,0.3,3,4.8,4,1762,9482.95,1,High Potential,0,2
CUST00840,35,Male,224241,3,256,8,58907.69,7363.46,7,3,5,1.9,0.621,0,7.2,8,1389,7052.8,0,High Potential,1,2
CUST00841,37,Female,36416,3,1122,3,15185.12,5061.71,2,1,11,5.6,0.504,1,5.4,9,452,2501.72,0,At Risk,0,0
CUST00842,46,Male,188956,2,343,7,73155.77,10450.82,56,7,12,9.0,0.676,2,8.6,0,1432,8482.33,0,High Potential,1,2
CUST00843,25,Female,57545,1,393,7,21906.8,3129.54,29,5,12,2.0,0.296,1,7.2,6,919,2000.0,0,At Risk,0,0
CUST00844,43,Female,79024,3,1567,6,37793.79,6298.96,10,3,9,0.9,0.668,1,4.8,2,978,5806.41,0,At Risk,0,0
CUST00845,40,Female,70406,1,1089,11,45728.51,4157.14,39,3,16,4.5,0.784,1,8.0,0,1557,4927.25,0,Loyal,0,0
CUST00846,44,Male,49225,2,93,6,25801.83,4300.31,51,4,8,1.7,0.844,0,6.4,6,858,2253.4,0,At Risk,1,3
CUST00847,41,Female,131968,1,320,9,43434.84,4826.09,65,5,18,5.3,0.682,2,7.2,9,1334,6964.22,0,High Potential,0,0
CUST00848,67,Male,78868,2,1775,5,38890.65,7778.13,12,6,10,0.7,0.73,5,9.1,6,889,9726.04,0,At Risk,1,3
CUST00849,30,Male,54944,3,233,14,31136.31,2224.02,1,5,15,0.8,0.341,3,9.4,5,1711,4946.38,0,Loyal,1,1
CUST00850,32,Female,33431,1,232,10,22783.0,2278.3,25,2,10,5.6,0.549,2,9.4,8,1228,4931.55,0,Loyal,0,0
CUST00851,31,Male,42781,2,108,8,30242.24,3780.28,68,3,11,18.2,0.302,3,8.5,10,1102,2706.96,0,At Risk,1,3
CUST00852,31,Female,27314,2,61,15,40746.42,2716.43,8,4,13,1.4,0.551,1,10.0,1,1907,4591.79,0,Loyal,0,1
CUST00853,30,Male,73669,3,674,13,53145.44,4088.11,19,3,13,6.3,0.797,0,7.0,5,1831,3406.89,0,Loyal,1,1
CUST00854,52,Male,35668,3,735,11,33487.3,3044.3,10,5,4,3.8,0.538,1,7.2,10,1435,3406.15,0,Loyal,1,3
CUST00855,55,Female,62359,1,1737,4,33241.96,8310.49,0,4,15,9.3,0.878,0,6.5,1,732,7295.19,0,At Risk,0,0
CUST00856,31,Female,166385,1,742,9,48281.34,5364.59,80,2,12,2.5,0.606,1,7.6,1,1383,6661.1,0,High Potential,0,0
CUST00857,28,Male,150178,2,139,12,52907.56,4408.96,5,1,12,17.8,0.615,1,7.5,6,1729,8336.94,0,High Potential,1,1
CUST00858,44,Female,71728,2,30,23,58807.6,2556.85,51,4,10,0.4,0.606,2,7.8,3,2888,9240.47,0,Loyal,0,1
CUST00859,31,Female,69407,2,2000,18,72374.46,4020.8,15,2,10,20.9,0.525,1,7.5,7,2524,12115.17,0,Loyal,0,1
CUST00860,46,Female,225917,1,208,22,75501.27,3431.88,11,4,12,9.4,0.564,2,8.9,10,2955,15063.4,0,VIP,0,1
CUST00861,40,Male,99953,1,187,15,47790.62,3186.04,99,4,15,10.1,0.369,0,7.6,4,1978,8930.23,0,Loyal,1,1
CUST00862,20,Female,60073,2,1182,1,6345.42,6345.42,37,6,11,9.2,0.733,5,7.4,6,163,2000.0,1,At Risk,0,0
CUST00863,57,Female,31082,1,440,4,5000.0,1250.0,41,3,14,9.9,0.589,2,8.1,1,450,3680.15,0,At Risk,0,0
CUST00864,60,Female,92626,3,121,9,48085.03,5342.78,50,7,15,8.4,0.664,1,5.6,9,1381,7699.57,0,At Risk,0,0
CUST00865,31,Male,120282,1,1100,2,28444.53,14222.26,15,5,11,11.5,0.358,1,5.7,1,484,2000.0,0,At Risk,1,3
CUST00866,33,Female,50062,1,2000,18,60278.14,3348.79,29,2,8,3.1,0.768,2,7.2,2,2403,7053.58,0,Loyal,0,1
CUST00867,41,Female,87092,3,45,11,47532.36,4321.12,11,2,10,14.0,0.691,1,8.4,4,1575,6961.67,0,Loyal,0,0
CUST00868,42,Female,58798,2,991,7,29720.34,4245.76,63,1,10,2.4,0.778,1,7.6,7,997,3655.57,0,At Risk,0,0
CUST00869,46,Male,65485,3,248,5,15594.46,3118.89,32,4,6,6.5,0.736,1,7.1,8,656,2659.0,0,At Risk,1,3
CUST00870,62,Female,25000,1,371,10,27423.19,2742.32,10,5,11,6.2,0.227,2,7.7,7,1274,2000.0,0,Loyal,0,0
CUST00871,36,Female,64019,2,1231,12,58014.55,4834.55,81,7,8,8.6,0.525,2,9.3,1,1780,10503.89,0,Loyal,0,1
CUST00872,28,Male,130826,3,1813,9,67427.97,7492.0,30,1,6,6.7,0.389,2,5.9,4,1574,9660.11,0,High Potential,1,1
CUST00873,21,Male,50069,2,152,5,19244.33,3848.87,24,1,4,0.2,0.768,0,7.7,2,692,5916.48,0,At Risk,1,3
CUST00874,29,Female,75472,3,120,15,40105.11,2673.67,1,2,11,6.7,0.888,2,5.8,3,1901,6160.37,0,At Risk,0,1
CUST00875,38,Male,46464,2,42,8,34209.05,4276.13,84,3,15,0.1,0.624,2,6.2,2,1142,5638.78,0,At Risk,1,3
CUST00876,60,Female,90786,2,413,19,45781.82,2409.57,106,1,11,3.8,0.402,2,7.6,2,2358,4866.58,0,Loyal,0,1
CUST00877,32,Female,64221,2,30,4,29064.43,7266.11,29,7,9,9.1,0.674,3,8.8,1,691,2521.24,0,At Risk,0,0
CUST00878,41,Female,41625,2,265,11,26836.79,2439.71,20,5,16,8.8,0.722,0,7.8,2,1368,4797.84,0,Loyal,0,0
CUST00879,38,Male,162678,1,38,7,36796.83,5256.69,16,6,8,9.2,0.238,4,8.5,9,1068,6466.98,0,High Potential,1,3
CUST00880,52,Male,127690,2,260,5,25038.0,5007.6,11,5,12,4.6,0.948,3,7.9,10,750,2000.0,0,At Risk,1,3
CUST00881,68,Female,50871,2,30,7,37112.57,5301.8,30,5,16,1.0,0.676,3,9.6,7,1071,7998.31,0,At Risk,0,0
CUST00882,32,Male,98585,2,902,5,36292.11,7258.42,5,4,16,3.5,0.181,3,8.5,7,863,6006.13,0,At Risk,1,3
CUST00883,32,Female,100957,3,118,8,30398.16,3799.77,88,6,8,3.6,0.573,2,7.4,9,1104,3843.16,0,At Risk,0,0
CUST00884,51,Male,107514,2,199,15,51895.38,3459.69,7,5,10,2.0,0.544,1,9.0,4,2019,6331.15,0,Loyal,1,1
CUST00885,46,Male,26462,3,1020,8,23805.75,2975.72,48,2,14,2.8,0.134,1,7.6,8,1038,5566.09,1,At Risk,1,3
CUST00886,60,Male,133782,2,686,7,43211.09,6173.01,13,5,9,10.3,0.906,3,8.4,0,1132,5431.5,0,High Potential,1,3
CUST00887,45,Female,51957,2,124,13,31849.49,2449.96,9,4,13,3.6,0.187,1,8.9,0,1618,5831.18,0,Loyal,0,0
CUST00888,34,Female,59001,3,37,19,47545.01,2502.37,29,6,14,6.1,0.856,4,9.9,6,2375,7221.8,0,Loyal,0,1
CUST00889,45,Male,356015,2,629,6,100213.25,16702.21,51,3,16,3.4,0.363,1,10.0,2,1602,13592.09,0,High Potential,1,2
CUST00890,51,Male,87652,2,248,4,16233.74,4058.44,45,4,9,4.8,0.222,2,10.0,6,562,2000.0,0,At Risk,1,3
CUST00891,48,Male,58000,1,726,13,52774.77,4059.6,9,10,12,0.5,0.329,0,9.0,4,1828,11296.36,0,Loyal,1,1
CUST00892,44,Female,25000,2,295,9,16497.34,1833.04,14,3,16,13.4,0.721,3,7.4,0,1065,2000.0,0,Loyal,0,0
CUST00893,51,Male,168360,2,212,11,60587.25,5507.93,71,5,8,2.9,0.835,1,8.0,10,1706,7315.21,0,High Potential,1,1
CUST00894,52,Female,32626,3,300,8,23512.73,2939.09,45,7,11,6.9,0.88,3,6.5,4,1035,6568.75,0,At Risk,0,0
CUST00895,55,Female,40052,2,690,16,36678.32,2292.4,44,3,11,5.5,0.534,1,6.9,10,1967,5504.58,0,At Risk,0,1
CUST00896,46,Female,59945,3,1163,21,69370.66,3303.36,11,3,15,8.0,0.332,2,7.8,0,2794,10920.54,0,Loyal,0,1
CUST00897,36,Male,171073,2,30,5,40522.81,8104.56,55,5,14,0.2,0.512,2,8.5,0,905,9435.17,0,High Potential,1,3
CUST00898,40,Female,116302,2,371,22,79507.12,3613.96,16,6,9,13.7,0.857,1,6.5,5,2995,14472.73,0,VIP,0,1
CUST00899,52,Male,66523,2,30,18,52619.17,2923.29,18,1,16,8.9,0.441,2,8.1,0,2326,6956.3,0,Loyal,1,1
CUST00900,28,Male,87990,3,316,9,32089.07,3565.45,12,7,13,9.0,0.681,2,5.3,9,1221,7252.86,0,At Risk,1,3
CUST00901,42,Female,51010,3,1083,9,26495.71,2943.97,5,1,10,3.1,0.269,4,7.1,5,1165,2000.0,0,Loyal,0,0
CUST00902,33,Female,79522,1,224,3,33211.55,11070.52,19,7,11,8.0,0.884,3,8.7,2,632,2485.34,0,At Risk,0,0
CUST00903,38,Male,76420,2,1347,10,36463.28,3646.33,1,9,16,4.3,0.477,0,7.4,6,1365,5892.97,0,Loyal,1,3
CUST00904,53,Male,130779,2,498,5,40689.88,8137.98,21,4,14,3.5,0.394,1,9.6,1,907,6443.48,0,High Potential,1,3
CUST00905,40,Female,130654,1,1360,13,68600.12,5276.93,45,4,14,7.7,0.152,1,8.5,6,1986,12012.6,0,High Potential,0,1
CUST00906,39,Male,98360,2,708,4,38209.23,9552.31,113,6,14,4.9,0.799,1,4.7,4,782,6641.6,0,At Risk,1,3
CUST00907,22,Female,58841,3,55,7,24358.99,3479.86,3,5,7,0.4,0.724,2,8.0,0,944,5627.98,0,At Risk,0,0
CUST00908,47,Female,114130,2,131,16,49122.83,3070.18,12,3,7,1.9,0.89,1,7.5,6,2091,10723.13,1,Loyal,0,1
CUST00909,46,Male,69204,3,251,8,37406.36,4675.8,24,4,7,4.9,0.176,3,9.4,9,1174,10069.9,0,At Risk,1,3
CUST00910,64,Male,38210,2,93,6,5000.0,833.33,7,6,11,11.7,0.689,1,5.6,6,650,3087.48,0,At Risk,1,3
CUST00911,34,Male,57413,2,342,7,30039.37,4291.34,4,2,13,13.5,0.616,0,9.0,9,1000,5082.29,0,At Risk,1,3
CUST00912,41,Female,76935,1,319,17,39702.12,2335.42,21,2,16,9.1,0.43,4,9.7,3,2097,6582.72,0,Loyal,0,1
CUST00913,41,Female,126264,3,1565,7,45878.09,6554.01,30,6,11,1.5,0.949,3,9.7,8,1159,7288.74,0,At Risk,0,0
CUST00914,57,Male,65505,3,284,22,59232.46,2692.38,60,3,16,3.2,0.406,2,7.3,6,2792,7638.4,0,Loyal,1,1
CUST00915,37,Female,35400,2,770,7,20551.19,2935.88,214,4,14,2.8,0.922,2,8.9,7,906,5366.28,0,At Risk,0,0
CUST00916,41,Female,75663,1,1423,9,53487.34,5943.04,52,2,18,2.9,0.368,1,8.1,5,1435,10695.96,1,Loyal,0,0
CUST00917,45,Male,78282,1,1048,5,40255.47,8051.09,9,2,9,0.3,0.557,1,10.0,4,903,5852.56,0,At Risk,1,3
CUST00918,40,Female,81757,1,117,9,29542.54,3282.5,48,4,14,1.0,0.841,3,8.8,9,1195,5143.78,1,Loyal,0,0
CUST00919,33,Male,126998,2,343,8,43278.3,5409.79,27,3,10,0.8,0.683,1,7.8,1,1233,3202.2,0,At Risk,1,3
CUST00920,40,Male,134774,3,214,12,44130.56,3677.55,21,5,9,4.8,0.435,2,7.9,0,1641,6692.14,0,High Potential,1,1
CUST00921,51,Male,51199,1,255,9,33289.94,3698.88,96,4,12,2.7,0.355,2,6.0,6,1233,5642.17,0,At Risk,1,3
CUST00922,26,Male,50530,3,224,13,48851.74,3757.83,42,5,19,2.0,0.787,3,6.7,2,1789,5124.01,0,At Risk,1,1
CUST00923,40,Male,39178,2,875,13,29461.32,2266.26,40,2,17,2.9,0.509,2,7.5,2,1595,3756.98,1,Loyal,1,3
CUST00924,30,Male,111223,2,301,2,31983.19,15991.6,0,6,13,2.0,0.248,0,8.6,5,520,3047.68,0,At Risk,1,3
CUST00925,52,Female,174432,3,371,4,51129.47,12782.37,70,4,17,7.1,0.525,2,5.4,8,911,4291.45,0,At Risk,0,2
CUST00926,20,Female,60533,1,2000,6,30117.05,5019.51,55,3,6,0.9,0.48,2,8.2,3,901,8424.67,1,At Risk,0,0
CUST00927,31,Female,63268,3,31,16,34899.25,2181.2,12,3,17,0.3,0.641,3,6.4,5,1949,2320.82,0,At Risk,0,1
CUST00928,43,Male,176322,1,335,12,48601.67,4050.14,12,3,8,5.3,0.464,1,5.5,8,1686,7926.52,0,High Potential,1,1
CUST00929,57,Male,99046,2,744,16,61026.79,3814.17,2,4,11,1.3,0.706,2,6.1,4,2210,10921.77,0,At Risk,1,1
CUST00930,37,Male,95010,3,82,14,43880.34,3134.31,2,6,15,5.2,0.321,2,7.7,5,1839,9687.46,0,Loyal,1,1
CUST00931,31,Female,35791,3,473,13,29251.16,2250.09,39,6,14,0.3,0.95,0,8.1,5,1593,2743.67,0,Loyal,0,0
CUST00932,61,Female,109890,2,137,8,56185.32,7023.17,7,1,14,1.4,0.367,0,8.1,6,1362,11105.88,0,At Risk,0,0
CUST00933,21,Male,41878,2,1010,12,24478.84,2039.9,90,5,12,0.8,0.627,1,7.2,4,1445,4351.15,0,Loyal,1,3
CUST00934,18,Male,37034,3,198,15,47012.27,3134.15,65,3,17,1.7,0.457,5,7.1,3,1970,8242.56,0,Loyal,1,1
CUST00935,43,Female,59393,3,200,12,19030.32,1585.86,15,2,13,2.0,0.675,1,7.8,7,1390,6996.2,0,Loyal,0,0
CUST00936,32,Male,51458,1,456,15,37801.96,2520.13,17,4,11,3.4,0.841,0,5.0,10,1878,7402.81,0,At Risk,1,1
CUST00937,26,Male,64026,3,101,6,12108.53,2018.09,14,4,9,3.7,0.357,1,7.7,7,721,2000.0,0,At Risk,1,3
CUST00938,47,Female,30804,2,168,2,5158.07,2579.04,3,3,9,5.0,0.513,1,8.1,10,252,2000.0,0,At Risk,0,0
CUST00939,41,Female,130000,2,269,16,55228.62,3451.79,1,6,12,2.0,0.716,0,5.8,3,2152,9424.42,1,High Potential,0,1
CUST00940,31,Male,143862,2,218,9,43917.35,4879.71,21,3,8,3.8,0.724,0,9.0,9,1339,7793.31,0,High Potential,1,3
CUST00941,23,Male,25000,2,372,8,24877.27,3109.66,100,3,13,23.1,0.698,3,5.6,9,1049,2293.31,0,At Risk,1,3
CUST00942,48,Female,131541,3,458,8,54022.32,6752.79,87,3,13,1.2,0.183,1,8.3,4,1340,8526.04,0,High Potential,0,0
CUST00943,46,Male,44967,2,418,8,26732.53,3341.57,58,3,16,0.8,0.718,0,6.0,3,1067,2000.0,0,At Risk,1,3
CUST00944,37,Male,122294,3,531,6,44539.05,7423.18,35,5,13,9.2,0.95,1,8.7,10,1045,7719.95,0,At Risk,1,3
CUST00945,60,Male,70188,1,184,20,65400.47,3270.02,68,1,17,2.6,0.597,1,7.5,0,2654,7450.06,0,Loyal,1,1
CUST00946,25,Male,74404,3,68,9,27525.61,3058.4,25,2,10,9.4,0.622,1,7.0,1,1175,6937.98,1,Loyal,1,3
CUST00947,20,Male,65443,3,715,8,41750.49,5218.81,7,5,14,2.8,0.348,0,8.9,8,1218,10893.61,0,At Risk,1,3
CUST00948,30,Female,151339,2,951,6,71908.63,11984.77,40,2,7,0.1,0.475,3,5.3,10,1319,10864.96,0,High Potential,0,2
CUST00949,37,Male,34761,2,149,5,32348.78,6469.76,89,3,12,2.3,0.394,3,8.6,9,823,6044.02,1,At Risk,1,3
CUST00950,41,Male,105314,2,261,7,50894.6,7270.66,1,9,7,4.7,0.449,1,8.4,0,1209,9050.69,0,At Risk,1,3
CUST00951,35,Female,141605,3,345,5,48739.21,9747.84,10,2,14,3.0,0.413,2,7.6,5,987,8025.67,0,High Potential,0,0
CUST00952,42,Female,112398,3,381,9,53185.41,5909.49,11,5,13,3.1,0.95,0,8.0,1,1432,5933.94,0,Loyal,0,0
CUST00953,23,Female,295026,1,539,8,79744.24,9968.03,4,3,8,31.9,0.608,1,5.0,2,1597,14691.25,1,High Potential,0,2
CUST00954,55,Female,53244,3,30,3,16702.64,5567.55,9,3,10,3.9,0.646,5,7.3,9,467,4021.49,0,At Risk,0,0
CUST00955,37,Male,129882,2,639,7,44706.27,6386.61,17,8,10,6.0,0.55,1,7.3,6,1147,8008.74,0,At Risk,1,3
CUST00956,51,Female,68620,2,32,10,28045.65,2804.57,98,2,12,6.4,0.456,1,10.0,9,1280,6856.03,0,Loyal,0,0
CUST00957,42,Male,153283,3,316,16,66221.6,4138.85,69,2,6,0.0,0.95,1,6.4,7,2262,11535.79,0,High Potential,1,1
CUST00958,43,Female,72794,2,879,13,42250.63,3250.05,102,9,13,4.0,0.303,1,4.7,7,1723,8586.08,0,At Risk,0,1
CUST00959,45,Female,57946,3,300,5,24646.31,4929.26,4,3,7,16.5,0.901,3,7.8,7,746,5161.53,0,At Risk,0,0
CUST00960,43,Female,160114,2,81,7,37424.98,5346.43,1,1,12,6.9,0.795,1,7.4,3,1074,4223.6,0,High Potential,0,0
CUST00961,46,Female,54451,1,2000,6,34511.78,5751.96,4,5,17,2.1,0.587,2,6.8,6,945,6806.59,0,At Risk,0,0
CUST00962,54,Male,31331,2,1100,10,44221.1,4422.11,86,2,5,2.3,0.48,0,5.4,7,1442,6434.21,0,At Risk,1,3
CUST00963,40,Female,53632,1,738,8,33660.18,4207.52,6,5,11,1.8,0.75,1,6.1,2,1137,4023.33,0,At Risk,0,0
CUST00964,47,Female,106024,3,265,10,54123.69,5412.37,30,5,13,5.0,0.712,1,6.7,4,1541,10970.08,0,At Risk,0,0
CUST00965,37,Female,168590,2,102,6,43857.7,7309.62,9,7,8,0.5,0.695,2,7.3,0,1039,6488.67,1,High Potential,0,0
CUST00966,55,Male,78173,2,1419,1,28360.48,28360.48,1,3,7,1.7,0.592,0,4.6,4,384,4840.88,0,At Risk,1,2
CUST00967,30,Female,161283,1,380,15,67241.93,4482.8,3,3,10,3.4,0.465,0,9.5,6,2172,9260.73,0,High Potential,0,1
CUST00968,60,Male,32373,2,956,13,36616.45,2816.65,43,8,14,3.8,0.476,1,9.8,9,1666,5944.59,0,Loyal,1,3
CUST00969,38,Male,56052,3,209,5,11852.1,2370.42,7,2,15,4.7,0.844,2,5.9,6,619,4157.29,0,At Risk,1,3
CUST00970,21,Male,61504,1,204,14,44899.29,3207.09,9,4,13,8.0,0.588,6,5.5,5,1849,11296.12,0,At Risk,1,1
CUST00971,40,Male,68273,2,2000,13,46535.27,3579.64,17,7,14,0.9,0.66,3,6.0,9,1765,4057.34,0,At Risk,1,1
CUST00972,30,Female,76915,3,369,8,34189.11,4273.64,37,4,11,1.3,0.842,1,8.5,1,1142,5621.82,0,At Risk,0,0
CUST00973,48,Male,110696,2,76,12,29515.88,2459.66,22,1,7,10.3,0.753,1,7.3,7,1495,2000.0,0,Loyal,1,3
CUST00974,30,Female,56000,3,124,2,11723.55,5861.78,101,2,17,8.9,0.528,1,7.3,4,317,2000.0,0,At Risk,0,0
CUST00975,33,Male,79492,1,329,9,35309.08,3923.23,20,7,9,8.6,0.834,3,10.0,10,1253,6671.33,0,Loyal,1,3
CUST00976,18,Male,71177,2,30,14,45589.47,3256.39,8,2,12,1.2,0.69,0,7.9,2,1856,7415.28,0,Loyal,1,1
CUST00977,33,Male,41960,3,310,19,36031.26,1896.38,27,4,13,0.3,0.44,3,9.1,8,2260,9190.7,0,Loyal,1,1
CUST00978,18,Male,68309,3,271,12,31670.15,2639.18,21,3,9,3.7,0.724,0,8.8,7,1517,4844.96,0,Loyal,1,3
CUST00979,19,Male,67091,2,756,10,52918.8,5291.88,54,7,11,10.2,0.419,0,8.0,10,1529,11142.83,0,Loyal,1,3
CUST00980,47,Male,66234,2,219,4,39246.96,9811.74,96,2,14,1.4,0.753,0,5.7,10,792,6333.64,0,At Risk,1,3
CUST00981,47,Female,74537,2,2000,4,43715.86,10928.97,63,4,11,11.7,0.727,1,7.6,6,837,5692.53,0,At Risk,0,0
CUST00982,43,Male,76527,1,100,12,49470.74,4122.56,17,3,14,0.8,0.726,0,6.7,4,1695,8333.92,0,At Risk,1,1
CUST00983,26,Male,56422,3,447,4,20029.74,5007.43,9,3,10,1.8,0.465,1,8.1,6,600,3917.22,1,At Risk,1,3
CUST00984,37,Male,156942,2,47,11,59929.59,5448.14,86,2,7,1.8,0.516,1,9.0,7,1699,9437.06,0,High Potential,1,1
CUST00985,38,Female,36254,2,662,8,32495.46,4061.93,17,5,14,0.8,0.645,1,5.9,9,1125,3671.14,0,At Risk,0,0
CUST00986,24,Female,47449,3,2000,17,49506.06,2912.12,51,5,10,10.3,0.442,0,7.5,7,2195,6083.59,0,Loyal,0,1
CUST00987,56,Female,387697,2,855,8,108105.39,13513.17,160,4,12,2.7,0.231,0,9.1,7,1881,17717.74,1,High Potential,0,2
CUST00988,49,Male,39230,2,406,4,16712.99,4178.25,30,2,16,1.1,0.356,0,10.0,8,567,5519.29,0,At Risk,1,3
CUST00989,35,Male,32459,3,332,11,32536.12,2957.83,23,1,8,0.8,0.539,1,5.2,10,1425,3319.97,0,At Risk,1,3
CUST00990,38,Female,113628,3,901,2,31525.46,15762.73,42,1,7,2.7,0.512,1,7.1,5,515,4779.5,0,At Risk,0,2
CUST00991,41,Male,25000,2,1374,14,30054.94,2146.78,8,2,10,0.1,0.573,1,8.0,6,1701,5767.41,0,Loyal,1,1
CUST00992,18,Male,63503,1,2000,6,40908.61,6818.1,23,4,10,0.6,0.648,0,7.5,10,1009,8518.56,0,At Risk,1,3
CUST00993,35,Male,265003,1,253,3,72365.77,24121.92,13,5,16,0.0,0.857,4,6.6,9,1024,11413.97,1,At Risk,1,2
CUST00994,30,Male,28942,2,2000,6,39813.25,6635.54,6,3,13,0.1,0.95,5,4.9,8,998,8262.61,0,At Risk,1,3
CUST00995,26,Male,25000,2,85,6,5000.0,833.33,33,2,11,29.7,0.861,5,7.3,9,650,2000.0,0,At Risk,1,3
CUST00996,35,Female,29747,3,146,12,30773.58,2564.46,30,5,7,3.0,0.496,0,5.6,2,1508,7870.27,0,At Risk,0,0
CUST00997,60,Male,125369,3,47,5,42462.63,8492.53,50,3,11,6.5,0.614,0,7.3,5,925,11634.93,0,At Risk,1,3
CUST00998,46,Female,143611,3,159,2,37559.14,18779.57,72,4,15,6.7,0.631,0,8.9,10,576,6173.0,0,At Risk,0,2
CUST00999,31,Male,53769,2,730,10,42589.36,4258.94,9,4,11,10.6,0.682,2,9.1,9,1426,7582.83,0,Loyal,1,3
CUST01000,45,Male,110186,3,958,12,42223.76,3518.65,53,7,18,0.5,0.465,1,8.2,3,1622,4729.78,0,Loyal,1,1
CUST01001,55,Female,168409,2,755,10,51926.47,5192.65,16,5,15,3.7,0.401,0,10.0,1,1519,7843.34,0,High Potential,0,1
CUST01002,49,Male,213717,1,499,5,64721.1,12944.22,35,3,7,1.9,0.612,1,10.0,4,1147,10743.32,0,High Potential,1,2
CUST01003,39,Female,63083,1,361,17,44577.86,2622.23,66,2,9,4.0,0.741,1,5.9,3,2146,8523.25,0,At Risk,0,1
CUST01004,30,Female,25000,2,617,7,32417.49,4631.07,10,5,7,2.0,0.676,1,7.6,3,1024,4863.84,0,At Risk,0,0
CUST01005,46,Male,44689,3,248,6,25068.54,4178.09,32,3,6,1.0,0.227,1,9.6,7,851,5976.9,0,At Risk,1,3
CUST01006,43,Female,56609,1,920,4,19853.9,4963.48,23,2,5,5.6,0.335,1,8.8,2,599,3446.14,0,At Risk,0,0
CUST01007,49,Male,62607,1,565,3,16130.13,5376.71,55,6,17,0.2,0.557,1,9.3,6,461,5733.91,0,At Risk,1,3
CUST01008,46,Female,65335,3,598,19,38346.36,2018.23,42,1,9,11.3,0.374,1,7.7,9,2283,6870.87,0,Loyal,0,1
CUST01009,51,Male,143105,1,384,17,70653.94,4156.11,51,2,15,0.8,0.825,1,3.8,9,2407,11155.77,0,High Potential,1,1
CUST01010,32,Female,157103,3,1082,8,56688.07,7086.01,12,7,15,4.8,0.695,1,9.4,4,1367,7839.7,0,High Potential,0,0
CUST01011,54,Male,65973,2,145,6,33806.13,5634.35,43,3,13,7.0,0.625,0,8.1,10,938,5306.86,0,At Risk,1,3
CUST01012,40,Female,141364,1,240,3,40481.51,13493.84,33,2,15,0.4,0.35,2,6.3,3,705,5922.36,1,At Risk,0,2
CUST01013,63,Female,90635,3,752,27,75469.68,2795.17,21,5,9,11.7,0.89,1,7.1,10,3455,12740.49,0,VIP,0,1
CUST01014,30,Female,76016,1,339,23,67361.83,2928.78,17,4,19,2.2,0.912,1,8.1,2,2974,7826.94,0,Loyal,0,1
CUST01015,59,Female,125986,2,1100,8,50134.23,6266.78,14,4,15,28.6,0.406,3,5.4,10,1301,5986.47,0,At Risk,0,0
CUST01016,40,Female,76370,2,213,8,30243.62,3780.45,0,6,7,0.4,0.666,1,9.9,9,1102,7689.73,0,At Risk,0,0
CUST01017,30,Female,251371,1,230,16,85944.69,5371.54,7,3,13,6.3,0.39,0,7.0,2,2459,13311.71,0,VIP,0,1
CUST01018,32,Male,30852,1,1098,7,34904.79,4986.4,2,5,13,0.9,0.421,3,6.0,6,1049,8375.27,0,At Risk,1,3
CUST01019,34,Male,53685,1,312,9,22973.4,2552.6,66,5,10,2.6,0.315,1,10.0,4,1130,6362.32,0,Loyal,1,3
CUST01020,43,Male,67784,1,363,8,39614.06,4951.76,69,3,15,2.9,0.619,2,5.7,4,1196,8296.38,0,At Risk,1,3
CUST01021,44,Male,95194,3,202,4,30268.0,7567.0,66,7,8,2.6,0.456,3,6.5,6,703,5613.05,0,At Risk,1,3
CUST01022,31,Male,156495,2,162,9,48851.75,5427.97,60,3,21,2.1,0.446,1,7.7,7,1389,6118.87,1,High Potential,1,3
CUST01023,38,Female,72068,2,533,12,43188.73,3599.06,9,4,13,7.3,0.857,0,7.6,5,1632,6874.78,0,Loyal,0,1
CUST01024,64,Male,31153,2,64,10,34775.4,3477.54,24,5,12,8.6,0.402,1,7.3,9,1348,3041.0,0,Loyal,1,3
CUST01025,59,Female,121238,3,1057,11,64280.92,5843.72,83,5,17,2.0,0.469,1,7.9,7,1743,9165.9,0,Loyal,0,1
CUST01026,43,Male,115033,3,755,5,43485.99,8697.2,50,7,15,3.3,0.258,3,7.1,2,935,5555.98,0,At Risk,1,3
CUST01027,38,Male,25000,3,106,7,23954.45,3422.06,0,4,8,2.7,0.633,2,6.2,6,940,2000.0,0,At Risk,1,3
CUST01028,39,Female,72964,3,592,6,31934.83,5322.47,22,6,10,4.5,0.662,1,10.0,1,919,6331.63,0,At Risk,0,0
CUST01029,45,Female,28167,2,461,9,21410.09,2378.9,0,3,13,0.8,0.486,1,10.0,9,1114,4745.61,0,Loyal,0,0
CUST01030,26,Female,49080,2,102,6,25972.87,4328.81,12,4,11,8.2,0.605,3,6.8,6,860,6830.24,0,At Risk,0,0
CUST01031,35,Female,42545,2,160,13,30445.83,2341.99,20,5,14,8.0,0.541,0,6.3,7,1604,2389.91,0,At Risk,0,0
CUST01032,18,Male,118843,2,263,7,32637.02,4662.43,78,2,14,4.5,0.754,3,8.4,2,1026,7461.91,0,At Risk,1,3
CUST01033,43,Female,78441,2,601,7,31284.07,4469.15,37,6,12,6.9,0.701,1,7.8,4,1013,2000.0,0,At Risk,0,0
CUST01034,46,Male,33815,2,509,7,10975.0,1567.86,16,2,11,22.3,0.95,2,3.6,3,810,2000.0,0,At Risk,1,3
CUST01035,32,Male,124000,3,380,13,43811.07,3370.08,24,5,12,12.8,0.487,0,6.6,1,1738,10620.24,0,At Risk,1,1
CUST01036,57,Male,30937,3,731,9,45090.22,5010.02,60,4,9,4.7,0.483,0,4.2,1,1351,6440.13,0,At Risk,1,3
CUST01037,23,Male,89149,2,709,15,61294.8,4086.32,12,4,14,3.6,0.411,0,6.6,4,2113,7574.33,0,At Risk,1,1
CUST01038,20,Male,44873,3,481,4,18998.77,4749.69,33,1,16,3.8,0.584,0,8.5,9,590,3371.68,0,At Risk,1,3
CUST01039,41,Female,58723,2,773,10,41281.94,4128.19,11,1,10,3.1,0.637,2,8.0,4,1413,8209.96,0,Loyal,0,0
CUST01040,51,Female,98969,1,203,14,40996.45,2928.32,23,3,10,3.3,0.847,1,4.5,1,1810,5971.83,0,At Risk,0,1
CUST01041,58,Male,99994,2,1065,22,75414.42,3427.93,1,4,6,6.6,0.619,3,7.0,7,2954,11807.24,0,VIP,1,1
CUST01042,32,Male,163110,2,477,9,57991.12,6443.46,67,3,9,24.2,0.651,1,8.1,0,1480,9460.67,0,High Potential,1,1
CUST01043,51,Male,69609,1,864,18,48986.43,2721.47,2,2,11,0.2,0.155,2,9.1,2,2290,9299.8,0,Loyal,1,1
CUST01044,38,Male,87893,3,395,3,25311.25,8437.08,9,7,15,1.3,0.683,1,7.6,1,553,6389.02,0,At Risk,1,3
CUST01045,36,Female,56239,2,123,13,33616.84,2585.91,14,10,9,1.2,0.833,0,8.0,9,1636,9436.45,0,Loyal,0,0
CUST01046,49,Male,81568,2,391,3,33272.14,11090.71,34,2,8,8.9,0.18,0,6.6,5,633,5409.79,0,At Risk,1,3
CUST01047,46,Female,95196,1,232,5,31147.3,6229.46,45,6,7,2.7,0.724,2,6.6,6,811,6074.96,0,At Risk,0,0
CUST01048,19,Male,68942,1,598,8,21724.7,2715.59,3,2,12,3.7,0.813,1,6.7,5,1017,2000.0,0,At Risk,1,3
CUST01049,56,Female,25000,3,323,10,22492.3,2249.23,2,2,13,3.2,0.554,0,7.5,3,1225,5826.94,0,Loyal,0,0
CUST01050,55,Male,89222,2,904,16,49404.21,3087.76,56,3,14,9.6,0.4,1,5.1,1,2094,9918.93,0,At Risk,1,1
CUST01051,30,Female,91011,3,567,10,30732.46,3073.25,44,6,15,3.5,0.544,1,5.6,9,1307,6134.62,0,At Risk,0,0
CUST01052,43,Male,48625,3,577,6,20022.96,3337.16,62,3,15,5.5,0.831,1,8.1,3,800,2000.0,0,At Risk,1,3
CUST01053,44,Female,33839,2,122,10,9155.83,915.58,40,6,10,0.1,0.351,1,7.3,8,1092,2000.0,0,Loyal,0,0
CUST01054,41,Male,177287,2,2000,12,69156.98,5763.08,49,7,8,5.3,0.424,2,6.0,1,1892,10088.31,0,High Potential,1,1
CUST01055,31,Male,98210,3,922,2,34147.54,17073.77,17,5,17,1.4,0.441,1,7.6,6,541,3782.2,0,At Risk,1,2
CUST01056,30,Female,63739,3,778,6,34676.09,5779.35,31,4,9,10.1,0.767,1,6.5,3,947,9701.01,0,At Risk,0,0
CUST01057,38,Female,36967,2,200,12,35363.54,2946.96,57,1,6,7.0,0.814,1,8.0,10,1554,6471.36,0,Loyal,0,0
CUST01058,52,Female,44663,3,384,8,34953.1,4369.14,7,4,10,0.6,0.914,2,7.7,2,1150,7498.21,0,At Risk,0,0
CUST01059,45,Female,159780,3,74,9,61442.37,6826.93,19,2,11,0.5,0.391,2,7.2,8,1514,11023.27,0,High Potential,0,1
CUST01060,34,Female,79427,2,387,6,23170.62,3861.77,47,4,12,1.7,0.792,0,5.8,2,832,3981.09,1,At Risk,0,0
CUST01061,47,Male,52557,2,79,8,15579.95,1947.49,27,4,12,0.7,0.713,0,6.3,4,956,2000.0,1,At Risk,1,3
CUST01062,18,Male,99291,3,403,8,39805.92,4975.74,40,3,18,6.7,0.679,4,6.4,8,1198,7663.69,0,At Risk,1,3
CUST01063,52,Male,44863,2,523,10,36427.34,3642.73,12,6,10,21.6,0.264,3,5.8,10,1364,9613.71,0,At Risk,1,3
CUST01064,18,Female,179963,1,247,11,54687.63,4971.6,1,1,13,5.3,0.829,1,7.6,2,1647,8036.15,0,High Potential,0,1
CUST01065,34,Male,164667,2,345,8,55504.85,6938.11,1,2,10,1.4,0.802,1,7.9,9,1355,7304.02,0,High Potential,1,3
CUST01066,25,Male,55274,1,1042,4,42279.25,10569.81,100,5,9,4.2,0.95,1,9.1,8,823,8830.12,0,At Risk,1,3
CUST01067,22,Female,50151,1,57,3,6202.98,2067.66,101,7,14,8.2,0.633,2,7.3,10,362,3911.67,0,At Risk,0,0
CUST01068,52,Female,25000,3,784,2,15423.03,7711.52,8,6,10,16.4,0.66,2,7.6,5,354,5266.88,0,At Risk,0,0
CUST01069,32,Male,30063,1,94,12,37272.83,3106.07,6,6,14,0.0,0.898,1,6.3,6,1573,5998.75,1,At Risk,1,3
CUST01070,42,Male,32739,1,30,17,36460.33,2144.73,1,2,13,3.7,0.95,1,7.1,7,2065,5990.56,0,Loyal,1,1
CUST01071,37,Male,79310,2,103,6,32372.12,5395.35,9,1,11,3.0,0.767,2,8.1,4,924,2000.0,1,At Risk,1,3
CUST01072,44,Male,60130,2,724,12,47902.87,3991.91,14,5,5,2.7,0.542,1,7.4,10,1679,7429.79,0,Loyal,1,1
CUST01073,39,Male,32624,2,260,6,17641.29,2940.21,10,5,11,3.5,0.255,1,10.0,1,776,2439.13,0,At Risk,1,3
CUST01074,23,Female,61778,1,1030,13,36741.0,2826.23,56,5,11,2.6,0.528,1,6.2,6,1667,2000.0,0,At Risk,0,1
CUST01075,50,Female,99032,1,372,10,41955.58,4195.56,48,1,9,2.1,0.6,2,5.0,6,1420,10475.66,0,At Risk,0,0
CUST01076,32,Female,100379,1,30,7,26165.76,3737.97,3,6,14,0.6,0.454,1,6.2,1,962,5260.85,0,At Risk,0,0
CUST01077,19,Male,25000,2,631,5,15141.92,3028.38,42,4,13,3.5,0.321,0,9.8,6,651,2000.0,0,At Risk,1,3
CUST01078,33,Female,67714,2,58,4,26099.75,6524.94,26,7,11,8.6,0.689,2,9.6,2,661,5395.12,0,At Risk,0,0
CUST01079,56,Male,31888,3,779,9,30895.3,3432.81,5,4,18,0.6,0.65,2,7.0,9,1209,8728.01,0,Loyal,1,3
CUST01080,48,Male,125623,2,92,7,48955.75,6993.68,47,6,11,6.7,0.775,2,7.6,9,1190,9859.51,0,At Risk,1,3
CUST01081,34,Female,117065,1,212,9,45505.67,5056.19,3,5,14,1.6,0.618,0,9.1,5,1355,9663.86,0,Loyal,0,0
CUST01082,34,Male,42667,3,716,16,37679.0,2354.94,7,7,10,2.4,0.893,2,9.3,8,1977,3727.35,0,Loyal,1,1
CUST01083,34,Male,46183,2,1542,4,21723.25,5430.81,6,2,7,22.1,0.535,0,4.2,3,617,2334.48,0,At Risk,1,3
CUST01084,63,Female,55450,2,232,5,28078.67,5615.73,98,1,10,5.6,0.773,2,8.0,0,781,2865.39,1,At Risk,0,0
CUST01085,43,Male,25000,2,884,9,30695.48,3410.61,42,6,13,6.3,0.535,2,9.8,9,1207,5287.39,0,Loyal,1,3
CUST01086,43,Female,89463,2,106,16,47791.84,2986.99,19,5,5,4.6,0.543,2,8.2,3,2078,8953.77,0,Loyal,0,1
CUST01087,50,Male,62087,3,823,4,30153.68,7538.42,60,5,21,1.9,0.536,1,4.7,2,702,5418.69,0,At Risk,1,3
CUST01088,41,Female,130889,3,536,11,47247.38,4295.22,9,4,14,5.6,0.497,2,10.0,4,1572,5750.46,0,High Potential,0,1
CUST01089,35,Male,37834,2,107,5,5000.0,1000.0,94,10,12,3.1,0.807,2,8.6,6,550,2000.0,0,At Risk,1,3
CUST01090,36,Male,50439,2,180,12,42479.87,3539.99,42,5,10,8.9,0.536,2,5.3,7,1625,8399.81,0,At Risk,1,3
CUST01091,37,Female,29616,2,71,19,46472.23,2445.91,29,7,12,4.2,0.77,0,6.7,10,2365,8054.61,0,At Risk,0,1
CUST01092,38,Male,40032,3,241,5,19042.56,3808.51,55,6,14,7.4,0.629,2,8.6,2,690,4321.0,0,At Risk,1,3
CUST01093,47,Male,35983,3,114,22,41237.98,1874.45,36,6,13,9.4,0.594,1,6.9,4,2612,4586.28,0,At Risk,1,1
CUST01094,39,Male,132931,1,516,4,38867.89,9716.97,76,2,14,8.6,0.471,2,9.6,7,789,7100.42,0,At Risk,1,3
CUST01095,47,Male,48100,1,2000,10,30744.7,3074.47,62,2,10,2.6,0.937,2,8.8,6,1307,3349.34,0,Loyal,1,3
CUST01096,37,Male,78787,2,30,8,32889.22,4111.15,8,7,13,2.3,0.309,4,8.2,4,1129,3762.87,1,At Risk,1,3
CUST01097,39,Male,58194,1,389,7,13029.8,1861.4,10,4,8,10.2,0.821,0,6.2,7,830,2000.0,0,At Risk,1,3
CUST01098,18,Female,34143,2,426,3,17174.57,5724.86,2,3,9,0.8,0.333,0,8.0,5,472,6734.16,0,At Risk,0,0
CUST01099,49,Male,66106,1,1228,5,27723.67,5544.73,9,6,13,1.6,0.506,1,10.0,6,777,8967.33,0,At Risk,1,3
CUST01100,42,Female,104764,2,353,12,46288.14,3857.34,15,7,15,0.6,0.509,3,8.5,2,1663,5239.35,0,Loyal,0,1
CUST01101,50,Male,35431,3,392,11,21619.76,1965.43,1,2,11,0.2,0.607,1,8.6,1,1316,2400.67,0,Loyal,1,3
CUST01102,18,Male,118832,3,319,3,46160.52,15386.84,13,1,18,4.8,0.756,3,5.4,1,762,6230.41,1,At Risk,1,2
CUST01103,63,Female,43922,2,157,10,31799.64,3179.96,52,3,10,11.6,0.433,1,6.9,9,1318,7486.22,1,At Risk,0,0
CUST01104,36,Male,54732,2,30,13,30173.04,2321.0,64,1,11,0.7,0.47,3,7.6,1,1602,6101.77,0,Loyal,1,3
CUST01105,51,Female,100550,3,263,9,38986.62,4331.85,0,4,6,7.9,0.933,1,7.6,10,1290,8941.83,0,Loyal,0,0
CUST01106,26,Male,49116,1,30,8,38294.16,4786.77,0,1,12,2.4,0.677,4,9.0,1,1183,10127.72,0,At Risk,1,3
CUST01107,45,Female,74798,2,400,6,22855.77,3809.29,6,3,20,4.8,0.36,4,5.8,9,829,4742.78,0,At Risk,0,0
CUST01108,25,Female,60548,2,184,11,25690.69,2335.52,72,2,12,7.2,0.38,1,7.9,6,1357,4905.47,0,Loyal,0,0
CUST01109,31,Female,79033,1,381,9,27397.24,3044.14,22,2,7,6.2,0.694,0,7.7,10,1174,7815.31,0,Loyal,0,0
CUST01110,61,Female,25000,2,72,4,7826.63,1956.66,142,3,15,0.7,0.515,1,9.6,0,478,4155.35,0,At Risk,0,0
CUST01111,36,Female,25000,1,1349,5,37250.7,7450.14,76,7,14,0.6,0.587,1,7.9,3,873,8510.49,0,At Risk,0,0
CUST01112,41,Male,105829,2,1125,8,42200.42,5275.05,77,3,11,12.9,0.87,0,6.7,6,1222,7335.48,0,At Risk,1,3
CUST01113,48,Male,136258,2,105,3,32883.5,10961.17,5,4,10,0.4,0.95,1,4.4,9,629,7037.95,0,At Risk,1,3
CUST01114,44,Female,42349,2,210,8,27013.06,3376.63,23,8,16,1.2,0.537,1,7.3,9,1070,3887.2,0,At Risk,0,0
CUST01115,40,Male,63170,1,475,2,21050.53,10525.26,177,1,8,2.9,0.742,1,7.6,1,411,2849.76,0,At Risk,1,3
CUST01116,42,Male,87276,3,50,13,50758.88,3904.53,6,5,10,8.6,0.855,2,7.3,8,1808,7047.83,0,Loyal,1,1
CUST01117,67,Female,110850,2,219,2,36308.59,18154.3,30,2,13,4.6,0.357,1,9.4,4,563,10533.21,0,At Risk,0,2
CUST01118,37,Male,25000,2,145,14,34474.92,2462.49,15,8,8,4.2,0.235,0,8.5,0,1745,3569.52,0,Loyal,1,1
CUST01119,40,Female,42975,2,1236,5,26500.97,5300.19,17,9,15,5.9,0.396,1,6.7,10,765,6245.93,1,At Risk,0,0
CUST01120,51,Female,59901,2,957,6,39312.82,6552.14,78,5,17,8.1,0.95,1,6.7,1,993,9951.02,1,At Risk,0,0
CUST01121,51,Female,111512,1,434,2,25303.28,12651.64,31,3,10,1.3,0.475,2,7.8,0,453,5596.64,0,At Risk,0,0
CUST01122,52,Female,327439,3,367,5,77165.47,15433.09,50,1,13,0.1,0.365,4,5.9,9,1272,10412.51,0,High Potential,0,2
CUST01123,46,Male,63780,1,1335,12,43046.8,3587.23,39,9,15,0.7,0.612,2,7.2,4,1630,8224.69,0,Loyal,1,1
CUST01124,24,Male,31439,1,1347,3,32388.87,10796.29,26,4,12,0.9,0.616,0,7.5,7,624,4745.45,0,At Risk,1,3
CUST01125,58,Male,93094,3,1742,20,63723.14,3186.16,55,2,10,0.2,0.643,1,6.4,6,2637,7469.7,0,At Risk,1,1
CUST01126,24,Male,161554,1,67,6,42074.8,7012.47,124,2,14,6.9,0.805,1,7.2,2,1021,9545.04,0,High Potential,1,3
CUST01127,42,Female,78027,2,88,4,26457.76,6614.44,119,6,10,10.8,0.587,3,6.2,9,665,6704.86,0,At Risk,0,0
CUST01128,29,Female,42447,2,565,7,26002.29,3714.61,55,4,8,6.2,0.865,4,10.0,9,960,3991.42,0,At Risk,0,0
CUST01129,37,Male,129936,2,390,10,46668.97,4666.9,23,1,15,1.0,0.673,2,10.0,4,1467,6489.37,0,Loyal,1,3
CUST01130,42,Male,108894,3,30,6,38732.91,6455.49,6,2,16,4.7,0.212,2,7.1,5,987,6498.86,0,At Risk,1,3
CUST01131,42,Female,39512,2,32,7,17763.59,2537.66,2,4,9,3.7,0.76,2,6.0,1,878,2922.74,0,At Risk,0,0
CUST01132,43,Male,91937,2,1095,9,53634.21,5959.36,9,3,6,8.6,0.815,1,3.0,1,1436,5956.81,0,At Risk,1,3
CUST01133,57,Female,133034,3,1016,11,59093.08,5372.1,15,2,13,14.3,0.651,2,5.4,5,1691,5550.7,1,High Potential,0,1
CUST01134,43,Male,148618,2,221,9,58795.99,6532.89,5,3,10,6.8,0.646,3,8.9,1,1488,6085.29,0,High Potential,1,1
CUST01135,35,Female,70272,2,1108,18,50402.3,2800.13,9,3,11,3.6,0.543,3,7.3,6,2304,5265.32,0,Loyal,0,1
CUST01136,50,Female,58992,2,450,10,33394.76,3339.48,3,3,16,3.6,0.487,1,7.9,4,1334,3372.06,0,Loyal,0,0
CUST01137,52,Female,152720,2,820,4,32177.05,8044.26,26,2,11,8.2,0.376,1,8.4,5,722,5731.86,0,At Risk,0,0
CUST01138,23,Female,35380,3,279,6,31510.94,5251.82,5,1,7,0.7,0.406,1,6.8,1,915,3460.42,0,At Risk,0,0
CUST01139,45,Male,95144,3,60,15,66764.25,4450.95,48,6,18,0.8,0.812,1,9.2,1,2168,8491.99,0,Loyal,1,1
CUST01140,46,Male,32144,1,284,5,16041.39,3208.28,14,4,12,2.1,0.58,3,8.3,1,660,2000.0,0,At Risk,1,3
CUST01141,34,Female,138583,1,306,10,53914.91,5391.49,39,3,8,6.9,0.728,1,7.2,4,1539,6115.53,0,High Potential,0,1
CUST01142,55,Male,62641,1,400,8,32289.32,4036.16,75,5,10,0.3,0.737,0,7.4,5,1123,3105.61,1,At Risk,1,3
CUST01143,36,Female,156553,1,56,9,40751.54,4527.95,3,2,8,2.1,0.681,1,9.2,3,1308,6938.55,0,High Potential,0,0
CUST01144,40,Female,98208,1,2000,10,65585.59,6558.56,158,7,12,1.9,0.774,1,8.7,6,1656,12246.06,0,Loyal,0,1
CUST01145,36,Female,35104,2,140,9,22845.7,2538.41,36,1,15,3.3,0.549,3,5.3,5,1128,6669.05,0,At Risk,0,0
CUST01146,38,Female,171919,3,111,11,42120.94,3829.18,2,7,12,3.1,0.716,3,9.4,7,1521,6914.06,0,High Potential,0,0
CUST01147,25,Female,185488,3,374,16,66873.39,4179.59,13,5,9,6.3,0.665,1,7.9,1,2269,12084.23,0,High Potential,0,1
CUST01148,21,Female,124166,1,385,7,31843.27,4549.04,76,9,14,4.9,0.451,2,6.9,3,1018,3943.38,0,At Risk,0,0
CUST01149,57,Male,46307,2,290,9,29683.27,3298.14,32,4,10,11.7,0.597,2,6.2,9,1197,5836.43,0,At Risk,1,3
CUST01150,28,Male,60864,2,739,2,23831.53,11915.77,12,2,15,1.0,0.614,1,7.1,3,438,2314.0,1,At Risk,1,3
CUST01151,26,Male,79798,3,364,5,38953.01,7790.6,99,5,14,2.8,0.23,1,7.5,10,890,6876.72,0,At Risk,1,3
CUST01152,18,Female,47943,3,470,9,45149.28,5016.59,54,5,11,2.6,0.52,1,6.1,1,1351,5109.66,0,At Risk,0,0
CUST01153,30,Male,201876,3,643,10,82849.99,8285.0,47,4,12,0.6,0.636,2,8.0,5,1828,10593.62,0,High Potential,1,1
CUST01154,22,Female,79746,2,30,10,27581.17,2758.12,77,3,11,0.9,0.584,1,5.7,10,1276,4189.11,0,At Risk,0,0
CUST01155,58,Male,25000,2,423,7,26435.99,3776.57,51,9,7,2.1,0.262,0,3.8,10,964,7190.84,0,At Risk,1,3
CUST01156,50,Female,89645,1,1078,9,50920.07,5657.79,12,7,7,6.6,0.424,2,7.6,0,1409,9976.22,0,Loyal,0,0
CUST01157,30,Male,59344,2,30,7,21707.78,3101.11,31,3,6,0.8,0.677,2,8.3,7,917,2421.38,0,At Risk,1,3
CUST01158,65,Female,69916,1,260,7,32356.43,4622.35,65,7,12,1.5,0.426,2,8.8,7,1024,3721.21,0,At Risk,0,0
CUST01159,50,Female,58620,2,1303,12,48118.0,4009.83,7,5,5,5.6,0.645,2,9.3,8,1681,5963.24,0,Loyal,0,1
CUST01160,34,Male,118685,2,218,10,41972.52,4197.25,6,5,6,4.5,0.916,4,5.1,8,1420,7551.0,0,At Risk,1,3
CUST01161,18,Male,143174,2,307,12,65809.08,5484.09,6,3,12,0.6,0.551,3,7.8,10,1858,10252.16,0,High Potential,1,1
CUST01162,65,Female,86667,1,1996,7,49516.66,7073.81,8,5,13,14.4,0.755,2,8.9,6,1195,9540.47,0,At Risk,0,0
CUST01163,21,Female,59660,1,111,5,21641.01,4328.2,4,4,10,0.8,0.794,2,7.6,6,716,3298.87,0,At Risk,0,0
CUST01164,18,Male,71339,1,34,9,22376.0,2486.22,64,4,11,0.3,0.461,2,7.4,5,1124,4985.34,1,Loyal,1,3
CUST01165,50,Female,73996,1,981,13,56737.63,4364.43,60,3,15,1.8,0.608,4,8.2,3,1867,9599.43,0,Loyal,0,1
CUST01166,67,Female,45186,1,1014,3,24054.63,8018.21,6,4,16,0.1,0.641,3,9.2,5,541,7369.53,0,At Risk,0,0
CUST01167,55,Female,103503,1,319,3,31352.23,10450.74,43,5,17,0.2,0.708,0,7.5,1,614,8730.89,0,At Risk,0,0
CUST01168,45,Male,96377,1,361,10,35321.86,3532.19,35,4,9,4.3,0.604,2,7.9,10,1353,7975.13,0,Loyal,1,3
CUST01169,45,Male,184290,3,903,12,76520.96,6376.75,11,5,14,11.2,0.452,0,6.5,10,1965,13616.78,0,VIP,1,1
CUST01170,48,Female,155315,2,671,4,37657.41,9414.35,9,1,11,2.6,0.52,1,6.3,0,777,5785.92,0,At Risk,0,0
CUST01171,47,Female,48465,1,154,17,24830.06,1460.59,10,4,7,1.8,0.581,2,5.2,7,1948,3065.24,1,At Risk,0,1
CUST01172,41,Female,119632,2,30,6,31689.1,5281.52,46,5,12,12.3,0.762,0,4.7,7,917,4717.94,0,At Risk,0,0
CUST01173,39,Male,41333,3,327,13,37882.93,2914.07,13,1,12,0.3,0.542,0,8.3,10,1679,5829.43,0,Loyal,1,3
CUST01174,37,Male,111030,2,979,8,49367.35,6170.92,11,6,11,3.2,0.413,1,7.3,8,1294,7122.06,0,At Risk,1,3
CUST01175,29,Male,53639,2,1131,3,27371.61,9123.87,1,6,8,1.5,0.253,0,7.3,8,574,4546.41,0,At Risk,1,3
CUST01176,35,Male,39579,2,1564,8,34245.48,4280.68,84,2,8,2.4,0.261,6,8.6,7,1142,5185.34,0,At Risk,1,3
CUST01177,18,Male,86511,3,1058,8,43167.89,5395.99,49,1,11,2.6,0.506,3,10.0,5,1232,6038.32,0,At Risk,1,3
CUST01178,37,Male,25000,3,434,5,40852.8,8170.56,22,9,11,3.9,0.74,0,7.6,6,909,6137.54,0,At Risk,1,3
CUST01179,26,Female,25576,2,294,11,29777.31,2707.03,100,4,19,3.0,0.557,2,5.7,3,1398,6156.84,0,At Risk,0,0
CUST01180,25,Male,65743,3,745,11,36848.13,3349.83,12,6,10,22.1,0.49,0,7.6,7,1468,4137.58,0,Loyal,1,3
CUST01181,40,Female,76839,3,673,11,41252.5,3750.23,39,4,14,0.1,0.843,3,8.8,0,1513,9255.85,0,Loyal,0,0
CUST01182,55,Female,58595,2,386,9,30521.79,3391.31,13,2,15,7.1,0.755,2,4.9,7,1205,6852.21,0,At Risk,0,0
CUST01183,49,Female,28349,2,46,11,26956.79,2450.62,13,4,12,0.3,0.448,1,9.3,1,1370,4906.25,0,Loyal,0,0
CUST01184,19,Male,44769,2,1302,13,36376.38,2798.18,65,2,11,2.8,0.477,3,6.1,6,1664,2000.0,0,At Risk,1,1
CUST01185,26,Female,92478,3,304,4,36368.95,9092.24,54,4,12,1.1,0.834,0,9.6,7,764,2000.0,0,At Risk,0,0
CUST01186,49,Female,103680,1,226,10,44990.63,4499.06,12,4,11,14.5,0.882,2,7.3,3,1450,7653.63,0,Loyal,0,0
CUST01187,26,Female,72422,3,497,2,17192.29,8596.14,3,4,16,6.4,0.685,0,6.1,3,372,4403.41,0,At Risk,0,0
CUST01188,35,Female,146400,1,560,4,52047.67,13011.92,15,7,14,3.1,0.891,3,8.3,9,920,12049.61,0,At Risk,0,2
CUST01189,45,Female,92822,2,118,9,22345.87,2482.87,50,5,7,15.2,0.875,0,6.5,6,1123,2907.01,0,At Risk,0,0
CUST01190,26,Female,46701,3,907,9,50949.38,5661.04,4,5,10,6.4,0.893,1,4.0,6,1409,6322.13,0,At Risk,0,0
CUST01191,39,Male,61802,1,171,9,46247.77,5138.64,39,5,14,15.2,0.765,0,7.1,10,1362,5100.47,0,Loyal,1,3
CUST01192,22,Female,31517,2,103,11,41361.41,3760.13,77,3,9,6.1,0.432,2,10.0,8,1514,7862.65,0,Loyal,0,0
CUST01193,31,Male,68536,1,261,6,23991.92,3998.65,7,3,9,0.4,0.88,3,6.3,2,840,4501.07,1,At Risk,1,3
CUST01194,42,Female,142523,2,656,9,54726.12,6080.68,69,5,7,4.8,0.45,1,4.9,7,1447,6920.36,0,High Potential,0,0
CUST01195,19,Male,110324,1,1683,5,41758.97,8351.79,2,3,10,19.6,0.351,0,5.9,3,918,6888.81,0,At Risk,1,3
CUST01196,43,Male,169601,2,828,4,54585.53,13646.38,38,5,11,1.2,0.44,2,6.6,4,946,7916.88,0,At Risk,1,2
CUST01197,38,Female,60978,2,1410,9,41039.02,4559.89,55,5,13,7.9,0.95,1,9.8,6,1310,8565.22,0,Loyal,0,0
CUST01198,45,Female,164006,3,76,3,38405.46,12801.82,21,3,10,1.0,0.542,2,4.9,3,684,4885.0,0,At Risk,0,2
CUST01199,41,Male,65122,3,37,15,37854.9,2523.66,8,3,10,3.0,0.516,1,7.0,0,1879,5934.92,0,Loyal,1,1
CUST01200,54,Male,176831,1,408,9,59025.87,6558.43,91,4,9,0.4,0.386,0,5.5,7,1490,10693.11,1,High Potential,1,1
CUST01201,40,Female,72178,3,171,10,58740.28,5874.03,1,6,9,2.1,0.723,0,8.2,9,1587,8383.0,0,Loyal,0,1
CUST01202,33,Male,111786,1,880,10,60079.45,6007.94,28,5,13,7.5,0.67,2,9.1,0,1601,8176.96,0,Loyal,1,1
CUST01203,39,Female,177206,1,557,4,51329.45,12832.36,16,6,16,0.2,0.675,2,8.1,10,913,5817.68,0,At Risk,0,2
CUST01204,45,Male,65117,1,1766,11,46800.8,4254.62,22,5,12,1.9,0.658,1,7.8,0,1568,5634.11,0,Loyal,1,1
CUST01205,39,Female,83369,3,147,2,28101.55,14050.77,27,3,11,5.0,0.639,2,5.7,4,481,3155.96,0,At Risk,0,0
CUST01206,38,Female,158470,3,333,10,50620.17,5062.02,27,4,12,14.8,0.664,0,6.8,0,1506,9537.39,0,High Potential,0,1
CUST01207,30,Male,67521,1,348,3,21212.73,7070.91,8,3,10,1.4,0.309,1,7.6,9,512,2785.69,0,At Risk,1,3
CUST01208,30,Male,33106,1,137,6,5000.0,833.33,40,3,20,1.0,0.582,4,9.6,7,650,2000.0,0,At Risk,1,3
CUST01209,21,Male,264555,1,446,11,82296.22,7481.47,1,4,11,1.1,0.638,2,5.7,9,1923,10229.41,0,VIP,1,2
CUST01210,59,Female,55168,2,293,3,20810.01,6936.67,1,2,9,1.4,0.419,1,6.4,2,508,3680.03,0,At Risk,0,0
CUST01211,23,Female,80439,2,296,17,46313.77,2724.34,23,6,14,5.1,0.623,2,7.9,4,2163,7737.61,0,Loyal,0,1
CUST01212,30,Female,146328,1,225,11,57405.5,5218.68,27,4,10,33.1,0.462,0,9.4,3,1674,10048.02,0,High Potential,0,1
CUST01213,29,Male,50762,3,30,6,23203.39,3867.23,11,3,15,3.7,0.508,3,6.5,2,832,7406.73,1,At Risk,1,3
CUST01214,49,Male,39946,2,369,15,34487.1,2299.14,28,4,9,1.6,0.841,1,10.0,8,1845,5785.63,0,Loyal,1,1
CUST01215,34,Male,85156,3,204,7,39552.11,5650.3,25,2,4,6.9,0.685,0,6.5,1,1096,6672.16,0,At Risk,1,3
CUST01216,53,Male,25000,2,30,8,18702.52,2337.82,15,2,11,0.9,0.405,2,5.8,7,987,2071.11,0,At Risk,1,3
CUST01217,30,Female,61529,2,184,2,10228.69,5114.35,37,3,12,0.2,0.778,2,7.0,2,302,6504.81,0,At Risk,0,0
CUST01218,41,Female,84713,3,163,6,16652.96,2775.49,111,5,10,4.6,0.538,0,6.2,5,767,4523.44,0,At Risk,0,0
CUST01219,28,Female,62195,3,250,14,52366.02,3740.43,24,5,6,1.2,0.408,3,7.7,1,1924,9729.1,0,Loyal,0,1
CUST01220,64,Male,28967,2,71,11,27745.74,2522.34,54,3,12,2.5,0.915,1,8.7,3,1377,6891.54,0,Loyal,1,3
CUST01221,24,Female,190328,2,354,7,57974.93,8282.13,10,5,11,1.3,0.572,1,8.6,3,1280,10344.93,0,High Potential,0,2
CUST01222,42,Female,77818,3,590,7,34085.83,4869.4,50,3,13,12.5,0.412,0,8.7,1,1041,7840.14,0,At Risk,0,0
CUST01223,46,Female,172593,1,497,4,58893.73,14723.43,37,5,4,2.1,0.773,1,7.0,3,989,8855.46,0,At Risk,0,2
CUST01224,43,Female,62566,1,814,8,35818.94,4477.37,36,5,10,3.0,0.592,5,7.6,2,1158,10728.88,0,At Risk,0,0
CUST01225,36,Male,43131,2,301,19,58479.01,3077.84,78,5,3,1.3,0.946,1,5.2,1,2485,5307.43,0,At Risk,1,1
CUST01226,36,Male,85949,3,366,5,32003.53,6400.71,9,2,20,0.4,0.537,3,5.9,1,820,4470.25,0,At Risk,1,3
CUST01227,39,Female,64249,3,831,10,17388.61,1738.86,16,8,17,3.6,0.753,0,9.0,1,1174,6862.74,0,Loyal,0,0
CUST01228,36,Male,36075,3,279,9,36503.83,4055.98,3,1,14,10.2,0.925,0,7.2,4,1265,5445.05,0,Loyal,1,3
CUST01229,50,Male,176640,2,605,5,55220.3,11044.06,45,3,12,2.2,0.503,2,7.4,4,1052,9602.51,0,High Potential,1,2
CUST01230,65,Female,50344,1,285,10,27301.41,2730.14,65,6,12,7.6,0.645,3,8.1,7,1273,4110.91,0,Loyal,0,0
CUST01231,31,Female,25000,2,270,19,39809.57,2095.24,18,3,11,0.2,0.562,1,4.3,1,2298,6754.07,0,At Risk,0,1
CUST01232,22,Female,162251,3,714,5,47945.16,9589.03,15,4,10,1.3,0.768,3,8.0,7,979,6683.95,0,High Potential,0,2
CUST01233,37,Male,54037,1,96,12,24324.57,2027.05,38,4,16,0.7,0.496,1,6.8,5,1443,6882.85,1,At Risk,1,3
CUST01234,69,Male,50782,1,207,11,39643.41,3603.95,3,1,11,2.6,0.764,0,8.7,2,1496,7471.55,0,Loyal,1,3
CUST01235,28,Female,25356,1,127,15,30026.7,2001.78,12,4,16,11.2,0.612,0,7.3,10,1800,2000.0,0,Loyal,0,1
CUST01236,58,Female,207849,2,222,3,45961.19,15320.4,16,7,14,2.3,0.694,4,6.0,4,760,5279.45,0,At Risk,0,2
CUST01237,58,Female,33736,3,131,6,53660.12,8943.35,26,5,15,4.6,0.46,0,7.1,3,1137,6109.75,0,At Risk,0,0
CUST01238,31,Female,75741,2,433,4,18102.94,4525.74,23,3,14,11.4,0.325,2,5.7,4,581,5901.32,0,At Risk,0,0
CUST01239,45,Female,126446,3,800,3,38917.21,12972.4,8,2,9,2.2,0.795,4,9.5,5,689,3894.62,0,At Risk,0,0
CUST01240,58,Female,94186,1,772,16,37295.55,2330.97,27,5,13,2.3,0.778,0,8.1,3,1973,5924.39,0,Loyal,0,1
CUST01241,33,Male,70559,3,227,8,41770.8,5221.35,91,3,10,0.5,0.714,1,9.1,9,1218,10821.83,0,At Risk,1,3
CUST01242,36,Female,26344,3,2000,7,32136.14,4590.88,1,1,20,2.1,0.336,0,8.8,9,1021,7890.22,0,At Risk,0,0
CUST01243,31,Female,44989,2,451,13,43437.03,3341.31,40,4,14,6.9,0.537,1,6.3,7,1734,4856.5,0,At Risk,0,1
CUST01244,26,Female,81853,3,255,26,59300.8,2280.8,34,3,16,9.3,0.872,0,7.7,1,3193,7115.7,0,Loyal,0,1
CUST01245,30,Female,45601,2,903,10,22327.27,2232.73,90,1,8,6.4,0.781,1,8.0,3,1223,2000.0,0,Loyal,0,0
CUST01246,23,Female,82621,3,654,9,33644.12,3738.24,36,8,14,0.0,0.413,0,8.5,8,1236,5925.57,0,Loyal,0,0
CUST01247,38,Male,110089,3,692,15,67517.05,4501.14,34,5,13,0.6,0.604,1,8.5,1,2175,9097.27,0,Loyal,1,1
CUST01248,29,Female,130288,3,109,8,48554.17,6069.27,51,6,11,6.6,0.212,2,6.8,10,1286,7756.12,0,High Potential,0,0
CUST01249,41,Male,35042,2,316,13,20704.45,1592.65,11,2,9,14.3,0.722,1,8.4,9,1507,4408.62,0,Loyal,1,3
CUST01250,19,Female,273208,1,990,6,59466.19,9911.03,32,6,12,5.9,0.366,4,8.0,1,1195,9537.08,0,High Potential,0,2
CUST01251,42,Male,115901,2,351,8,40133.39,5016.67,26,5,9,1.3,0.429,1,6.2,9,1201,6415.41,0,At Risk,1,3
CUST01252,48,Male,73055,2,575,11,49212.26,4473.84,20,4,12,0.6,0.728,1,6.6,0,1592,7575.53,0,At Risk,1,1
CUST01253,18,Male,140607,3,443,17,59011.62,3471.27,3,3,11,10.5,0.477,0,8.4,0,2290,7428.9,0,High Potential,1,1
CUST01254,42,Female,302321,3,924,5,91510.79,18302.16,12,6,9,0.5,0.498,1,7.4,7,1415,10328.2,0,High Potential,0,2
CUST01255,53,Male,30846,3,167,19,43341.35,2281.12,11,6,16,0.8,0.844,0,7.4,10,2333,6826.12,0,Loyal,1,1
CUST01256,23,Male,63885,1,428,6,42304.02,7050.67,45,5,16,4.5,0.191,0,6.5,2,1023,5356.31,1,At Risk,1,3
CUST01257,58,Female,25000,3,66,6,11396.36,1899.39,89,4,13,1.1,0.207,5,9.1,0,714,4447.43,0,At Risk,0,0
CUST01258,43,Male,82092,3,586,8,36667.25,4583.41,9,7,7,1.3,0.538,1,9.5,1,1167,3575.15,0,At Risk,1,3
CUST01259,30,Female,91057,3,658,3,25457.5,8485.83,3,3,6,0.8,0.466,3,6.6,10,555,3509.87,0,At Risk,0,0
CUST01260,37,Female,71432,1,30,9,40037.87,4448.65,352,2,14,14.4,0.758,1,8.7,3,1300,6734.1,1,Loyal,0,0
CUST01261,45,Female,49379,1,563,6,30895.38,5149.23,41,7,10,0.7,0.677,0,8.5,3,909,8145.64,0,At Risk,0,0
CUST01262,39,Male,25000,1,268,8,8454.97,1056.87,76,3,12,13.4,0.487,1,6.7,6,885,2000.0,0,At Risk,1,3
CUST01263,44,Female,91502,2,66,17,56797.92,3341.05,5,5,12,2.0,0.312,2,6.7,9,2268,8830.68,0,At Risk,0,1
CUST01264,27,Male,175126,2,272,8,43193.92,5399.24,56,2,15,8.6,0.824,3,8.5,6,1232,8006.24,0,High Potential,1,3
CUST01265,40,Male,51297,3,108,5,13859.36,2771.87,59,3,14,15.0,0.91,1,4.9,8,639,3898.96,1,At Risk,1,3
CUST01266,21,Male,95229,2,269,17,59664.23,3509.66,6,6,9,3.7,0.396,1,4.3,8,2297,9296.71,0,At Risk,1,1
CUST01267,37,Female,28541,2,243,9,14383.66,1598.18,6,5,11,7.4,0.342,3,9.4,4,1044,6675.32,0,Loyal,0,0
CUST01268,27,Male,96214,2,670,9,39759.33,4417.7,12,1,9,1.5,0.484,5,7.6,7,1298,5463.93,0,Loyal,1,3
CUST01269,29,Female,57755,3,744,7,37333.95,5333.42,9,7,9,2.4,0.756,2,8.2,7,1073,9467.02,1,At Risk,0,0
CUST01270,53,Female,46284,3,467,3,22640.18,7546.73,130,9,17,4.0,0.547,4,10.0,1,526,5441.18,0,At Risk,0,0
CUST01271,51,Female,46341,3,30,7,25888.81,3698.4,16,1,10,9.5,0.796,1,7.8,0,959,4902.43,0,At Risk,0,0
CUST01272,45,Male,57747,2,1337,15,56734.68,3782.31,50,4,11,4.8,0.757,4,8.2,6,2067,9209.49,0,Loyal,1,1
CUST01273,25,Female,91992,2,580,13,58730.9,4517.76,57,7,16,0.1,0.392,2,7.2,9,1887,10580.32,0,Loyal,0,1
CUST01274,34,Female,33280,3,30,7,10237.3,1462.47,17,2,10,1.8,0.414,5,6.8,10,802,2000.0,0,At Risk,0,0
CUST01275,53,Female,57626,2,854,7,34777.05,4968.15,40,3,14,10.0,0.639,4,5.7,5,1048,5615.94,1,At Risk,0,0
CUST01276,40,Male,71333,1,112,6,35103.35,5850.56,4,5,14,1.4,0.416,2,8.4,4,951,5754.31,0,At Risk,1,3
CUST01277,66,Female,37819,1,433,11,37725.68,3429.61,18,4,20,2.3,0.499,2,7.7,3,1477,9693.16,0,Loyal,0,0
CUST01278,43,Male,214915,1,314,9,64720.93,7191.21,120,3,14,2.5,0.23,2,6.1,9,1547,8486.59,0,High Potential,1,2
CUST01279,40,Male,43823,3,272,5,19081.93,3816.39,6,3,11,0.8,0.732,2,9.0,4,691,7637.57,1,At Risk,1,3
CUST01280,34,Male,48939,1,1102,6,36980.02,6163.34,17,2,17,2.2,0.305,3,6.7,1,970,5379.98,0,At Risk,1,3
CUST01281,40,Female,40661,1,288,15,39958.01,2663.87,55,8,15,8.5,0.338,4,7.7,4,1900,3955.32,0,Loyal,0,1
CUST01282,36,Male,215149,2,39,5,65399.25,13079.85,38,5,12,9.5,0.646,2,8.4,10,1154,8033.44,0,High Potential,1,2
CUST01283,46,Male,101900,2,1465,12,56619.55,4718.3,35,5,13,4.3,0.778,1,7.9,6,1766,6836.18,0,Loyal,1,1
CUST01284,49,Female,41691,2,1266,6,27113.38,4518.9,67,7,8,5.7,0.944,3,7.2,0,871,7745.09,0,At Risk,0,0
CUST01285,29,Female,142022,2,577,5,30750.68,6150.14,1,7,12,3.8,0.81,2,5.5,1,808,2122.73,0,High Potential,0,0
CUST01286,22,Male,82489,1,315,14,44027.71,3144.84,52,7,12,0.2,0.474,2,7.9,2,1840,7957.75,0,Loyal,1,1
CUST01287,18,Female,85336,1,49,5,18316.12,3663.22,75,4,12,6.0,0.737,1,9.0,8,683,6876.57,0,At Risk,0,0
CUST01288,44,Male,59475,2,782,8,19105.04,2388.13,1,4,19,28.3,0.95,2,5.8,7,991,8817.17,0,At Risk,1,3
CUST01289,25,Male,46646,2,39,7,16251.75,2321.68,29,3,7,1.3,0.773,2,5.5,0,863,2593.46,0,At Risk,1,3
CUST01290,18,Male,89560,2,36,2,29212.28,14606.14,15,3,8,20.1,0.379,4,9.7,8,492,5313.51,0,At Risk,1,3
CUST01291,43,Female,52730,1,385,8,27149.32,3393.66,2,1,16,30.5,0.214,3,6.0,9,1071,2554.61,0,At Risk,0,0
CUST01292,68,Male,217522,3,87,15,76978.19,5131.88,19,4,13,0.8,0.574,1,6.7,9,2270,10404.38,0,VIP,1,1
CUST01293,38,Male,34147,2,30,8,27541.1,3442.64,36,2,9,13.0,0.921,2,7.1,6,1075,8882.58,0,At Risk,1,3
CUST01294,48,Male,183817,1,275,14,67553.64,4825.26,88,6,13,5.6,0.811,1,8.8,8,2076,12280.97,0,High Potential,1,1
CUST01295,39,Female,68406,1,74,1,11935.48,11935.48,34,6,15,3.1,0.489,2,5.4,4,219,5135.92,0,At Risk,0,0
CUST01296,37,Male,87505,3,87,5,25382.1,5076.42,68,5,10,2.1,0.47,0,7.1,4,754,5470.98,0,At Risk,1,3
CUST01297,49,Male,120559,2,40,8,47422.54,5927.82,5,5,10,5.0,0.434,1,5.8,0,1274,9224.97,0,At Risk,1,3
CUST01298,35,Male,50104,2,115,17,42331.24,2490.07,8,3,14,9.3,0.7,4,10.0,6,2123,10779.48,0,Loyal,1,1
CUST01299,41,Male,122829,3,628,11,31496.47,2863.32,123,8,11,0.2,0.809,1,6.6,7,1415,3945.9,0,At Risk,1,3
CUST01300,42,Female,25000,3,828,24,52495.22,2187.3,76,5,16,3.8,0.831,0,6.0,0,2925,9172.56,0,At Risk,0,1
CUST01301,30,Female,47477,3,301,6,27908.21,4651.37,9,5,10,5.3,0.752,1,6.4,9,879,3142.59,0,At Risk,0,0
CUST01302,50,Male,42006,2,353,6,24329.65,4054.94,34,4,13,0.1,0.606,0,7.2,4,843,2000.0,0,At Risk,1,3
CUST01303,36,Male,34472,2,30,14,24859.43,1775.67,16,1,16,11.0,0.383,2,7.7,6,1649,4790.1,0,Loyal,1,3
CUST01304,29,Male,64281,1,36,4,15660.56,3915.14,22,3,12,15.2,0.858,0,8.6,2,557,3857.83,0,At Risk,1,3
CUST01305,44,Male,92176,3,149,6,16680.79,2780.13,69,2,10,4.7,0.915,0,6.3,1,767,2755.2,1,At Risk,1,3
CUST01306,27,Male,111480,2,393,6,42860.6,7143.43,47,5,9,0.6,0.748,1,6.4,0,1029,5201.26,0,At Risk,1,3
CUST01307,38,Female,84502,1,673,6,39746.15,6624.36,10,2,12,13.5,0.828,2,4.4,10,997,6653.4,0,At Risk,0,0
CUST01308,38,Female,49049,3,464,4,20639.24,5159.81,13,7,15,8.2,0.418,0,5.9,10,606,4319.0,1,At Risk,0,0
CUST01309,51,Female,91255,3,249,4,26464.65,6616.16,12,2,15,0.1,0.95,3,6.6,9,665,8267.75,0,At Risk,0,0
CUST01310,44,Female,78792,3,63,5,18186.28,3637.26,53,2,19,4.3,0.48,2,9.8,2,682,4623.62,0,At Risk,0,0
CUST01311,38,Female,128237,3,759,9,53141.67,5904.63,24,5,9,0.6,0.283,3,7.6,7,1431,9226.93,0,Loyal,0,0
CUST01312,48,Female,116560,3,226,5,23314.63,4662.93,105,5,7,0.8,0.587,0,7.0,2,733,2328.74,0,At Risk,0,0
CUST01313,55,Male,74480,1,666,8,42328.25,5291.03,59,5,14,1.1,0.743,3,9.8,2,1223,5392.42,1,At Risk,1,3
CUST01314,45,Female,42687,3,360,7,29502.33,4214.62,8,5,13,2.5,0.674,2,7.1,3,995,2861.06,0,At Risk,0,0
CUST01315,38,Male,49426,3,671,19,59786.94,3146.68,54,1,14,10.5,0.354,3,6.2,2,2498,8147.06,1,At Risk,1,1
CUST01316,22,Female,52582,1,1189,17,52083.89,3063.76,25,7,13,0.2,0.614,3,6.3,2,2221,8369.18,1,At Risk,0,1
CUST01317,25,Female,60527,1,1269,3,24710.67,8236.89,10,8,9,5.8,0.404,2,5.8,10,547,4952.26,0,At Risk,0,0
CUST01318,34,Male,85891,3,383,10,43417.2,4341.72,16,4,7,16.7,0.796,0,6.3,2,1434,4957.55,0,At Risk,1,3
CUST01319,31,Male,112320,2,358,6,44623.41,7437.23,125,4,15,5.1,0.448,4,7.6,1,1046,2262.97,0,At Risk,1,3
CUST01320,36,Female,70921,3,154,11,27376.44,2488.77,23,4,11,8.5,0.541,2,7.2,3,1374,3686.73,0,Loyal,0,0
CUST01321,39,Male,73841,1,1373,1,28474.25,28474.25,45,4,11,11.6,0.336,1,9.1,2,385,7240.55,0,At Risk,1,2
CUST01322,44,Female,79697,1,306,6,32905.55,5484.26,23,1,12,6.3,0.528,2,8.0,8,929,5115.86,0,At Risk,0,0
CUST01323,37,Female,53662,2,68,6,27001.99,4500.33,16,4,9,5.4,0.627,2,9.0,3,870,4550.0,0,At Risk,0,0
CUST01324,44,Female,41972,1,283,9,24883.02,2764.78,56,8,12,0.1,0.606,1,9.6,4,1149,2000.0,0,Loyal,0,0
CUST01325,39,Female,25508,2,68,14,36403.36,2600.24,66,3,14,3.7,0.429,1,8.6,10,1764,6102.03,0,Loyal,0,0
CUST01326,18,Male,48190,2,349,12,27313.19,2276.1,3,2,13,3.2,0.836,1,6.2,5,1473,5248.42,0,At Risk,1,3
CUST01327,27,Male,97138,1,412,8,55210.22,6901.28,11,5,11,3.7,0.621,1,7.2,9,1352,7664.08,0,At Risk,1,3
CUST01328,36,Female,47966,1,206,16,36006.03,2250.38,25,3,11,2.8,0.899,0,9.2,9,1960,8356.4,0,Loyal,0,1
CUST01329,23,Female,63406,2,37,10,35508.91,3550.89,13,4,16,11.9,0.611,0,9.7,4,1355,8336.78,0,Loyal,0,0
CUST01330,45,Female,96747,1,1437,2,31958.44,15979.22,54,7,8,11.0,0.73,3,7.8,6,520,9903.5,0,At Risk,0,2
CUST01331,56,Male,99949,3,742,6,39510.09,6585.01,4,3,10,0.7,0.573,0,10.0,4,995,4673.77,0,At Risk,1,3
CUST01332,53,Male,38265,2,913,14,32286.72,2306.19,56,2,7,3.8,0.402,3,6.9,0,1723,5671.83,0,At Risk,1,1
CUST01333,35,Female,133017,1,229,16,68496.73,4281.05,34,2,13,16.0,0.777,1,8.1,7,2285,8294.82,0,High Potential,0,1
CUST01334,56,Male,143833,2,715,3,36226.57,12075.52,12,4,12,4.6,0.554,3,5.4,7,662,6732.64,0,At Risk,1,2
CUST01335,40,Female,37127,1,332,17,42077.86,2475.17,15,6,14,8.1,0.279,3,7.8,3,2121,8057.22,0,Loyal,0,1
CUST01336,34,Male,44609,1,112,5,19201.02,3840.2,7,2,9,2.3,0.843,1,8.6,10,692,2000.0,0,At Risk,1,3
CUST01337,31,Female,149441,1,66,17,58395.12,3435.01,10,3,6,2.4,0.877,2,9.5,5,2284,10054.68,0,High Potential,0,1
CUST01338,34,Female,66962,3,212,9,12263.11,1362.57,44,6,9,2.0,0.362,0,3.4,0,1023,2000.0,0,At Risk,0,0
CUST01339,33,Female,25000,3,74,5,23567.13,4713.43,16,4,11,0.1,0.699,0,5.3,8,736,2000.0,0,At Risk,0,0
CUST01340,40,Male,31577,3,2000,6,34902.04,5817.01,41,8,13,12.9,0.453,1,6.8,5,949,4882.86,0,At Risk,1,3
CUST01341,40,Female,62968,2,30,8,14570.49,1821.31,25,5,12,2.2,0.374,3,4.1,6,946,6542.32,0,At Risk,0,0
CUST01342,38,Female,36395,2,291,11,14827.94,1347.99,5,5,5,2.3,0.444,4,7.8,0,1248,4076.55,1,Loyal,0,0
CUST01343,43,Male,57065,2,301,8,26784.47,3348.06,24,5,7,7.1,0.611,1,10.0,10,1068,3125.55,0,At Risk,1,3
CUST01344,52,Female,74566,3,179,9,33375.05,3708.34,49,1,14,3.7,0.748,2,7.0,3,1234,4613.46,0,Loyal,0,0
CUST01345,49,Female,175844,3,424,4,47554.48,11888.62,12,7,15,2.2,0.775,2,8.8,6,876,3585.85,0,At Risk,0,2
CUST01346,20,Female,61435,1,81,9,41917.06,4657.45,37,1,5,10.8,0.847,1,7.5,3,1319,4846.72,0,Loyal,0,0
CUST01347,18,Female,139180,1,766,3,28791.4,9597.13,8,2,11,8.7,0.529,2,6.2,0,588,8493.34,0,At Risk,0,0
CUST01348,49,Male,172345,2,202,15,68230.89,4548.73,5,6,7,18.8,0.536,3,5.8,2,2182,11727.27,1,High Potential,1,1
CUST01349,22,Male,172920,3,447,13,70187.02,5399.0,16,7,9,5.1,0.556,0,8.5,4,2002,11377.68,0,High Potential,1,1
CUST01350,35,Male,86756,3,629,10,47112.05,4711.2,17,4,12,5.9,0.539,1,8.5,2,1471,8135.49,0,Loyal,1,3
CUST01351,24,Female,25000,2,1099,2,25045.23,12522.62,50,8,15,2.0,0.359,3,7.6,5,450,7050.14,0,At Risk,0,0
CUST01352,18,Female,96423,3,903,14,54574.57,3898.18,22,2,13,0.5,0.472,0,7.8,7,1946,8915.4,0,Loyal,0,1
CUST01353,44,Female,137179,2,469,10,53897.48,5389.75,3,4,16,0.6,0.625,2,10.0,6,1539,7905.1,0,High Potential,0,1
CUST01354,47,Male,69658,3,246,9,30852.78,3428.09,35,8,8,5.2,0.34,2,9.8,6,1209,5107.79,0,Loyal,1,3
CUST01355,31,Male,208303,3,350,11,56347.97,5122.54,22,3,17,0.6,0.482,0,5.6,2,1663,7718.05,0,High Potential,1,1
CUST01356,18,Female,122504,3,732,6,46238.0,7706.33,14,2,16,11.9,0.71,2,5.2,10,1062,6291.28,0,At Risk,0,0
CUST01357,31,Male,102844,2,1050,10,45804.5,4580.45,57,4,12,6.1,0.852,0,8.5,8,1458,10515.54,0,Loyal,1,3
CUST01358,43,Male,140341,1,55,1,27161.27,27161.27,6,3,14,1.3,0.742,1,5.2,3,372,2662.37,0,At Risk,1,2
CUST01359,20,Female,89324,2,243,10,42574.76,4257.48,86,5,11,1.6,0.855,0,8.1,7,1426,5582.77,0,Loyal,0,0
CUST01360,40,Male,25000,2,748,5,24178.22,4835.64,14,2,11,6.2,0.7,1,9.1,9,742,2000.0,0,At Risk,1,3
CUST01361,38,Male,54204,3,283,9,24739.34,2748.82,22,4,11,8.7,0.389,1,6.4,2,1147,6097.65,1,At Risk,1,3
CUST01362,45,Male,149987,1,202,3,42012.34,14004.11,93,4,8,9.1,0.301,2,7.4,9,720,7609.39,0,At Risk,1,2
CUST01363,39,Male,45046,2,265,7,23979.86,3425.69,50,3,16,4.6,0.878,1,8.5,0,940,7654.0,0,At Risk,1,3
CUST01364,26,Female,63954,3,462,14,44482.67,3177.33,3,5,10,0.8,0.472,2,6.8,2,1845,5537.64,0,At Risk,0,1
CUST01365,52,Male,39070,1,2000,9,50823.84,5647.09,30,1,13,8.5,0.85,0,8.9,8,1408,6791.45,0,Loyal,1,3
CUST01366,36,Male,213278,2,340,8,67578.4,8447.3,13,5,8,7.8,0.244,3,7.1,1,1476,7629.57,0,High Potential,1,2
CUST01367,38,Male,200565,2,117,5,56995.31,11399.06,25,1,10,9.0,0.827,1,8.2,2,1070,9548.64,1,High Potential,1,2
CUST01368,27,Female,43031,2,89,9,19296.15,2144.02,48,7,16,0.9,0.923,0,5.2,8,1093,2460.78,0,At Risk,0,0
CUST01369,33,Male,79888,1,30,12,33460.53,2788.38,24,4,15,5.8,0.768,0,7.6,5,1535,6492.82,0,Loyal,1,3
CUST01370,27,Female,48616,3,409,5,26821.09,5364.22,3,1,18,16.1,0.794,1,8.3,9,768,3761.85,0,At Risk,0,0
CUST01371,36,Male,105764,2,393,7,26312.91,3758.99,26,3,15,1.5,0.518,2,6.5,10,963,7172.96,0,At Risk,1,3
CUST01372,59,Male,99291,3,115,7,32511.71,4644.53,1,1,10,6.3,0.397,4,6.4,6,1025,7691.35,0,At Risk,1,3
CUST01373,22,Male,119017,2,594,8,39231.86,4903.98,15,3,14,1.5,0.353,0,9.0,9,1192,6529.26,0,At Risk,1,3
CUST01374,19,Female,89246,2,676,8,38301.82,4787.73,23,2,10,1.8,0.369,0,8.5,5,1183,8267.72,0,At Risk,0,0
CUST01375,56,Female,425595,1,150,3,98505.3,32835.1,36,3,11,3.3,0.418,0,7.7,4,1285,14406.8,1,At Risk,0,2
CUST01376,35,Male,39468,1,211,6,22214.58,3702.43,25,6,12,11.3,0.47,0,8.4,10,822,4373.55,0,At Risk,1,3
CUST01377,30,Female,26203,2,2000,6,36285.86,6047.64,6,7,9,0.2,0.521,0,5.0,0,963,2000.0,0,At Risk,0,0
CUST01378,50,Female,57765,1,234,8,36716.56,4589.57,94,3,12,22.8,0.843,3,7.6,0,1167,7240.68,0,At Risk,0,0
CUST01379,31,Male,28544,2,715,6,31135.95,5189.33,37,6,16,7.4,0.771,4,6.2,6,911,4937.47,0,At Risk,1,3
CUST01380,60,Female,29867,2,301,4,14285.09,3571.27,13,10,12,2.2,0.265,2,7.4,6,543,4562.17,0,At Risk,0,0
CUST01381,46,Male,40103,2,788,7,23002.24,3286.03,118,2,9,2.2,0.681,1,5.2,8,930,4985.67,1,At Risk,1,3
CUST01382,32,Female,42053,1,733,6,19611.29,3268.55,75,1,12,3.3,0.417,1,8.4,8,796,2542.55,0,At Risk,0,0
CUST01383,64,Female,41243,3,551,11,30701.76,2791.07,5,4,12,10.4,0.426,1,5.8,2,1407,4454.17,0,At Risk,0,0
CUST01384,31,Female,99801,3,965,10,39771.5,3977.15,37,2,4,0.1,0.495,1,10.0,4,1398,5557.15,0,Loyal,0,0
CUST01385,47,Female,53976,1,1400,1,28633.72,28633.72,29,8,13,4.0,0.66,0,7.4,0,386,7297.1,0,At Risk,0,2
CUST01386,42,Male,65663,1,434,12,47703.42,3975.29,7,4,28,0.3,0.725,1,6.8,6,1677,10885.68,0,At Risk,1,1
CUST01387,54,Female,125059,3,136,4,23600.42,5900.11,9,3,6,0.6,0.431,1,7.2,6,636,5637.42,0,At Risk,0,0
CUST01388,57,Male,46176,1,254,10,30268.68,3026.87,29,4,10,5.9,0.736,3,4.9,8,1303,9104.65,0,At Risk,1,3
CUST01389,38,Male,62397,3,710,8,46255.29,5781.91,14,1,14,1.3,0.487,1,7.3,8,1263,8150.36,0,At Risk,1,3
CUST01390,29,Female,91077,1,526,9,28593.38,3177.04,63,3,12,0.2,0.867,3,8.8,0,1186,3378.36,0,Loyal,0,0
CUST01391,44,Female,25000,3,98,3,23500.94,7833.65,4,4,21,0.9,0.867,0,8.2,10,535,2000.0,0,At Risk,0,0
CUST01392,30,Female,25000,2,30,2,5000.0,2500.0,86,5,18,1.2,0.566,2,6.7,4,250,2000.0,0,At Risk,0,0
CUST01393,62,Male,90009,3,574,8,33939.55,4242.44,64,3,7,7.3,0.633,2,9.6,3,1139,4731.02,0,At Risk,1,3
CUST01394,40,Female,98244,2,145,11,47510.66,4319.15,47,6,17,4.9,0.855,2,6.6,3,1575,5778.51,1,At Risk,0,0
CUST01395,34,Female,252340,2,346,5,71345.34,14269.07,11,4,16,6.6,0.601,4,6.9,5,1213,10551.61,0,High Potential,0,2
CUST01396,40,Male,80407,1,687,5,31339.75,6267.95,44,2,7,2.3,0.803,2,6.2,5,813,5043.55,0,At Risk,1,3
CUST01397,22,Male,119592,1,414,9,39711.06,4412.34,20,6,13,0.6,0.95,2,5.5,8,1297,6638.36,0,At Risk,1,3
CUST01398,26,Male,65037,3,43,1,6504.79,6504.79,35,3,11,8.2,0.349,0,8.9,2,165,6780.3,0,At Risk,1,3
CUST01399,52,Male,87407,2,103,7,32037.62,4576.8,13,4,13,0.8,0.618,1,6.4,8,1020,6826.96,0,At Risk,1,3
CUST01400,30,Female,198860,3,124,10,61041.12,6104.11,63,3,13,2.4,0.261,3,7.8,9,1610,9616.44,1,High Potential,0,1
CUST01401,25,Female,25000,2,149,6,11154.72,1859.12,1,1,12,1.5,0.931,0,6.7,10,712,4427.79,0,At Risk,0,0
CUST01402,44,Female,93730,3,417,11,41709.56,3791.78,41,3,10,1.8,0.2,3,9.2,2,1517,5063.89,0,Loyal,0,0
CUST01403,52,Female,263380,2,351,5,71755.12,14351.02,62,4,12,4.6,0.708,2,8.9,9,1218,8965.51,0,High Potential,0,2
CUST01404,47,Male,86614,3,114,4,35722.51,8930.63,36,7,8,0.9,0.768,4,5.3,5,757,7234.47,0,At Risk,1,3
CUST01405,50,Female,196879,3,35,1,46953.63,46953.63,7,2,14,3.0,0.538,1,7.9,9,570,7275.25,0,At Risk,0,2
CUST01406,29,Male,50135,2,94,11,30176.98,2743.36,12,1,8,5.1,0.753,0,7.5,9,1402,5207.29,0,Loyal,1,3
CUST01407,21,Female,71738,3,2000,7,37794.76,5399.25,25,3,15,10.2,0.631,2,8.9,6,1078,3847.47,0,At Risk,0,0
CUST01408,56,Male,74616,3,316,3,18388.42,6129.47,14,6,13,2.3,0.779,2,7.9,5,484,2457.64,0,At Risk,1,3
CUST01409,34,Female,25000,1,1010,15,42311.59,2820.77,0,5,13,1.9,0.184,2,9.1,7,1923,6481.96,0,Loyal,0,1
CUST01410,35,Male,36283,2,944,25,62703.51,2508.14,1,9,16,2.3,0.46,2,8.7,5,3127,8540.66,0,Loyal,1,1
CUST01411,54,Male,37869,1,358,8,23818.9,2977.36,51,1,20,3.5,0.741,1,8.2,2,1038,8915.99,0,At Risk,1,3
CUST01412,45,Female,119759,3,613,6,49293.74,8215.62,3,2,7,1.9,0.817,0,8.9,1,1093,11956.15,0,At Risk,0,0
CUST01413,43,Male,123413,1,107,4,35678.06,8919.51,92,4,9,1.4,0.47,1,6.8,2,757,8276.59,0,At Risk,1,3
CUST01414,64,Female,88825,1,583,23,61714.46,2683.24,20,5,14,2.4,0.422,0,7.0,1,2917,9836.73,0,Loyal,0,1
CUST01415,30,Male,119906,2,159,8,36810.87,4601.36,50,5,16,7.5,0.276,0,9.7,3,1168,4885.29,0,At Risk,1,3
CUST01416,49,Female,66271,2,892,11,35739.15,3249.01,5,4,4,1.5,0.794,2,9.1,4,1457,3842.09,0,Loyal,0,0
CUST01417,39,Male,150416,3,44,10,55281.45,5528.15,91,4,7,9.3,0.824,1,8.7,2,1553,9050.37,0,High Potential,1,1
CUST01418,41,Male,73517,3,742,6,27936.68,4656.11,1,4,22,1.7,0.741,1,8.2,0,879,7303.38,0,At Risk,1,3
CUST01419,56,Male,75714,2,53,25,62938.78,2517.55,2,1,11,4.6,0.547,2,4.9,0,3129,10638.06,1,At Risk,1,1
CUST01420,44,Male,62358,1,1065,20,51451.69,2572.58,2,1,16,17.7,0.607,2,8.2,1,2515,8628.89,0,Loyal,1,1
CUST01421,44,Male,110268,3,181,6,35173.58,5862.26,4,2,9,15.2,0.816,1,7.2,7,952,6941.26,0,At Risk,1,3
CUST01422,51,Male,56799,2,531,8,30709.37,3838.67,23,5,8,2.9,0.736,0,9.2,6,1107,5172.94,0,At Risk,1,3
CUST01423,34,Male,131381,2,334,10,68490.85,6849.08,54,4,18,0.3,0.823,4,7.0,6,1685,9450.79,0,High Potential,1,1
CUST01424,28,Male,37075,2,228,8,13924.52,1740.57,12,1,12,11.6,0.916,0,3.3,1,939,2000.0,0,At Risk,1,3
CUST01425,25,Female,37822,2,518,18,51337.72,2852.1,48,3,11,0.7,0.236,2,8.3,2,2313,7196.16,0,Loyal,0,1
CUST01426,18,Female,110465,2,1474,17,60543.35,3561.37,52,6,9,12.9,0.604,3,7.1,0,2305,9551.88,1,Loyal,0,1
CUST01427,63,Male,69347,3,30,11,46094.19,4190.38,84,5,14,6.6,0.376,1,7.2,6,1561,6128.32,1,Loyal,1,3
CUST01428,25,Female,55696,2,1256,10,34714.88,3471.49,6,2,15,13.6,0.659,2,7.5,10,1347,3293.58,0,Loyal,0,0
CUST01429,35,Female,124746,3,470,9,55691.03,6187.89,5,3,17,5.5,0.874,1,9.5,5,1457,8877.56,0,Loyal,0,0
CUST01430,35,Male,50800,2,823,12,41136.62,3428.05,5,4,6,26.6,0.672,2,10.0,0,1611,7353.94,1,Loyal,1,3
CUST01431,42,Female,64853,1,242,3,10953.92,3651.31,16,2,11,3.1,0.543,3,7.6,4,410,2125.65,0,At Risk,0,0
CUST01432,48,Male,169318,3,319,6,52193.33,8698.89,24,2,10,2.0,0.363,3,6.1,1,1122,7704.2,0,High Potential,1,2
CUST01433,48,Female,184146,2,1016,3,58162.56,19387.52,22,5,13,2.5,0.46,2,3.9,5,882,3227.62,0,At Risk,0,2
CUST01434,31,Male,187857,1,268,14,73373.35,5240.95,10,3,12,2.2,0.461,2,10.0,2,2134,13073.32,0,High Potential,1,1
CUST01435,36,Female,61742,2,382,9,30947.77,3438.64,34,5,16,2.6,0.495,0,10.0,1,1209,5903.44,0,Loyal,0,0
CUST01436,41,Female,153035,2,30,6,65464.72,10910.79,14,3,11,10.8,0.575,2,5.5,2,1255,12304.79,0,High Potential,0,2
CUST01437,35,Male,41383,3,86,5,34363.72,6872.74,16,1,13,4.5,0.548,0,7.9,9,844,5134.19,0,At Risk,1,3
CUST01438,57,Male,42440,2,513,9,32347.36,3594.15,4,4,14,6.5,0.95,1,7.6,1,1223,6744.49,0,Loyal,1,3
CUST01439,44,Female,25000,3,631,5,9019.85,1803.97,31,3,13,1.7,0.587,0,5.0,2,590,4123.44,1,At Risk,0,0
CUST01440,47,Male,199530,1,437,11,59189.2,5380.84,37,2,8,23.0,0.557,2,8.0,4,1692,9442.58,0,High Potential,1,1
CUST01441,46,Female,43548,2,77,5,17047.48,3409.5,50,2,11,1.6,0.812,3,8.4,7,670,3928.18,1,At Risk,0,0
CUST01442,52,Female,67784,3,295,3,21902.43,7300.81,82,1,11,0.9,0.348,2,7.1,8,519,3966.66,0,At Risk,0,0
CUST01443,40,Female,42353,3,219,9,20663.41,2295.93,51,4,2,7.5,0.711,0,7.7,10,1107,2000.0,0,Loyal,0,0
CUST01444,22,Female,110979,1,342,8,37203.61,4650.45,9,3,14,9.1,0.585,1,8.2,4,1172,7271.85,0,At Risk,0,0
CUST01445,43,Female,58374,2,1021,8,19502.41,2437.8,9,4,13,2.5,0.583,1,7.4,5,995,2000.0,1,At Risk,0,0
CUST01446,30,Female,33427,2,748,8,10445.44,1305.68,86,4,16,3.9,0.827,1,7.1,1,904,2000.0,0,At Risk,0,0
CUST01447,32,Male,95320,2,44,12,43031.43,3585.95,55,4,6,2.7,0.789,0,7.0,1,1630,7618.54,1,Loyal,1,1
CUST01448,45,Male,30939,3,1105,7,40985.99,5855.14,53,4,22,1.7,0.878,1,8.4,0,1110,9048.69,0,At Risk,1,3
CUST01449,53,Male,44248,3,319,4,7078.6,1769.65,45,7,11,8.4,0.22,2,8.3,8,471,3443.95,0,At Risk,1,3
CUST01450,38,Female,25000,2,681,12,30841.17,2570.1,11,7,9,7.1,0.784,0,9.0,7,1508,6387.73,0,Loyal,0,0
CUST01451,42,Female,31121,3,75,4,14502.08,3625.52,66,3,8,3.3,0.795,1,7.9,1,545,3484.9,0,At Risk,0,0
CUST01452,58,Male,81399,2,555,4,32533.15,8133.29,5,2,13,3.0,0.557,1,8.7,1,725,7165.96,1,At Risk,1,3
CUST01453,41,Female,25000,1,135,11,22295.45,2026.86,15,6,9,1.0,0.642,2,9.7,10,1323,8019.74,0,Loyal,0,0
CUST01454,69,Female,30071,2,288,13,23521.93,1809.38,15,9,15,5.1,0.191,3,5.5,0,1535,2654.05,0,At Risk,0,0
CUST01455,45,Male,73027,3,30,14,46672.06,3333.72,29,6,10,12.9,0.695,2,8.0,10,1867,6134.13,0,Loyal,1,1
CUST01456,18,Female,52777,3,82,9,12835.73,1426.19,22,1,10,6.3,0.802,4,8.0,10,1028,4120.88,0,Loyal,0,0
CUST01457,47,Male,241644,2,48,9,72802.45,8089.16,22,1,11,3.5,0.279,1,6.3,6,1628,7138.9,0,High Potential,1,2
CUST01458,43,Female,219770,2,137,24,86214.5,3592.27,28,3,12,0.2,0.414,1,8.6,9,3262,12432.6,0,VIP,0,1
CUST01459,53,Male,43445,3,53,7,24530.16,3504.31,19,6,15,13.3,0.488,1,7.2,8,945,4673.77,0,At Risk,1,3
CUST01460,46,Female,102159,2,589,10,54468.44,5446.84,10,3,19,1.8,0.698,0,7.2,4,1545,7117.68,0,Loyal,0,1
CUST01461,36,Female,114642,2,30,4,27170.52,6792.63,38,4,14,1.8,0.567,0,4.9,6,672,2000.0,0,At Risk,0,0
CUST01462,23,Male,51099,3,481,6,22942.9,3823.82,55,1,11,3.2,0.4,1,7.5,0,829,6687.31,0,At Risk,1,3
CUST01463,35,Female,29812,3,76,9,20000.53,2222.28,23,4,10,2.8,0.95,1,7.7,2,1100,2388.47,0,Loyal,0,0
CUST01464,28,Female,72593,2,1452,12,67411.66,5617.64,37,4,17,16.4,0.304,0,9.1,2,1874,9021.94,0,Loyal,0,1
CUST01465,31,Male,65926,2,1352,5,33297.83,6659.57,27,6,15,0.9,0.542,2,9.1,9,833,8203.04,0,At Risk,1,3
CUST01466,45,Male,56305,2,128,10,30018.44,3001.84,2,5,15,5.8,0.732,1,7.3,3,1300,2000.0,0,Loyal,1,3
CUST01467,58,Female,95358,1,477,6,34898.82,5816.47,19,4,10,0.6,0.366,2,8.4,0,949,9215.68,0,At Risk,0,0
CUST01468,43,Male,46610,3,30,16,50117.25,3132.33,0,6,12,1.6,0.697,2,9.0,4,2101,12296.47,0,Loyal,1,1
CUST01469,24,Male,36637,2,1343,10,31696.9,3169.69,38,10,12,6.4,0.61,3,6.7,8,1317,3249.71,0,At Risk,1,3
CUST01470,43,Male,78077,3,370,4,33684.42,8421.1,25,3,4,8.1,0.665,4,6.4,8,737,4295.63,0,At Risk,1,3
CUST01471,52,Male,92188,1,30,6,25249.28,4208.21,5,4,13,3.2,0.541,4,6.4,10,852,5649.0,1,At Risk,1,3
CUST01472,31,Female,36099,2,210,9,19191.93,2132.44,27,8,8,7.8,0.562,2,7.8,5,1092,3986.84,1,Loyal,0,0
CUST01473,36,Male,127625,1,40,10,49364.01,4936.4,80,7,10,13.7,0.622,1,6.7,6,1494,9822.1,0,At Risk,1,3
CUST01474,38,Male,25279,3,250,3,22671.64,7557.21,15,7,11,13.7,0.569,1,6.7,9,527,4837.72,0,At Risk,1,3
CUST01475,29,Male,51696,2,554,4,19940.21,4985.05,141,8,16,2.1,0.453,4,5.7,4,599,4828.25,0,At Risk,1,3
CUST01476,46,Male,62642,2,317,8,27597.0,3449.62,112,5,13,1.9,0.164,0,9.5,7,1076,11570.63,0,At Risk,1,3
CUST01477,37,Female,49924,1,242,9,34201.46,3800.16,54,5,15,6.5,0.67,2,7.7,0,1242,2767.74,0,Loyal,0,0
CUST01478,43,Male,52102,1,63,7,24484.8,3497.83,59,4,11,5.3,0.593,1,6.2,0,945,7141.57,0,At Risk,1,3
CUST01479,27,Female,224728,1,140,19,90203.93,4747.58,18,4,7,2.5,0.811,0,9.5,7,2802,16751.07,0,VIP,0,1
CUST01480,33,Female,43891,2,53,8,11475.23,1434.4,18,3,11,1.3,0.624,2,8.6,4,915,2000.0,0,At Risk,0,0
CUST01481,47,Male,316391,2,824,7,80481.83,11497.4,108,3,10,4.8,0.587,1,4.9,3,1505,9689.07,0,High Potential,1,2
CUST01482,34,Female,95061,2,73,3,26401.66,8800.55,16,5,14,2.8,0.564,1,7.5,9,564,5440.94,0,At Risk,0,0
CUST01483,59,Male,77283,2,452,4,31436.06,7859.02,4,3,14,0.7,0.452,1,8.9,10,714,2811.81,0,At Risk,1,3
CUST01484,33,Female,97318,2,210,8,36449.88,4556.23,6,6,10,5.1,0.95,1,5.5,6,1164,4345.34,0,At Risk,0,0
CUST01485,41,Female,333686,2,128,18,107474.36,5970.8,43,3,11,6.0,0.926,1,5.7,10,2875,15611.8,0,VIP,0,1
CUST01486,49,Male,40289,1,510,11,37596.81,3417.89,17,2,12,2.3,0.86,3,7.1,2,1476,5037.46,0,Loyal,1,3
CUST01487,21,Male,37337,1,305,11,20483.33,1862.12,8,1,7,8.9,0.58,1,8.6,8,1305,3835.95,1,Loyal,1,3
CUST01488,18,Female,46494,3,256,6,27923.95,4653.99,59,5,8,0.4,0.529,1,9.3,6,879,3060.7,0,At Risk,0,0
CUST01489,20,Male,74555,2,449,14,53601.24,3828.66,23,5,14,3.4,0.469,1,7.3,0,1936,6193.76,0,Loyal,1,1
CUST01490,53,Male,25966,1,338,4,12873.09,3218.27,29,3,11,15.7,0.545,2,6.1,1,529,3874.45,1,At Risk,1,3
CUST01491,31,Male,74117,1,181,11,30663.38,2787.58,6,7,14,1.1,0.491,2,7.4,4,1407,5312.49,0,Loyal,1,3
CUST01492,69,Male,202021,3,409,2,58430.31,29215.15,7,3,18,0.9,0.502,0,5.8,1,784,8814.77,0,At Risk,1,2
CUST01493,31,Female,80085,3,554,8,50203.48,6275.44,5,5,10,2.4,0.244,1,8.0,1,1302,9137.86,0,At Risk,0,0
CUST01494,40,Male,61352,2,30,6,25719.79,4286.63,25,4,14,1.6,0.717,1,6.4,5,857,4573.61,0,At Risk,1,3
CUST01495,57,Male,50468,2,314,6,17348.28,2891.38,52,5,17,1.3,0.821,1,5.2,5,773,2214.48,0,At Risk,1,3
CUST01496,62,Female,125380,2,30,7,40376.91,5768.13,46,3,13,15.0,0.456,4,8.3,9,1104,4617.89,0,At Risk,0,0
CUST01497,63,Male,44556,3,103,3,9357.49,3119.16,11,2,12,2.1,0.828,2,6.3,8,394,2897.95,0,At Risk,1,3
CUST01498,53,Male,221425,3,411,3,63130.77,21043.59,67,1,10,0.3,0.602,1,5.5,5,931,13071.66,0,At Risk,1,2
CUST01499,50,Female,233285,2,1006,9,75163.09,8351.45,4,4,9,11.5,0.849,1,8.0,1,1652,12860.82,0,High Potential,0,2
CUST01500,45,Male,85310,3,1072,4,27120.25,6780.06,4,1,18,3.0,0.23,1,5.4,0,671,2000.0,0,At Risk,1,3
CUST01501,47,Female,72627,3,36,17,48463.38,2850.79,66,4,11,6.7,0.77,2,5.6,5,2185,3071.64,0,At Risk,0,1
CUST01502,31,Female,135726,2,272,1,28589.53,28589.53,10,3,16,2.3,0.759,3,5.9,4,386,3084.01,0,At Risk,0,2
CUST01503,28,Male,141051,2,437,6,34809.55,5801.59,43,6,12,13.7,0.617,2,9.3,10,948,2673.4,0,High Potential,1,3
CUST01504,38,Female,45090,1,80,4,23830.22,5957.56,0,3,6,1.7,0.364,1,7.0,10,638,2000.0,0,At Risk,0,0
CUST01505,36,Male,53320,1,725,15,46919.49,3127.97,3,7,13,5.4,0.687,1,8.2,7,1969,3060.74,0,Loyal,1,1
CUST01506,33,Male,33077,3,682,8,23377.71,2922.21,33,3,10,8.7,0.597,4,8.9,4,1034,4643.13,0,At Risk,1,3
CUST01507,46,Female,93474,2,1168,3,45487.14,15162.38,7,6,20,1.4,0.515,0,7.1,7,755,4664.36,0,At Risk,0,2
CUST01508,49,Female,109095,3,30,11,38067.06,3460.64,1,4,13,8.1,0.807,2,7.6,1,1481,3709.16,0,Loyal,0,0
CUST01509,39,Male,32534,3,122,3,10056.93,3352.31,22,5,16,7.9,0.694,1,8.4,5,401,2000.0,0,At Risk,1,3
CUST01510,56,Female,55652,1,878,10,40266.09,4026.61,14,4,10,16.7,0.1,0,7.6,5,1403,5544.74,0,Loyal,0,0
CUST01511,24,Female,32586,2,555,4,25820.8,6455.2,57,2,10,12.8,0.804,1,7.2,5,658,3739.12,0,At Risk,0,0
CUST01512,36,Female,42647,3,1124,11,41302.18,3754.74,60,2,9,2.5,0.776,3,7.8,6,1513,3620.0,0,Loyal,0,0
CUST01513,29,Female,101784,3,30,3,23520.87,7840.29,33,6,14,4.5,0.527,1,6.9,9,535,5927.52,0,At Risk,0,0
CUST01514,18,Male,47094,3,454,15,39096.89,2606.46,12,6,8,13.0,0.95,2,6.5,1,1891,6597.23,0,At Risk,1,1
CUST01515,37,Male,61053,2,421,17,42236.34,2484.49,22,3,13,0.0,0.528,2,6.9,4,2122,7327.69,0,At Risk,1,1
CUST01516,37,Female,27546,2,30,5,12641.51,2528.3,42,3,10,4.9,0.434,1,6.7,6,626,2000.0,0,At Risk,0,0
CUST01517,56,Male,81813,2,360,6,29628.22,4938.04,3,4,16,1.2,0.478,2,8.7,2,896,7188.1,0,At Risk,1,3
CUST01518,46,Female,71213,3,470,8,37158.74,4644.84,14,4,14,6.7,0.59,0,5.0,4,1172,6570.92,0,At Risk,0,0
CUST01519,26,Male,47222,2,106,7,18318.1,2616.87,60,3,10,8.0,0.652,1,8.5,5,883,3787.99,0,At Risk,1,3
CUST01520,60,Male,65290,3,160,2,26879.41,13439.71,18,5,11,6.2,0.728,0,10.0,9,469,6797.78,0,At Risk,1,3
CUST01521,53,Male,81485,2,511,7,34417.4,4916.77,34,2,6,27.7,0.477,4,7.7,2,1044,2182.3,0,At Risk,1,3
CUST01522,45,Female,44850,3,316,5,14562.45,2912.49,4,4,16,3.3,0.482,1,7.4,7,646,3236.0,0,At Risk,0,0
CUST01523,35,Male,30159,2,976,6,28351.94,4725.32,53,4,8,4.1,0.818,3,6.3,6,884,3169.48,1,At Risk,1,3
CUST01524,26,Female,216067,2,210,10,66250.24,6625.02,4,5,11,2.6,0.559,1,5.1,9,1663,8097.1,0,High Potential,0,2
CUST01525,34,Male,50013,2,155,10,26562.78,2656.28,69,7,10,18.2,0.31,5,7.0,10,1266,5916.11,1,At Risk,1,3
CUST01526,51,Male,69006,2,2000,6,53313.37,8885.56,4,5,13,12.8,0.625,2,7.4,0,1133,10824.6,0,At Risk,1,3
CUST01527,61,Male,134122,2,1210,2,40288.18,20144.09,78,4,10,21.6,0.587,1,4.7,4,603,8431.38,0,At Risk,1,2
CUST01528,57,Female,500000,1,30,3,112007.36,37335.79,16,2,11,21.0,0.602,0,6.3,2,1420,16362.75,0,At Risk,0,2
CUST01529,32,Male,34659,1,736,7,33801.95,4828.85,34,5,16,11.3,0.528,0,6.0,8,1038,5082.02,0,At Risk,1,3
CUST01530,25,Male,95788,2,58,23,66972.03,2911.83,66,5,11,13.4,0.603,0,9.0,3,2970,12502.77,0,Loyal,1,1
CUST01531,40,Male,47833,3,30,14,41998.63,2999.9,0,4,12,0.6,0.566,0,8.1,10,1820,4682.27,0,Loyal,1,1
CUST01532,18,Male,52930,2,160,3,13819.1,4606.37,11,6,13,1.0,0.7,5,7.1,1,438,6098.03,0,At Risk,1,3
CUST01533,42,Female,47471,1,157,15,40458.21,2697.21,84,4,15,10.8,0.894,2,7.9,4,1905,6010.86,1,Loyal,0,1
CUST01534,36,Female,37220,3,856,14,29141.46,2081.53,17,3,8,6.5,0.147,2,7.2,0,1691,4670.29,0,Loyal,0,0
CUST01535,32,Male,71341,2,620,11,25092.14,2281.1,43,2,11,10.4,0.515,1,9.8,0,1351,3428.59,0,Loyal,1,3
CUST01536,19,Female,30191,3,1998,20,53898.35,2694.92,5,6,19,7.3,0.648,3,7.8,6,2539,8279.25,0,Loyal,0,1
CUST01537,44,Female,129067,2,622,14,58944.45,4210.32,40,7,8,0.8,0.714,2,7.3,3,1989,6946.45,0,Loyal,0,1
CUST01538,32,Male,75584,1,271,10,55997.03,5599.7,3,2,12,12.4,0.386,2,6.2,5,1560,8058.0,0,At Risk,1,3
CUST01539,24,Female,94227,2,600,5,44529.72,8905.94,44,3,8,7.4,0.856,1,8.8,3,945,7312.05,0,At Risk,0,0
CUST01540,18,Female,55287,2,2000,12,41015.07,3417.92,14,5,15,4.2,0.808,1,3.2,6,1610,5686.12,0,At Risk,0,1
CUST01541,38,Male,58670,1,619,4,32065.56,8016.39,22,5,12,3.8,0.579,2,5.5,8,721,2000.0,0,At Risk,1,3
CUST01542,59,Male,86902,1,717,19,48290.71,2541.62,6,2,9,4.3,0.586,2,9.9,8,2383,13141.16,0,Loyal,1,1
CUST01543,58,Female,36373,1,1393,14,56612.35,4043.74,35,3,6,2.5,0.693,1,4.4,3,1966,11777.57,0,At Risk,0,1
CUST01544,33,Female,58995,2,60,7,22018.9,3145.56,14,5,12,8.1,0.491,2,6.2,3,920,2000.0,0,At Risk,0,0
CUST01545,31,Male,43662,2,610,4,17089.29,4272.32,17,5,14,12.0,0.431,1,8.3,2,571,2038.95,0,At Risk,1,3
CUST01546,44,Male,42858,2,951,10,43200.6,4320.06,37,7,17,1.5,0.411,2,7.9,2,1432,6382.22,0,Loyal,1,3
CUST01547,26,Male,25000,1,1544,12,34976.57,2914.71,7,5,14,0.2,0.814,0,7.0,4,1550,7378.98,0,At Risk,1,3
CUST01548,42,Female,163341,2,118,13,74268.98,5713.0,67,6,5,1.1,0.733,3,6.6,3,2043,11658.21,1,High Potential,0,1
CUST01549,47,Female,48440,2,351,6,19699.88,3283.31,47,1,12,7.1,0.786,2,5.9,0,797,2000.0,0,At Risk,0,0
CUST01550,53,Female,146976,2,571,5,52999.27,10599.85,30,2,8,10.1,0.533,1,7.9,4,1030,12745.22,0,High Potential,0,2
CUST01551,37,Male,138867,1,142,3,38015.82,12671.94,5,6,15,2.1,0.748,0,6.6,5,680,5619.64,0,At Risk,1,3
CUST01552,36,Female,33806,1,459,10,34537.65,3453.76,41,2,13,0.8,0.495,0,3.9,1,1345,9176.49,0,At Risk,0,0
CUST01553,27,Female,38061,2,149,9,17703.12,1967.01,1,5,9,9.8,0.64,0,5.6,0,1077,2000.0,0,At Risk,0,0
CUST01554,28,Male,339864,1,203,7,74325.18,10617.88,57,4,13,1.2,0.413,2,8.3,4,1443,13560.43,0,High Potential,1,2
CUST01555,35,Male,209097,2,291,15,67821.67,4521.44,13,9,10,1.4,0.755,1,9.6,10,2178,11044.32,0,High Potential,1,1
CUST01556,42,Female,71760,2,377,7,28169.39,4024.2,4,5,13,0.5,0.652,0,7.5,6,982,2986.85,0,At Risk,0,0
CUST01557,49,Female,85342,2,298,12,41162.61,3430.22,6,4,6,12.1,0.489,0,6.4,8,1612,7490.14,0,At Risk,0,0
CUST01558,28,Female,50086,1,340,5,18864.92,3772.98,116,3,12,2.0,0.598,1,7.9,0,689,4193.61,0,At Risk,0,0
CUST01559,56,Female,94789,2,177,8,19579.7,2447.46,52,3,13,0.9,0.42,1,7.1,2,996,5263.67,0,At Risk,0,0
CUST01560,35,Male,47557,2,87,8,20445.3,2555.66,10,5,9,15.4,0.691,1,8.5,5,1004,2211.3,0,At Risk,1,3
CUST01561,38,Female,25000,3,30,10,24056.43,2405.64,116,8,11,2.0,0.849,2,10.0,9,1241,4106.1,0,Loyal,0,0
CUST01562,29,Female,33093,3,109,11,26006.09,2364.19,5,5,11,6.9,0.676,0,6.5,5,1360,5897.06,0,At Risk,0,0
CUST01563,18,Female,74062,2,436,14,41987.35,2999.1,46,5,3,1.3,0.688,0,10.0,6,1820,3143.32,0,Loyal,0,1
CUST01564,49,Female,37100,2,771,9,26850.46,2983.38,37,4,8,6.5,0.945,3,5.9,1,1169,2000.0,0,At Risk,0,0
CUST01565,47,Female,70237,2,93,5,25645.24,5129.05,60,6,7,1.3,0.699,2,4.6,7,756,4003.79,1,At Risk,0,0
CUST01566,35,Male,38377,3,57,7,13124.8,1874.97,17,5,11,5.1,0.595,2,7.2,2,831,2966.31,0,At Risk,1,3
CUST01567,39,Female,45734,1,692,14,38832.99,2773.78,18,1,16,2.9,0.556,1,4.7,1,1788,6093.23,0,At Risk,0,1
CUST01568,44,Male,122015,3,182,5,34039.1,6807.82,34,4,13,8.0,0.666,2,6.6,4,840,6936.71,0,At Risk,1,3
CUST01569,19,Male,84837,2,1513,4,27978.02,6994.51,18,2,13,6.6,0.705,2,5.4,8,680,4197.87,0,At Risk,1,3
CUST01570,32,Male,72708,2,626,10,37555.22,3755.52,1,5,12,13.7,0.7,2,7.1,9,1376,7969.45,0,Loyal,1,3
CUST01571,48,Male,123918,1,198,3,18355.55,6118.52,46,2,8,2.4,0.776,3,7.7,8,484,4484.57,0,At Risk,1,3
CUST01572,23,Female,97574,2,171,4,24602.2,6150.55,36,5,13,7.0,0.249,1,7.0,3,646,2000.0,1,At Risk,0,0
CUST01573,42,Female,174196,2,371,4,51184.91,12796.23,19,7,13,17.3,0.681,1,7.7,2,912,8130.79,0,At Risk,0,2
CUST01574,22,Female,55497,1,41,5,24834.39,4966.88,13,2,9,2.0,0.289,3,7.2,3,748,4546.3,0,At Risk,0,0
CUST01575,44,Female,56513,2,63,12,34639.05,2886.59,14,4,10,1.7,0.478,1,5.5,4,1546,3976.92,0,At Risk,0,0
CUST01576,38,Male,33501,3,97,6,20742.23,3457.04,47,2,16,7.3,0.446,4,6.4,6,807,2000.0,1,At Risk,1,3
CUST01577,19,Female,56535,2,745,8,37758.23,4719.78,46,6,11,2.9,0.948,2,5.8,7,1178,3370.79,0,At Risk,0,0
CUST01578,52,Male,130465,2,361,21,70224.45,3344.02,60,2,15,2.5,0.85,1,7.1,6,2802,8543.78,0,High Potential,1,1
CUST01579,29,Male,159531,1,30,10,62749.05,6274.91,50,5,17,3.9,0.45,2,7.1,1,1627,11866.4,0,High Potential,1,1
CUST01580,28,Female,130116,3,560,6,26930.73,4488.45,50,5,12,13.7,0.873,1,7.9,7,869,3860.53,0,High Potential,0,0
CUST01581,40,Male,25000,3,276,12,35902.81,2991.9,10,3,10,0.4,0.724,1,5.6,9,1559,7950.7,0,At Risk,1,3
CUST01582,52,Male,140069,2,358,14,41478.43,2962.75,4,3,8,3.1,0.766,1,7.5,6,1815,4445.4,0,High Potential,1,1
CUST01583,26,Female,25000,2,120,9,17650.44,1961.16,50,2,12,0.6,0.466,1,6.3,4,1077,2000.0,0,At Risk,0,0
CUST01584,39,Female,125351,2,401,7,49230.72,7032.96,4,4,14,10.8,0.388,2,7.7,5,1192,6435.47,0,At Risk,0,0
CUST01585,43,Male,58649,2,1935,5,42345.99,8469.2,141,5,7,0.7,0.499,1,7.1,3,923,5779.86,0,At Risk,1,3
CUST01586,46,Female,111471,1,38,5,26069.29,5213.86,73,1,16,0.5,0.747,0,8.8,2,761,5448.03,0,At Risk,0,0
CUST01587,40,Female,32877,3,167,8,22584.78,2823.1,27,5,16,16.6,0.749,3,7.2,10,1026,5128.02,0,At Risk,0,0
CUST01588,34,Female,147665,2,139,8,43237.61,5404.7,15,1,10,4.1,0.308,3,3.4,5,1232,8729.38,0,High Potential,0,0
CUST01589,28,Male,30364,2,143,6,25402.35,4233.73,26,8,16,8.7,0.892,0,7.9,3,854,2000.0,0,At Risk,1,3
CUST01590,39,Female,48968,2,238,6,22858.12,3809.69,46,4,11,3.2,0.415,1,5.3,3,829,7694.8,0,At Risk,0,0
CUST01591,25,Female,40181,3,852,7,23071.72,3295.96,49,3,13,2.9,0.356,1,8.5,5,931,2000.0,0,At Risk,0,0
CUST01592,18,Female,25525,1,1220,11,38230.57,3475.51,3,4,11,12.1,0.439,0,6.7,10,1482,6667.13,0,At Risk,0,0
CUST01593,43,Female,77398,2,113,5,31563.91,6312.78,57,3,12,23.0,0.807,2,7.4,2,816,6980.29,1,At Risk,0,0
CUST01594,49,Male,216134,2,391,12,70719.91,5893.33,36,4,14,4.8,0.625,2,9.5,9,1907,11911.88,0,High Potential,1,1
CUST01595,18,Male,362269,2,507,5,97978.31,19595.66,1,7,19,12.5,0.673,1,7.8,9,1480,16405.66,0,High Potential,1,2
CUST01596,26,Male,77520,3,369,5,41498.46,8299.69,13,3,10,9.9,0.79,1,7.5,0,915,8520.81,0,At Risk,1,3
CUST01597,45,Male,142915,1,285,13,40474.68,3113.44,25,6,9,3.9,0.478,1,8.0,10,1705,7723.31,0,High Potential,1,1
CUST01598,63,Female,84058,3,107,13,52393.67,4030.28,7,3,6,14.2,0.401,5,5.7,7,1824,9249.02,0,At Risk,0,1
CUST01599,38,Male,98650,1,335,18,68238.85,3791.05,6,3,12,1.2,0.169,1,9.3,9,2482,8341.37,0,Loyal,1,1
CUST01600,29,Female,59558,1,256,5,27747.31,5549.46,1,2,7,10.8,0.838,6,6.7,6,777,3634.71,0,At Risk,0,0
CUST01601,36,Female,82211,3,794,12,43536.33,3628.03,85,2,7,1.9,0.63,1,7.4,8,1635,4696.32,0,Loyal,0,1
CUST01602,54,Male,100961,2,721,3,20910.99,6970.33,2,4,10,0.2,0.22,2,7.1,10,509,2000.0,0,At Risk,1,3
CUST01603,30,Male,51685,2,72,10,30285.89,3028.59,16,6,11,7.7,0.802,2,5.4,8,1303,2832.45,0,At Risk,1,3
CUST01604,28,Female,69808,1,46,16,41308.07,2581.75,8,3,20,13.3,0.762,2,4.5,0,2013,4537.92,0,At Risk,0,1
CUST01605,32,Female,70611,2,1194,8,28356.43,3544.55,47,4,14,1.2,0.552,0,7.2,0,1084,2753.72,0,At Risk,0,0
CUST01606,27,Male,120071,2,383,5,33229.48,6645.9,43,4,17,3.8,0.668,3,8.9,0,832,6825.15,0,At Risk,1,3
CUST01607,39,Male,38576,3,975,3,21369.79,7123.26,57,2,11,6.9,0.42,0,8.3,4,514,2262.28,0,At Risk,1,3
CUST01608,57,Female,70903,3,30,17,48594.15,2858.48,34,6,11,2.0,0.89,0,9.3,5,2186,9315.44,0,Loyal,0,1
CUST01609,42,Female,230315,2,374,8,59862.51,7482.81,31,5,13,0.8,0.667,3,10.0,3,1399,6099.7,0,High Potential,0,2
CUST01610,35,Male,147036,2,388,12,38008.41,3167.37,18,2,19,2.5,0.703,1,7.3,6,1580,4674.55,0,High Potential,1,3
CUST01611,34,Female,164310,2,986,8,56387.35,7048.42,35,4,16,3.0,0.243,3,6.7,9,1364,7583.89,0,High Potential,0,2
CUST01612,19,Male,74210,2,51,12,30993.26,2582.77,4,6,10,6.8,0.864,1,6.9,5,1510,7378.49,1,At Risk,1,3
CUST01613,49,Male,88663,1,138,2,20715.18,10357.59,40,5,10,1.1,0.279,0,7.4,8,407,4242.15,0,At Risk,1,3
CUST01614,37,Male,133431,2,261,9,31267.29,3474.14,4,6,8,8.4,0.95,0,8.1,0,1213,5770.04,0,High Potential,1,3
CUST01615,36,Male,186494,1,1004,7,59097.43,8442.49,69,9,7,3.5,0.791,0,5.9,8,1291,6886.21,0,High Potential,1,2
CUST01616,75,Male,25000,1,1397,17,50258.72,2956.4,25,5,10,11.7,0.518,1,6.2,7,2203,9688.99,0,At Risk,1,1
CUST01617,42,Female,33214,1,2000,10,37759.91,3775.99,26,3,19,4.2,0.558,2,7.2,4,1378,6300.33,0,Loyal,0,0
CUST01618,29,Male,160439,2,1599,7,61518.71,8788.39,31,3,17,3.0,0.1,3,8.8,5,1315,5810.14,0,High Potential,1,2
CUST01619,33,Male,61937,3,30,6,22312.63,3718.77,52,6,16,1.7,0.358,1,7.3,8,823,5216.21,0,At Risk,1,3
CUST01620,52,Male,48872,2,30,6,6022.87,1003.81,23,6,6,0.6,0.575,2,8.9,8,660,2433.61,0,At Risk,1,3
CUST01621,39,Female,34458,2,80,11,28667.86,2606.17,20,4,14,2.3,0.705,3,7.9,3,1387,4095.49,0,Loyal,0,0
CUST01622,21,Male,52417,1,215,4,14171.55,3542.89,12,5,20,2.7,0.695,1,7.3,9,542,2579.07,0,At Risk,1,3
CUST01623,49,Male,31526,2,886,3,8823.71,2941.24,5,7,10,4.2,0.697,1,7.9,5,388,2000.0,0,At Risk,1,3
CUST01624,30,Female,256442,2,1116,7,83369.68,11909.95,7,3,14,9.8,0.309,1,7.4,10,1534,14451.58,0,High Potential,0,2
CUST01625,60,Female,72153,2,103,10,36855.94,3685.59,0,5,10,3.1,0.608,0,7.2,0,1369,7294.93,0,Loyal,0,0
CUST01626,51,Male,70631,3,483,15,41507.78,2767.19,71,5,14,1.9,0.773,2,9.3,8,1915,4490.42,0,Loyal,1,1
CUST01627,33,Female,104073,1,1247,6,42428.13,7071.36,51,2,10,10.3,0.451,1,9.0,0,1024,7338.73,0,At Risk,0,0
CUST01628,53,Female,130276,1,312,12,54036.52,4503.04,9,3,12,6.6,0.262,0,7.3,1,1740,7240.28,0,High Potential,0,1
CUST01629,39,Female,128996,2,55,5,24226.71,4845.34,0,2,14,1.8,0.332,3,7.1,0,742,2000.0,1,At Risk,0,0
CUST01630,48,Male,139270,3,306,16,52764.16,3297.76,24,6,11,0.9,0.573,2,9.3,4,2128,11312.05,0,High Potential,1,1
CUST01631,44,Female,50086,3,236,8,18561.93,2320.24,19,4,10,1.7,0.855,1,7.2,3,986,2636.35,0,At Risk,0,0
CUST01632,28,Male,61162,3,431,8,35284.77,4410.6,52,10,11,0.7,0.778,0,8.5,3,1153,4027.91,0,At Risk,1,3
CUST01633,30,Female,116009,2,289,2,43955.36,21977.68,18,1,17,11.7,0.879,4,8.7,10,640,4570.65,0,At Risk,0,2
CUST01634,50,Female,53293,3,30,10,34694.12,3469.41,70,3,7,4.7,0.359,2,9.1,1,1347,5189.84,0,Loyal,0,0
CUST01635,34,Male,72907,1,2000,14,58181.03,4155.79,4,5,12,10.0,0.534,0,9.2,1,1982,5213.4,0,Loyal,1,1
CUST01636,33,Female,92898,1,392,6,26156.75,4359.46,16,5,15,8.6,0.459,3,7.4,5,862,4587.84,0,At Risk,0,0
CUST01637,27,Male,117138,3,321,5,43262.42,8652.48,95,4,15,0.8,0.477,1,9.4,8,933,9246.17,0,At Risk,1,3
CUST01638,43,Female,25170,3,1546,10,33007.93,3300.79,0,4,13,2.9,0.112,1,8.7,10,1330,7356.08,0,Loyal,0,0
CUST01639,63,Male,112291,1,85,6,28090.19,4681.7,17,7,11,17.9,0.773,1,6.8,8,881,6045.43,0,At Risk,1,3
CUST01640,25,Male,63562,1,105,9,36803.28,4089.25,11,3,12,1.3,0.53,2,8.4,7,1268,11265.28,0,Loyal,1,3
CUST01641,38,Male,111801,1,825,16,70636.34,4414.77,27,4,12,0.3,0.852,2,9.0,9,2306,11589.82,1,Loyal,1,1
CUST01642,55,Female,116560,1,151,12,54361.62,4530.13,11,2,16,2.1,0.617,4,6.3,8,1744,6752.41,0,At Risk,0,1
CUST01643,37,Male,191904,1,803,11,87468.98,7951.73,71,5,13,3.6,0.86,2,8.0,3,1975,14833.37,0,VIP,1,1
CUST01644,43,Male,164732,3,158,12,53039.96,4420.0,97,7,5,0.3,0.634,1,9.3,2,1730,8396.16,0,High Potential,1,1
CUST01645,25,Male,164053,2,30,4,39780.64,9945.16,66,2,15,2.8,0.717,1,6.6,0,798,6137.31,1,At Risk,1,3
CUST01646,43,Female,173894,3,364,5,43122.35,8624.47,18,2,12,1.5,0.802,1,8.6,5,931,7420.42,0,High Potential,0,0
CUST01647,36,Female,87101,3,110,3,18344.32,6114.77,161,1,9,1.2,0.858,2,5.7,5,483,2132.35,0,At Risk,0,0
CUST01648,50,Male,74556,2,709,9,49452.79,5494.75,46,8,16,1.5,0.415,0,5.4,1,1395,10992.37,1,At Risk,1,3
CUST01649,52,Male,123462,3,512,3,27798.15,9266.05,15,2,16,0.6,0.838,2,7.9,10,578,2000.0,0,At Risk,1,3
CUST01650,69,Male,113465,2,1286,7,43470.33,6210.05,3,3,6,0.4,0.379,3,6.8,0,1135,8315.46,0,At Risk,1,3
CUST01651,45,Male,60752,2,764,11,49362.85,4487.53,38,2,8,4.5,0.545,1,10.0,9,1594,8072.41,0,Loyal,1,1
CUST01652,42,Male,93236,2,100,8,38799.42,4849.93,46,6,12,14.8,0.887,2,5.6,1,1188,6747.9,1,At Risk,1,3
CUST01653,40,Female,71607,2,805,6,24867.55,4144.59,5,6,11,8.2,0.289,5,7.3,2,849,3465.7,0,At Risk,0,0
CUST01654,34,Male,43811,3,513,18,45498.5,2527.69,28,5,4,9.0,0.886,2,6.9,9,2255,9962.3,0,At Risk,1,1
CUST01655,42,Male,158622,3,553,16,54528.93,3408.06,152,4,8,6.6,0.902,1,7.1,1,2145,9748.37,0,High Potential,1,1
CUST01656,34,Male,75593,2,893,9,38363.77,4262.64,14,5,11,15.6,0.777,4,10.0,2,1284,4818.08,0,Loyal,1,3
CUST01657,40,Female,250002,3,426,6,69826.08,11637.68,13,2,10,15.0,0.926,2,6.4,3,1298,12416.9,0,High Potential,0,2
CUST01658,54,Female,27576,1,314,6,20503.97,3417.33,82,9,7,7.5,0.402,1,6.4,4,805,4510.34,0,At Risk,0,0
CUST01659,26,Female,52362,3,506,8,44988.74,5623.59,4,3,12,6.3,0.881,0,9.1,7,1250,5991.39,0,At Risk,0,0
CUST01660,52,Male,74577,2,177,9,39967.73,4440.86,95,3,6,1.8,0.607,3,4.5,5,1300,2406.1,0,At Risk,1,3
CUST01661,54,Male,144702,1,101,9,39475.77,4386.2,53,3,11,0.5,0.435,4,7.7,0,1295,8205.67,0,High Potential,1,3
CUST01662,37,Male,92937,2,479,8,39550.54,4943.82,17,2,10,0.5,0.594,3,5.0,5,1196,4467.14,1,At Risk,1,3
CUST01663,18,Male,88105,2,133,6,30725.67,5120.95,3,1,12,6.7,0.502,0,4.6,1,907,5747.04,1,At Risk,1,3
CUST01664,31,Female,37184,1,42,10,41438.54,4143.85,1,8,9,0.1,0.46,2,7.2,5,1414,9876.14,0,Loyal,0,0
CUST01665,54,Female,36528,3,30,5,13745.32,2749.06,16,2,5,8.5,0.942,1,4.5,5,637,2000.0,0,At Risk,0,0
CUST01666,38,Female,88743,1,469,7,36915.47,5273.64,43,5,17,2.3,0.353,3,5.8,10,1069,8805.53,0,At Risk,0,0
CUST01667,26,Female,32258,3,225,13,34432.13,2648.63,23,1,13,1.1,0.365,4,6.4,0,1644,3079.76,0,At Risk,0,0
CUST01668,32,Male,53150,3,698,12,30317.1,2526.43,47,4,16,2.6,0.676,5,9.1,3,1503,8078.69,0,Loyal,1,3
CUST01669,48,Female,98770,2,235,10,29415.44,2941.54,39,3,17,6.1,0.816,0,7.9,9,1294,8500.12,0,Loyal,0,0
CUST01670,45,Male,40563,2,333,6,20574.45,3429.08,30,3,12,1.6,0.678,1,7.2,2,806,5393.45,1,At Risk,1,3
CUST01671,35,Male,191609,3,261,9,65779.31,7308.81,120,5,13,1.0,0.323,1,9.1,7,1558,10665.59,0,High Potential,1,1
CUST01672,34,Female,152415,2,526,7,39833.45,5690.49,46,5,13,6.7,0.848,3,2.8,3,1098,7424.04,1,High Potential,0,0
CUST01673,33,Male,28485,2,220,1,9029.67,9029.67,86,6,10,10.6,0.192,1,4.9,9,190,2000.0,1,At Risk,1,3
CUST01674,27,Male,41797,2,1659,4,24311.63,6077.91,10,3,10,4.4,0.369,4,5.2,6,643,2000.0,0,At Risk,1,3
CUST01675,57,Male,25000,2,1376,7,13616.32,1945.19,44,1,21,3.7,0.817,3,9.1,2,836,2000.0,0,At Risk,1,3
CUST01676,34,Female,45727,3,942,10,37461.3,3746.13,32,2,12,7.0,0.408,0,8.7,9,1375,10628.14,0,Loyal,0,0
CUST01677,53,Female,115825,1,1265,5,47873.08,9574.62,90,2,16,6.6,0.512,2,7.7,6,979,5421.49,0,At Risk,0,0
CUST01678,56,Male,57049,2,298,6,31099.28,5183.21,25,2,11,0.0,0.375,1,9.7,1,911,7243.91,0,At Risk,1,3
CUST01679,50,Female,96421,2,384,7,43153.62,6164.8,11,5,6,1.7,0.431,3,9.0,4,1132,6665.04,0,At Risk,0,0
CUST01680,33,Male,29337,3,678,9,27281.35,3031.26,17,7,16,13.4,0.774,1,8.6,4,1173,3973.04,0,Loyal,1,3
CUST01681,43,Male,118041,3,596,15,60937.42,4062.49,9,2,10,16.1,0.41,3,6.0,3,2109,12312.24,1,At Risk,1,1
CUST01682,38,Female,52414,2,1107,6,32688.07,5448.01,9,5,10,3.6,0.62,0,8.4,3,927,5592.61,0,At Risk,0,0
CUST01683,27,Female,73666,1,630,7,13261.03,1894.43,22,6,8,4.1,0.533,2,8.9,5,833,5189.89,0,At Risk,0,0
CUST01684,42,Female,69167,1,2000,4,26418.24,6604.56,78,5,12,0.0,0.29,3,9.5,1,664,9887.04,1,At Risk,0,0
CUST01685,24,Male,34101,2,214,10,21292.59,2129.26,7,7,9,5.6,0.67,1,7.9,2,1213,3393.0,0,Loyal,1,3
CUST01686,52,Female,36613,2,895,7,28232.82,4033.26,12,4,15,1.2,0.574,0,6.4,9,982,5508.63,0,At Risk,0,0
CUST01687,32,Female,130702,3,598,1,37480.93,37480.93,67,4,10,0.7,0.273,2,7.2,6,475,7226.86,0,At Risk,0,2
CUST01688,40,Female,92911,2,588,10,48360.06,4836.01,15,4,12,1.8,0.547,1,9.0,10,1484,6941.57,0,Loyal,0,0
CUST01689,41,Male,137315,2,197,6,47983.67,7997.28,115,5,12,5.5,0.819,1,7.9,9,1080,8243.42,0,High Potential,1,3
CUST01690,35,Female,88858,3,770,14,52396.61,3742.62,11,6,17,2.9,0.494,0,6.0,4,1924,10034.94,0,At Risk,0,1
CUST01691,45,Female,79682,2,1153,9,46893.03,5210.34,20,1,17,2.1,0.827,0,7.9,3,1369,8813.84,0,Loyal,0,0
CUST01692,32,Male,25962,2,123,7,31562.31,4508.9,4,10,7,6.5,0.423,2,5.1,8,1016,5106.76,0,At Risk,1,3
CUST01693,48,Male,62179,1,491,15,47895.06,3193.0,170,4,11,8.4,0.46,0,7.7,7,1979,2000.0,0,Loyal,1,1
CUST01694,22,Male,71939,2,249,9,33749.3,3749.92,77,2,14,10.2,0.671,5,10.0,8,1237,2748.06,0,Loyal,1,3
CUST01695,40,Female,236065,3,2000,6,82399.76,13733.29,60,3,9,2.9,0.73,3,8.7,7,1424,15749.38,0,High Potential,0,2
CUST01696,61,Female,110434,2,326,13,56827.48,4371.34,6,3,13,6.3,0.701,2,6.8,1,1868,6575.17,0,At Risk,0,1
CUST01697,26,Female,183806,2,130,4,61069.81,15267.45,122,6,11,10.8,0.511,1,10.0,3,1011,11597.01,0,At Risk,0,2
CUST01698,30,Female,104665,2,241,10,34191.73,3419.17,93,4,11,12.0,0.723,3,6.0,2,1342,2741.14,1,At Risk,0,0
CUST01699,44,Female,47725,3,530,8,16027.4,2003.43,20,2,6,3.4,0.535,0,5.6,9,960,2000.0,1,At Risk,0,0
CUST01700,40,Male,78455,2,40,13,42635.11,3279.62,40,4,13,2.2,0.52,1,6.1,9,1726,7793.59,1,At Risk,1,1
CUST01701,42,Male,84266,2,463,7,23277.58,3325.37,171,4,12,11.5,0.483,1,6.4,0,933,6759.1,0,At Risk,1,3
CUST01702,44,Female,41627,3,1338,12,39472.11,3289.34,18,3,13,1.5,0.407,0,9.5,3,1595,7745.77,0,Loyal,0,0
CUST01703,46,Male,58068,1,950,2,38460.78,19230.39,4,6,9,8.0,0.485,0,7.3,6,585,7280.54,0,At Risk,1,2
CUST01704,51,Male,64637,3,35,9,30728.04,3414.23,71,2,9,12.0,0.828,1,5.9,4,1207,2031.36,0,At Risk,1,3
CUST01705,43,Female,191640,2,2000,10,76276.06,7627.61,23,2,9,6.7,0.272,0,6.1,4,1763,6739.37,0,High Potential,0,2
CUST01706,35,Male,25000,2,600,16,35894.55,2243.41,152,3,12,5.7,0.387,1,9.2,5,1959,4851.4,0,Loyal,1,1
CUST01707,46,Male,150767,2,89,4,53117.41,13279.35,28,4,12,0.3,0.765,0,6.9,9,931,8270.78,0,At Risk,1,2
CUST01708,61,Male,41686,2,30,18,45197.39,2510.97,1,2,12,1.1,0.693,0,6.2,2,2252,6741.01,0,At Risk,1,1
CUST01709,36,Male,32105,2,94,12,25670.48,2139.21,24,3,16,5.5,0.414,4,6.1,1,1457,8583.5,0,At Risk,1,3
CUST01710,26,Female,148444,1,911,12,73382.36,6115.2,44,1,9,7.7,0.871,1,7.7,10,1934,8175.16,0,High Potential,0,1
CUST01711,51,Female,113452,2,30,7,39280.97,5611.57,1,1,7,0.3,0.361,2,6.4,6,1093,5455.75,0,At Risk,0,0
CUST01712,37,Female,155237,1,133,6,42694.22,7115.7,19,3,14,0.1,0.168,0,7.3,8,1027,10454.71,0,High Potential,0,0
CUST01713,18,Male,118234,1,708,13,38370.17,2951.55,6,2,17,1.9,0.492,1,6.9,8,1684,7795.18,0,At Risk,1,1
CUST01714,48,Female,251678,3,441,18,92397.18,5133.18,36,7,15,5.2,0.541,3,7.2,2,2724,11093.95,0,VIP,0,1
CUST01715,32,Female,102256,2,763,13,48391.81,3722.45,110,4,13,3.6,0.559,2,8.3,0,1784,2933.91,0,Loyal,0,1
CUST01716,37,Female,66577,3,686,19,51813.14,2727.01,34,3,11,0.0,0.275,2,5.8,1,2418,6857.18,0,At Risk,0,1
CUST01717,42,Male,89837,1,30,10,35036.73,3503.67,42,5,11,0.8,0.288,1,8.4,7,1350,4152.45,0,Loyal,1,3
CUST01718,40,Female,154212,2,1115,4,35403.24,8850.81,18,4,17,7.0,0.569,3,5.0,4,754,4459.76,0,At Risk,0,0
CUST01719,47,Female,45815,1,129,8,46019.65,5752.46,29,1,10,1.8,0.677,3,8.9,8,1260,12314.37,1,At Risk,0,0
CUST01720,33,Female,49457,3,403,10,26554.45,2655.45,27,6,21,0.6,0.367,2,7.2,2,1266,2379.2,1,Loyal,0,0
CUST01721,44,Female,60756,3,517,1,24647.49,24647.49,50,3,11,0.3,0.766,0,8.7,0,346,3004.53,0,At Risk,0,2
CUST01722,35,Male,25000,1,92,16,33287.51,2080.47,68,4,8,9.5,0.95,0,8.2,10,1933,7699.98,0,Loyal,1,1
CUST01723,47,Female,79447,3,1870,7,23136.9,3305.27,38,5,14,3.2,0.529,2,9.8,2,931,4827.05,0,At Risk,0,0
CUST01724,45,Male,25000,1,335,11,26793.08,2435.73,137,2,18,3.5,0.861,2,7.7,3,1368,7828.03,0,Loyal,1,3
CUST01725,27,Female,75496,2,30,11,37604.73,3418.61,62,5,11,0.3,0.881,3,9.6,5,1476,7776.92,1,Loyal,0,0
CUST01726,51,Male,122906,3,1384,5,42753.81,8550.76,5,5,10,3.4,0.384,0,8.5,0,928,5405.45,0,At Risk,1,3
CUST01727,32,Male,54933,3,441,7,39822.73,5688.96,25,4,15,5.2,0.263,2,5.8,0,1098,7062.01,0,At Risk,1,3
CUST01728,48,Male,200039,3,601,4,70349.66,17587.41,82,4,10,0.7,0.563,2,9.1,10,1103,10698.33,0,At Risk,1,2
CUST01729,42,Female,30446,2,372,5,20974.15,4194.83,101,4,14,11.6,0.881,1,7.8,0,710,2000.0,0,At Risk,0,0
CUST01730,60,Male,149456,1,900,4,50667.46,12666.87,17,6,12,7.6,0.829,3,7.1,5,907,12488.79,0,At Risk,1,2
CUST01731,35,Female,109654,1,30,7,27743.42,3963.35,45,2,13,8.1,0.201,0,7.8,4,977,2989.49,0,At Risk,0,0
CUST01732,34,Female,26118,2,156,3,5000.0,1666.67,18,8,10,3.8,0.606,4,6.4,7,350,2000.0,0,At Risk,0,0
CUST01733,38,Male,371936,3,317,13,102527.17,7886.71,5,4,10,2.0,0.829,4,10.0,7,2325,14090.34,0,VIP,1,2
CUST01734,34,Male,70386,1,40,4,39004.93,9751.23,76,6,8,5.1,0.663,0,7.2,7,790,6755.05,0,At Risk,1,3
CUST01735,48,Male,43196,2,612,3,15410.06,5136.69,94,1,11,1.3,0.826,1,6.2,3,454,3063.86,0,At Risk,1,3
CUST01736,19,Female,31437,2,250,13,42854.02,3296.46,25,4,8,0.7,0.529,0,4.4,3,1729,7438.56,0,At Risk,0,1
CUST01737,25,Female,64087,2,159,11,29392.09,2672.01,1,1,11,3.9,0.585,3,8.9,2,1394,4081.77,0,Loyal,0,0
CUST01738,25,Male,67748,2,30,4,14646.79,3661.7,59,2,12,3.3,0.682,2,8.0,5,546,5011.03,0,At Risk,1,3
CUST01739,49,Male,77776,2,636,6,28997.21,4832.87,23,8,6,0.8,0.681,1,7.6,9,890,3433.32,0,At Risk,1,3
CUST01740,59,Female,61165,3,897,5,25427.38,5085.48,3,4,8,3.8,0.28,0,8.4,7,754,3375.91,0,At Risk,0,0
CUST01741,37,Female,106931,1,251,7,32330.99,4618.71,7,7,13,4.0,0.814,2,8.6,10,1023,2441.4,0,At Risk,0,0
CUST01742,36,Female,57955,3,415,13,51964.86,3997.3,6,7,7,10.3,0.618,3,8.8,6,1820,8519.09,0,Loyal,0,1
CUST01743,39,Female,25000,1,129,7,18699.98,2671.43,41,7,8,7.1,0.375,2,7.1,4,887,6859.6,1,At Risk,0,0
CUST01744,52,Male,66862,1,487,7,29611.41,4230.2,12,4,17,1.2,0.149,0,5.1,3,996,4591.29,0,At Risk,1,3
CUST01745,27,Male,25000,2,30,11,25743.03,2340.28,5,4,15,8.5,0.54,2,6.3,2,1357,7757.88,1,At Risk,1,3
CUST01746,41,Male,90424,3,335,6,40695.3,6782.55,87,5,15,17.4,0.266,0,8.1,2,1007,4151.7,0,At Risk,1,3
CUST01747,50,Male,40636,2,517,8,27674.28,3459.28,110,4,17,6.3,0.538,1,7.1,7,1077,2000.0,0,At Risk,1,3
CUST01748,44,Male,80661,2,1252,10,48203.3,4820.33,5,2,12,7.7,0.892,0,8.9,3,1482,10345.08,0,Loyal,1,3
CUST01749,40,Male,160885,2,240,5,54456.89,10891.38,9,8,14,1.5,0.329,1,9.1,0,1045,8093.35,1,High Potential,1,2
CUST01750,50,Male,41388,1,724,3,11748.9,3916.3,31,4,13,24.1,0.878,0,7.3,4,417,2000.0,0,At Risk,1,3
CUST01751,18,Female,138241,3,455,8,41753.3,5219.16,6,3,17,1.0,0.773,1,6.4,1,1218,6917.03,0,High Potential,0,0
CUST01752,46,Female,56385,3,1309,4,30942.25,7735.56,6,7,16,6.9,0.668,1,6.8,9,709,5649.7,0,At Risk,0,0
CUST01753,30,Female,209382,1,254,11,62234.41,5657.67,14,7,10,2.5,0.417,2,7.6,2,1722,11677.47,0,High Potential,0,1
CUST01754,18,Female,58742,2,192,10,30603.78,3060.38,104,5,21,2.2,0.552,3,7.9,4,1306,4263.81,0,Loyal,0,0
CUST01755,44,Male,44166,3,1091,2,13220.44,6610.22,115,1,14,1.7,0.894,1,9.6,3,332,2000.0,1,At Risk,1,3
CUST01756,54,Female,110453,2,30,4,24836.95,6209.24,65,7,17,2.9,0.519,1,8.0,2,648,3664.08,0,At Risk,0,0
CUST01757,36,Male,56304,2,73,11,41656.56,3786.96,42,3,18,7.8,0.487,2,7.7,1,1517,6450.43,0,Loyal,1,3
CUST01758,49,Female,44140,1,43,5,16119.68,3223.94,45,4,12,14.1,0.361,3,5.0,9,661,5457.18,0,At Risk,0,0
CUST01759,57,Male,54902,2,926,19,50017.05,2632.48,22,2,9,2.7,0.812,1,8.8,7,2400,4753.51,0,Loyal,1,1
CUST01760,54,Female,71199,1,30,12,30887.4,2573.95,26,3,9,5.3,0.367,3,7.3,6,1509,4754.95,0,Loyal,0,0
CUST01761,58,Male,163621,3,989,6,47625.63,7937.61,35,4,17,7.8,0.754,0,4.9,8,1076,7550.41,0,High Potential,1,3
CUST01762,47,Male,25000,2,300,6,10400.59,1733.43,46,5,9,0.5,0.302,3,4.3,0,704,4944.1,1,At Risk,1,3
CUST01763,39,Female,74150,2,30,3,11624.19,3874.73,4,7,16,16.2,0.336,1,6.9,0,416,2000.0,0,At Risk,0,0
CUST01764,19,Male,106398,3,257,7,32431.55,4633.08,9,3,11,1.2,0.908,2,8.6,9,1024,3764.93,0,At Risk,1,3
CUST01765,35,Female,82131,1,103,12,39570.68,3297.56,115,4,10,12.3,0.376,0,5.6,3,1596,7671.99,0,At Risk,0,0
CUST01766,28,Female,160479,2,490,5,53347.45,10669.49,14,2,12,21.6,0.771,1,7.4,3,1033,3519.27,0,High Potential,0,2
CUST01767,64,Female,69940,2,569,16,48060.99,3003.81,11,2,9,0.5,0.51,1,5.1,7,2081,5950.89,0,At Risk,0,1
CUST01768,36,Female,65465,2,334,5,18016.03,3603.21,19,4,18,11.2,0.648,3,6.6,3,680,4372.85,0,At Risk,0,0
CUST01769,39,Female,104339,3,30,10,36863.88,3686.39,12,4,19,5.1,0.679,2,6.2,5,1369,6409.74,0,At Risk,0,0
CUST01770,45,Male,77621,3,534,9,32732.26,3636.92,3,3,17,8.5,0.271,0,6.3,4,1227,5571.8,0,At Risk,1,3
CUST01771,39,Female,57858,1,923,1,16621.25,16621.25,8,4,7,0.6,0.576,1,8.7,9,266,2000.0,0,At Risk,0,0
CUST01772,58,Female,99677,3,637,1,25795.39,25795.39,36,7,5,9.0,0.828,2,7.1,5,358,2000.0,0,At Risk,0,2
CUST01773,31,Female,49438,2,886,7,37680.06,5382.87,9,5,9,4.9,0.804,1,8.4,4,1077,8770.45,0,At Risk,0,0
CUST01774,40,Male,50680,3,112,4,24635.01,6158.75,37,4,12,3.6,0.432,2,8.0,7,646,4042.0,0,At Risk,1,3
CUST01775,29,Female,53274,2,1099,15,60282.77,4018.85,4,4,13,4.1,0.745,1,8.1,2,2103,8671.42,0,Loyal,0,1
CUST01776,22,Female,164694,2,194,3,36043.08,12014.36,1,3,11,6.8,0.567,0,7.0,3,660,4118.59,0,At Risk,0,2
CUST01777,31,Female,25000,2,30,17,27405.74,1612.1,69,4,11,1.8,0.866,1,8.0,2,1974,4592.69,0,Loyal,0,1
CUST01778,38,Male,92722,2,927,17,55461.44,3262.44,50,2,10,14.4,0.426,1,7.4,2,2255,7326.93,0,Loyal,1,1
CUST01779,33,Male,74650,2,1422,4,44331.11,11082.78,38,2,10,1.8,0.284,0,7.0,1,843,8478.87,0,At Risk,1,3
CUST01780,30,Male,26675,1,533,9,9493.91,1054.88,1,3,19,10.5,0.748,2,10.0,5,995,2000.0,0,Loyal,1,3
CUST01781,21,Female,88065,3,132,12,42938.78,3578.23,10,2,12,0.1,0.893,2,7.2,0,1629,8317.9,0,Loyal,0,1
CUST01782,37,Female,97290,2,145,4,27055.74,6763.94,59,7,10,12.4,0.453,0,8.5,2,671,7875.77,0,At Risk,0,0
CUST01783,20,Male,104170,3,314,4,37619.62,9404.91,5,6,10,9.5,0.924,1,7.2,2,776,7174.25,1,At Risk,1,3
CUST01784,47,Male,25000,2,1141,9,34186.42,3798.49,59,6,21,0.7,0.839,1,10.0,0,1242,3257.02,0,Loyal,1,3
CUST01785,39,Male,166015,2,81,7,54724.44,7817.78,31,5,20,6.7,0.198,1,6.1,0,1247,9719.71,0,High Potential,1,3
CUST01786,21,Male,46974,3,874,5,30249.69,6049.94,47,5,10,2.3,0.55,1,8.9,9,802,4104.78,0,At Risk,1,3
CUST01787,34,Female,110408,2,172,15,75084.8,5005.65,36,2,12,3.3,0.921,0,4.9,10,2251,9624.49,0,VIP,0,1
CUST01788,29,Female,114079,3,827,8,60384.98,7548.12,19,4,13,0.4,0.736,4,5.9,10,1404,9106.37,0,At Risk,0,0
CUST01789,42,Male,43217,3,1265,6,37027.34,6171.22,12,3,14,1.2,0.582,1,8.7,9,970,5524.35,0,At Risk,1,3
CUST01790,54,Female,108692,2,279,6,33061.42,5510.24,39,9,12,15.4,0.138,3,8.3,5,931,4477.81,0,At Risk,0,0
CUST01791,18,Male,58029,2,227,10,29577.32,2957.73,58,2,7,2.7,0.408,1,6.0,8,1296,6003.44,0,At Risk,1,3
CUST01792,39,Female,25000,1,810,6,31975.51,5329.25,2,3,15,0.1,0.793,3,6.9,2,920,5872.11,0,At Risk,0,0
CUST01793,36,Male,147362,2,377,9,61138.19,6793.13,17,8,19,3.6,0.632,2,9.1,8,1511,5492.06,0,High Potential,1,1
CUST01794,46,Male,45935,1,577,7,20512.94,2930.42,15,7,17,26.2,0.54,0,9.6,6,905,6447.04,0,At Risk,1,3
CUST01795,41,Male,43796,3,488,6,8342.75,1390.46,29,6,10,2.0,0.832,0,8.1,10,683,4451.69,0,At Risk,1,3
CUST01796,29,Female,57421,2,83,8,13040.61,1630.08,4,6,17,0.8,0.875,3,7.2,2,930,3816.71,0,At Risk,0,0
CUST01797,34,Female,86107,2,931,8,50176.63,6272.08,95,1,10,5.2,0.62,0,9.2,0,1302,9051.72,0,At Risk,0,0
CUST01798,28,Female,70660,2,109,27,75899.56,2811.09,28,4,10,12.6,0.457,1,6.8,4,3459,10570.03,1,VIP,0,1
CUST01799,51,Male,101604,3,1346,9,49461.0,5495.67,90,2,12,9.8,0.376,1,6.9,9,1395,4978.56,0,At Risk,1,3
CUST01800,38,Male,32738,1,144,10,28947.06,2894.71,59,4,16,5.3,0.418,2,6.5,1,1289,5450.77,0,At Risk,1,3
CUST01801,61,Male,46844,1,662,12,51459.56,4288.3,7,4,14,1.0,0.83,3,5.4,1,1715,11183.37,0,At Risk,1,1
CUST01802,37,Female,68214,1,167,12,54059.76,4504.98,5,2,11,7.7,0.59,3,8.4,4,1741,9346.53,0,Loyal,0,1
CUST01803,29,Male,228372,3,191,6,68008.87,11334.81,69,5,8,8.7,0.173,4,7.6,9,1280,13312.3,0,High Potential,1,2
CUST01804,20,Female,68303,3,186,7,28937.39,4133.91,27,4,13,9.5,0.646,3,8.4,4,989,8290.29,0,At Risk,0,0
CUST01805,18,Female,140243,2,689,8,47306.28,5913.29,1,1,13,2.6,0.772,0,8.2,9,1273,7292.61,0,High Potential,0,0
CUST01806,19,Female,74842,3,407,6,28268.35,4711.39,95,2,8,2.6,0.95,3,10.0,6,883,3944.38,0,At Risk,0,0
CUST01807,41,Male,54710,1,1073,28,64820.24,2315.01,22,4,12,0.8,0.393,1,9.3,5,3448,9477.46,0,Loyal,1,1
CUST01808,44,Male,63068,3,184,9,36757.75,4084.19,13,2,11,7.4,0.52,2,7.0,2,1268,5527.39,0,At Risk,1,3
CUST01809,19,Male,66102,1,589,8,32601.88,4075.24,25,2,11,6.7,0.575,0,7.4,2,1126,3805.0,0,At Risk,1,3
CUST01810,49,Female,105050,1,699,8,36546.56,4568.32,61,6,9,0.5,0.556,4,6.9,4,1165,7290.32,0,At Risk,0,0
CUST01811,32,Female,166836,1,82,6,57194.66,9532.44,4,1,19,0.1,0.731,4,7.3,1,1172,11008.06,0,High Potential,0,2
CUST01812,40,Male,90745,2,256,7,39034.55,5576.36,16,2,14,15.2,0.624,1,8.2,2,1090,2527.04,0,At Risk,1,3
CUST01813,57,Male,149081,3,330,12,59096.81,4924.73,13,5,12,0.1,0.827,1,8.5,9,1791,12547.83,0,High Potential,1,1
CUST01814,49,Female,40992,2,220,11,29291.02,2662.82,64,4,8,5.0,0.615,0,9.5,10,1393,3946.02,0,Loyal,0,0
CUST01815,35,Female,57024,3,194,10,35757.45,3575.75,53,5,5,3.0,0.509,1,9.5,0,1358,5302.99,0,Loyal,0,0
CUST01816,27,Male,47355,2,580,14,37470.08,2676.43,18,10,12,7.5,0.948,3,7.5,0,1775,6541.8,0,Loyal,1,1
CUST01817,18,Female,88315,1,122,7,55154.95,7879.28,38,1,14,0.5,0.649,4,6.5,8,1252,6986.55,0,At Risk,0,0
CUST01818,29,Male,58961,2,618,6,46975.21,7829.2,18,1,15,5.7,0.597,1,7.9,2,1070,6079.75,0,At Risk,1,3
CUST01819,35,Male,113308,2,1367,6,40125.73,6687.62,30,6,12,4.8,0.691,1,6.8,4,1001,4520.81,1,At Risk,1,3
CUST01820,26,Female,41831,3,416,4,17656.68,4414.17,166,5,13,9.6,0.907,1,8.6,2,577,3167.37,0,At Risk,0,0
CUST01821,36,Female,75043,2,473,9,29301.23,3255.69,27,5,9,3.7,0.327,3,9.4,9,1193,3879.88,0,Loyal,0,0
CUST01822,39,Female,110428,2,36,16,38374.48,2398.41,157,6,12,6.5,0.408,2,8.4,2,1984,6709.55,0,Loyal,0,1
CUST01823,35,Male,25000,2,999,13,50548.97,3888.38,48,6,11,2.9,0.449,5,7.8,10,1805,5059.12,0,Loyal,1,1
CUST01824,30,Female,261184,2,168,16,86406.69,5400.42,5,5,16,20.7,0.564,0,8.4,8,2464,13551.67,0,VIP,0,1
CUST01825,40,Male,61704,3,477,3,14039.73,4679.91,56,5,10,4.1,0.661,1,7.2,6,440,2000.0,0,At Risk,1,3
CUST01826,43,Male,25000,1,1934,9,23310.88,2590.1,6,4,18,7.0,0.47,7,6.4,9,1133,6423.3,0,At Risk,1,3
CUST01827,25,Female,80407,3,453,4,30292.73,7573.18,27,8,15,0.5,0.645,0,8.1,10,703,6650.53,0,At Risk,0,0
CUST01828,55,Male,74613,2,645,11,44240.97,4021.91,33,2,20,3.1,0.475,0,9.5,0,1542,2783.88,0,Loyal,1,3
CUST01829,37,Female,69624,2,295,12,42566.75,3547.23,78,4,15,0.3,0.56,1,6.8,10,1626,8130.32,0,At Risk,0,0
CUST01830,38,Female,132550,3,31,8,52371.98,6546.5,8,4,17,0.6,0.623,1,7.0,1,1324,2677.98,0,High Potential,0,0
CUST01831,46,Male,114516,2,799,10,56753.98,5675.4,73,4,13,3.5,0.606,0,8.8,6,1568,6264.4,0,Loyal,1,1
CUST01832,41,Male,87442,2,30,6,19978.17,3329.7,95,2,13,2.2,0.911,4,7.4,0,800,5508.17,0,At Risk,1,3
CUST01833,49,Male,95807,1,603,21,54994.07,2618.77,3,2,9,3.1,0.422,2,7.4,0,2650,7727.03,0,Loyal,1,1
CUST01834,41,Male,68692,1,30,8,37549.49,4693.69,76,4,13,3.4,0.701,2,6.5,10,1175,9358.51,0,At Risk,1,3
CUST01835,31,Female,212202,3,991,1,51473.09,51473.09,10,3,15,0.9,0.792,1,8.3,5,615,9342.34,0,At Risk,0,2
CUST01836,42,Female,30106,2,86,3,5000.0,1666.67,3,2,7,2.3,0.61,4,7.3,9,350,2000.0,0,At Risk,0,0
CUST01837,24,Male,79522,3,361,8,23794.12,2974.27,111,6,7,9.9,0.54,0,5.4,1,1038,2541.96,0,At Risk,1,3
CUST01838,39,Male,76040,1,455,19,62061.01,3266.37,17,4,11,9.7,0.903,3,8.4,8,2521,12863.58,0,Loyal,1,1
CUST01839,38,Female,119130,1,306,7,48610.2,6944.31,34,3,9,3.4,0.42,0,8.6,6,1186,7088.53,0,At Risk,0,0
CUST01840,36,Female,44077,1,208,6,23189.11,3864.85,28,4,15,6.9,0.871,2,7.1,6,832,2000.0,0,At Risk,0,0
CUST01841,36,Male,25688,2,315,10,18632.4,1863.24,8,5,10,7.0,0.509,0,8.9,9,1186,2000.0,0,Loyal,1,3
CUST01842,18,Male,80346,3,187,5,27664.85,5532.97,39,5,7,0.2,0.524,1,5.7,4,777,4604.72,0,At Risk,1,3
CUST01843,31,Female,86573,2,288,10,38074.36,3807.44,2,4,15,4.7,0.593,1,6.2,4,1381,4307.56,0,At Risk,0,0
CUST01844,39,Male,178753,2,222,11,57380.47,5216.41,8,3,10,8.2,0.461,0,6.8,2,1674,13336.87,0,High Potential,1,1
CUST01845,40,Male,34125,3,418,5,25319.46,5063.89,101,4,13,4.5,0.349,0,7.6,7,753,2884.54,0,At Risk,1,3
CUST01846,26,Female,146212,3,136,11,49213.5,4473.95,107,3,12,3.9,0.79,2,8.0,10,1592,6200.46,0,High Potential,0,1
CUST01847,53,Female,302685,1,2000,6,97712.44,16285.41,23,4,13,3.8,0.693,0,6.8,9,1577,12498.15,0,High Potential,0,2
CUST01848,28,Female,58299,3,347,11,38076.03,3461.46,6,4,14,3.5,0.884,3,8.5,3,1481,7912.87,0,Loyal,0,0
CUST01849,50,Female,33706,2,108,4,5000.0,1250.0,19,1,11,7.5,0.691,0,6.7,10,450,2000.0,0,At Risk,0,0
CUST01850,43,Female,57286,1,324,7,43742.91,6248.99,73,4,13,5.1,0.562,1,3.9,1,1137,8389.2,0,At Risk,0,0
CUST01851,30,Male,73748,1,1007,4,36091.91,9022.98,3,3,14,1.2,0.691,2,5.5,0,761,8340.66,0,At Risk,1,3
CUST01852,59,Male,102567,2,30,18,42463.45,2359.08,5,6,17,2.8,0.816,1,9.9,3,2225,7645.01,0,Loyal,1,1
CUST01853,24,Male,51285,2,569,17,34939.88,2055.29,79,7,8,3.8,0.862,1,6.4,1,2049,5983.38,1,At Risk,1,1
CUST01854,49,Male,185929,2,397,9,72953.63,8105.96,19,6,14,2.7,0.352,1,6.6,9,1630,8211.96,0,High Potential,1,2
CUST01855,50,Female,37469,1,93,11,30224.54,2747.69,3,3,8,1.4,0.527,2,5.3,5,1402,2184.8,0,At Risk,0,0
CUST01856,30,Female,25757,3,850,2,20556.29,10278.14,5,3,13,0.7,0.682,3,8.4,10,406,2000.0,0,At Risk,0,0
CUST01857,55,Female,142063,3,230,7,48798.12,6971.16,75,2,16,0.6,0.327,1,6.9,10,1188,7443.42,0,High Potential,0,0
CUST01858,35,Female,25000,3,174,4,22790.32,5697.58,24,3,15,1.8,0.936,1,7.4,9,628,8533.08,0,At Risk,0,0
CUST01859,41,Male,64700,2,880,7,42932.66,6133.24,6,6,6,2.6,0.628,2,7.3,10,1129,5531.82,0,At Risk,1,3
CUST01860,41,Male,474781,1,509,6,112301.52,18716.92,79,7,15,5.7,0.262,1,5.0,9,1723,18188.61,0,High Potential,1,2
CUST01861,36,Female,72604,1,1143,13,52539.68,4041.51,65,4,13,21.0,0.915,3,6.7,6,1825,9351.38,0,At Risk,0,1
CUST01862,48,Female,37330,1,497,10,18948.48,1894.85,1,5,18,11.4,0.437,2,9.3,7,1189,4243.9,0,Loyal,0,0
CUST01863,48,Female,70655,2,675,11,32041.6,2912.87,30,5,18,8.4,0.45,0,7.7,0,1420,4720.13,0,Loyal,0,0
CUST01864,18,Female,70935,2,905,5,29421.12,5884.22,10,3,13,8.4,0.49,2,4.7,10,794,3658.34,0,At Risk,0,0
CUST01865,54,Female,80530,3,30,8,18752.65,2344.08,27,8,7,4.5,0.76,1,7.3,8,988,2468.27,0,At Risk,0,0
CUST01866,18,Female,108810,2,748,10,41702.31,4170.23,11,6,12,1.5,0.899,1,6.8,8,1417,7643.22,0,At Risk,0,0
CUST01867,50,Male,39204,2,476,5,5000.0,1000.0,13,3,14,3.2,0.302,1,6.9,3,550,3204.15,0,At Risk,1,3
CUST01868,52,Female,201295,2,36,13,67812.83,5216.37,32,1,16,0.8,0.63,2,6.6,0,1978,9051.91,1,High Potential,0,1
CUST01869,25,Female,84717,2,355,5,43620.3,8724.06,27,2,14,4.2,0.716,2,6.6,7,936,5765.7,1,At Risk,0,0
CUST01870,33,Male,113106,2,43,12,47083.68,3923.64,18,4,9,0.1,0.859,2,7.3,2,1671,6039.1,0,Loyal,1,1
CUST01871,25,Female,50167,1,666,12,38242.16,3186.85,4,3,8,1.1,0.313,0,6.5,0,1582,8439.3,0,At Risk,0,0
CUST01872,35,Male,158234,2,395,13,58499.61,4499.97,122,4,9,6.2,0.734,0,8.8,2,1885,10528.21,1,High Potential,1,1
CUST01873,34,Female,62678,2,1535,10,51883.3,5188.33,7,7,10,1.6,0.519,3,6.5,1,1519,10721.06,0,At Risk,0,0
CUST01874,47,Male,86382,1,101,8,33798.61,4224.83,35,4,14,2.7,0.731,1,5.7,9,1138,4071.56,0,At Risk,1,3
CUST01875,54,Female,41778,3,466,10,22122.6,2212.26,3,5,12,8.9,0.458,3,9.2,6,1221,2852.97,0,Loyal,0,0
CUST01876,55,Male,40209,3,119,9,27354.11,3039.35,41,7,11,0.2,0.641,1,6.8,5,1174,7753.22,1,At Risk,1,3
CUST01877,31,Female,110517,1,476,3,45941.72,15313.91,3,3,9,0.1,0.919,0,7.0,8,759,10185.77,0,At Risk,0,2
CUST01878,35,Male,56041,1,641,7,18639.66,2662.81,9,4,14,1.3,0.779,1,4.8,10,886,2000.0,0,At Risk,1,3
CUST01879,18,Male,43814,3,641,15,34236.06,2282.4,36,6,10,5.8,0.326,4,4.6,1,1842,3327.8,0,At Risk,1,1
CUST01880,28,Female,49716,1,844,7,29453.34,4207.62,12,3,11,1.3,0.88,1,7.5,10,995,5862.0,0,At Risk,0,0
CUST01881,50,Female,111232,2,961,8,43751.3,5468.91,27,4,11,10.0,0.689,2,8.3,7,1238,9350.12,0,At Risk,0,0
CUST01882,57,Male,50140,1,40,16,43512.34,2719.52,5,1,10,2.2,0.762,5,9.4,2,2035,5687.38,0,Loyal,1,1
CUST01883,23,Male,68146,1,210,13,32210.24,2477.71,8,4,12,1.7,0.859,4,7.3,4,1622,5886.23,0,Loyal,1,3
CUST01884,31,Female,73793,3,581,8,31044.4,3880.55,46,3,8,1.3,0.367,1,7.6,10,1110,7211.8,0,At Risk,0,0
CUST01885,38,Female,25000,3,345,5,17680.84,3536.17,1,3,13,4.3,0.667,1,6.7,8,677,2779.18,0,At Risk,0,0
CUST01886,41,Female,30252,1,106,4,15395.49,3848.87,4,4,17,9.7,0.663,2,8.5,8,554,3442.63,0,At Risk,0,0
CUST01887,28,Male,89480,2,402,24,86930.72,3622.11,8,4,13,2.6,0.655,0,7.9,0,3269,15513.43,0,VIP,1,1
CUST01888,43,Female,46994,1,262,5,27698.25,5539.65,1,3,9,1.5,0.932,2,6.5,1,777,4181.77,0,At Risk,0,0
CUST01889,32,Male,137866,1,247,6,30783.36,5130.56,4,2,7,2.7,0.344,1,6.8,5,908,8004.82,0,High Potential,1,3
CUST01890,38,Male,130625,3,830,7,39852.2,5693.17,12,1,19,11.8,0.663,0,5.4,0,1099,5716.91,0,High Potential,1,3
CUST01891,45,Female,112589,2,262,15,42971.14,2864.74,3,6,11,2.0,0.42,4,6.6,1,1930,4419.91,0,At Risk,0,1
CUST01892,38,Female,217916,2,30,9,77293.21,8588.13,70,4,10,5.3,0.743,1,8.0,9,1673,12397.47,0,High Potential,0,2
CUST01893,33,Female,69574,3,30,10,24992.81,2499.28,2,3,10,2.0,0.288,1,8.1,7,1250,3103.78,1,Loyal,0,0
CUST01894,37,Male,107940,3,970,6,47004.21,7834.04,69,3,16,5.6,0.523,1,6.3,5,1070,4650.92,0,At Risk,1,3
CUST01895,37,Male,51501,3,1617,7,40763.21,5823.32,61,3,12,10.6,0.826,0,5.3,9,1108,9974.66,0,At Risk,1,3
CUST01896,34,Male,318514,1,583,21,100811.63,4800.55,4,4,11,4.6,0.251,1,7.1,0,3108,15794.37,0,VIP,1,1
CUST01897,35,Female,240429,1,227,6,62155.93,10359.32,1,1,10,14.7,0.442,1,10.0,2,1222,9451.78,0,High Potential,0,2
CUST01898,57,Male,73654,2,1395,17,55849.85,3285.29,2,7,10,4.6,0.881,1,8.0,5,2258,7892.34,0,Loyal,1,1
CUST01899,45,Male,92222,2,544,15,38989.3,2599.29,31,2,7,18.4,0.532,3,5.7,0,1890,8963.92,1,At Risk,1,1
CUST01900,34,Male,165310,3,930,5,67088.38,13417.68,39,7,17,6.4,0.425,0,7.0,6,1171,13046.63,0,High Potential,1,2
CUST01901,46,Female,66951,2,726,2,25499.34,12749.67,34,7,13,5.3,0.655,2,6.2,5,455,3049.21,0,At Risk,0,0
CUST01902,34,Male,49317,3,238,11,45301.42,4118.31,27,3,12,8.9,0.463,2,8.0,5,1553,7563.3,0,Loyal,1,3
CUST01903,52,Female,123549,1,326,4,54651.01,13662.75,7,5,10,0.1,0.117,2,5.6,9,947,7802.66,0,At Risk,0,2
CUST01904,42,Male,76654,3,103,8,33364.69,4170.59,64,4,10,1.5,0.686,5,8.8,7,1134,6998.04,0,At Risk,1,3
CUST01905,37,Female,81617,2,173,7,34925.86,4989.41,14,2,19,1.2,0.145,0,7.5,0,1049,4885.97,0,At Risk,0,0
CUST01906,43,Male,44331,3,753,4,16673.04,4168.26,150,6,8,0.6,0.512,0,7.4,0,567,2000.0,0,At Risk,1,3
CUST01907,19,Female,26092,1,1122,20,61385.46,3069.27,17,4,15,13.9,0.831,1,5.9,6,2614,7409.34,0,At Risk,0,1
CUST01908,24,Female,84262,2,645,5,32311.15,6462.23,11,3,12,0.7,0.265,3,6.4,10,823,7196.56,0,At Risk,0,0
CUST01909,24,Male,125867,3,313,4,34006.91,8501.73,79,5,8,1.5,0.475,0,4.3,0,740,3552.39,0,At Risk,1,3
CUST01910,40,Female,63864,2,45,3,13670.68,4556.89,29,1,18,2.0,0.438,0,7.5,8,437,4268.78,0,At Risk,0,0
CUST01911,59,Male,173140,2,30,20,74916.97,3745.85,45,5,15,4.9,0.299,1,9.0,9,2749,11870.35,0,High Potential,1,1
CUST01912,65,Female,47937,3,234,10,35394.08,3539.41,18,4,19,7.3,0.785,0,6.3,5,1354,4084.5,0,At Risk,0,0
CUST01913,46,Female,38839,2,312,9,28866.88,3207.43,76,9,13,4.6,0.631,1,7.2,1,1189,4339.37,0,Loyal,0,0
CUST01914,44,Male,70239,2,470,8,37309.9,4663.74,87,2,11,6.9,0.723,0,6.4,5,1173,4418.45,0,At Risk,1,3
CUST01915,18,Male,69595,1,30,9,30025.54,3336.17,20,3,15,2.6,0.844,0,6.3,5,1200,4513.67,0,At Risk,1,3
CUST01916,31,Male,116074,3,2000,16,74374.82,4648.43,10,8,13,27.3,0.581,1,6.0,1,2344,7180.26,0,At Risk,1,1
CUST01917,29,Male,45937,2,226,5,24708.91,4941.78,37,4,12,0.9,0.259,0,8.7,5,747,4093.12,0,At Risk,1,3
CUST01918,31,Male,166185,2,942,7,66417.35,9488.19,108,6,10,2.6,0.652,1,7.3,4,1364,8527.24,0,High Potential,1,2
CUST01919,36,Male,238030,1,383,14,87079.18,6219.94,34,4,11,8.9,0.706,0,5.9,6,2271,13063.53,0,VIP,1,1
CUST01920,32,Male,71433,2,70,8,31911.29,3988.91,108,3,15,1.4,0.809,1,8.3,10,1119,6200.81,0,At Risk,1,3
CUST01921,18,Female,154790,1,799,10,61761.25,6176.12,15,8,13,6.9,0.647,1,5.8,8,1618,10749.58,0,High Potential,0,1
CUST01922,47,Male,38797,1,619,4,11473.83,2868.46,86,3,10,2.3,0.705,0,7.9,8,515,2000.0,0,At Risk,1,3
CUST01923,25,Male,139404,2,375,9,60090.22,6676.69,4,4,14,1.0,0.387,1,7.2,7,1501,7683.11,0,High Potential,1,1
CUST01924,41,Female,137086,1,361,9,47253.31,5250.37,16,4,20,2.6,0.657,1,8.9,2,1373,7626.19,0,High Potential,0,0
CUST01925,63,Male,122769,1,46,8,40777.75,5097.22,24,5,11,7.7,0.717,2,7.7,4,1208,9082.85,0,At Risk,1,3
CUST01926,27,Male,72451,2,533,6,27178.61,4529.77,37,4,17,0.6,0.803,0,8.1,2,872,3556.98,0,At Risk,1,3
CUST01927,18,Male,25000,1,1211,13,31494.0,2422.62,12,7,3,3.6,0.4,4,6.9,6,1615,4195.52,0,At Risk,1,3
CUST01928,35,Female,49760,2,49,7,17398.33,2485.48,90,6,11,6.8,0.46,2,8.1,0,874,2000.0,0,At Risk,0,0
CUST01929,51,Female,50234,1,153,8,18054.21,2256.78,82,6,3,7.0,0.646,2,7.0,0,981,4672.39,0,At Risk,0,0
CUST01930,62,Male,40662,2,1163,12,37933.87,3161.16,56,7,7,2.5,0.638,1,8.0,10,1579,5419.74,0,Loyal,1,3
CUST01931,23,Female,78696,2,167,7,37918.16,5416.88,4,4,10,3.1,0.677,3,8.2,9,1079,4088.38,1,At Risk,0,0
CUST01932,44,Female,56876,3,531,7,29175.82,4167.97,3,7,10,9.7,0.568,1,10.0,10,992,3540.74,0,At Risk,0,0
CUST01933,32,Female,44589,2,383,24,61378.24,2557.43,24,7,15,1.2,0.4,2,3.5,4,3014,10012.31,0,At Risk,0,1
CUST01934,37,Female,38744,1,454,17,46601.8,2741.28,51,5,8,24.5,0.736,3,6.3,4,2166,7760.29,1,At Risk,0,1
CUST01935,70,Female,47605,1,269,11,28835.29,2621.39,5,1,17,2.7,0.479,1,5.2,6,1388,3673.26,1,At Risk,0,0
CUST01936,20,Male,143329,2,178,11,62664.48,5696.77,36,2,15,1.6,0.898,0,6.1,8,1727,10292.43,0,High Potential,1,1
CUST01937,41,Male,49187,3,30,11,38855.1,3532.28,26,9,9,0.0,0.864,4,7.8,6,1489,8215.19,0,Loyal,1,3
CUST01938,44,Male,53693,1,682,9,40037.0,4448.56,45,4,19,0.7,0.397,1,7.6,6,1300,8057.23,0,Loyal,1,3
CUST01939,51,Female,55602,2,685,15,48042.45,3202.83,20,2,7,7.1,0.751,3,9.2,10,1980,7976.49,0,Loyal,0,1
CUST01940,39,Female,89626,1,555,6,32242.96,5373.83,41,1,15,5.2,0.38,1,8.7,10,922,9184.22,0,At Risk,0,0
CUST01941,42,Female,96158,2,516,14,47745.94,3410.42,6,2,8,1.4,0.789,4,7.8,8,1877,10024.72,0,Loyal,0,1
CUST01942,33,Female,25000,2,140,8,20778.33,2597.29,8,3,16,13.1,0.688,2,10.0,7,1008,4117.52,0,At Risk,0,0
CUST01943,41,Male,134993,2,30,9,57161.93,6351.33,82,5,10,9.0,0.39,1,6.7,0,1472,10413.55,0,High Potential,1,3
CUST01944,34,Female,173134,3,827,19,87847.23,4623.54,14,4,6,1.6,0.684,1,9.0,4,2778,14218.72,0,VIP,0,1
CUST01945,45,Female,38944,2,338,11,19529.04,1775.37,148,3,9,2.0,0.825,2,6.4,10,1295,2112.02,0,At Risk,0,0
CUST01946,34,Female,40807,1,183,12,34120.88,2843.41,2,2,14,1.0,0.767,0,5.3,1,1541,8941.74,0,At Risk,0,0
CUST01947,43,Female,55818,2,54,10,10812.5,1081.25,24,4,11,5.1,0.718,0,6.7,9,1108,5606.72,0,At Risk,0,0
CUST01948,38,Female,46462,2,32,3,12350.1,4116.7,14,2,15,6.0,0.346,4,8.8,9,424,5098.09,0,At Risk,0,0
CUST01949,52,Male,83647,2,215,5,23701.25,4740.25,193,3,13,2.5,0.647,2,6.6,2,737,4967.85,1,At Risk,1,3
CUST01950,37,Female,25000,2,817,24,59682.16,2486.76,161,1,15,6.7,0.694,2,7.7,10,2997,10629.66,0,Loyal,0,1
CUST01951,18,Male,37393,2,1255,6,20361.48,3393.58,9,1,15,23.9,0.94,1,6.4,1,804,2835.24,0,At Risk,1,3
CUST01952,53,Female,184152,2,1135,8,51769.22,6471.15,11,2,7,4.7,0.357,1,7.3,9,1318,10043.13,0,High Potential,0,2
CUST01953,27,Female,41901,3,1263,10,33330.34,3333.03,48,2,9,5.2,0.926,2,9.4,3,1333,2970.24,0,Loyal,0,0
CUST01954,30,Male,154208,2,1191,8,57795.05,7224.38,77,4,10,2.3,0.779,1,6.9,0,1378,7867.04,0,High Potential,1,3
CUST01955,31,Female,90509,3,375,8,23397.43,2924.68,38,4,9,0.1,0.593,2,9.3,5,1034,2000.0,0,At Risk,0,0
CUST01956,54,Male,25000,1,124,14,40793.32,2913.81,70,3,12,15.4,0.45,0,5.5,9,1808,7360.87,0,At Risk,1,1
CUST01957,18,Male,107066,2,800,1,30142.73,30142.73,2,3,10,7.4,0.812,0,3.7,9,401,6563.86,0,At Risk,1,2
CUST01958,75,Male,68145,3,120,8,30556.04,3819.5,36,3,18,5.9,0.526,0,5.6,7,1106,8047.16,0,At Risk,1,3
CUST01959,51,Female,55643,2,155,10,40306.1,4030.61,42,1,12,0.2,0.753,2,8.0,6,1403,5903.19,0,Loyal,0,0
CUST01960,41,Female,84709,3,133,4,21035.54,5258.88,7,1,15,7.1,0.56,1,7.1,0,610,4146.69,0,At Risk,0,0
CUST01961,37,Female,97225,3,362,11,55934.05,5084.91,53,2,9,5.5,0.575,4,6.7,9,1659,8241.36,0,At Risk,0,1
CUST01962,41,Male,111810,1,194,9,42395.95,4710.66,101,4,10,4.2,0.721,1,5.0,4,1324,10286.35,0,At Risk,1,3
CUST01963,44,Female,148294,2,84,8,54030.15,6753.77,80,4,15,4.9,0.756,1,5.6,0,1340,8508.92,0,High Potential,0,0
CUST01964,46,Female,93422,1,302,12,48119.03,4009.92,10,4,7,12.5,0.772,2,6.3,8,1681,11441.1,0,At Risk,0,1
CUST01965,45,Male,32036,3,1035,4,28026.89,7006.72,14,5,19,0.0,0.95,1,7.7,9,680,7176.74,0,At Risk,1,3
CUST01966,39,Male,55040,3,423,9,32297.96,3588.66,24,6,10,0.9,0.768,1,8.7,7,1223,6874.24,0,Loyal,1,3
CUST01967,36,Male,427551,1,1053,5,107742.2,21548.44,6,5,15,11.3,0.397,2,6.4,4,1577,14691.92,0,High Potential,1,2
CUST01968,36,Female,112949,1,109,6,52030.95,8671.82,108,2,11,0.0,0.459,5,6.3,9,1120,5949.23,1,At Risk,0,0
CUST01969,36,Female,303026,2,91,9,83435.3,9270.59,6,5,18,11.7,0.597,0,6.0,9,1734,12155.54,1,High Potential,0,2
CUST01970,52,Female,168934,2,429,4,39012.14,9753.04,50,5,14,0.2,0.418,2,9.2,3,790,6487.14,0,At Risk,0,0
CUST01971,45,Male,84549,1,311,3,38240.66,12746.89,15,2,12,7.6,0.824,2,7.1,3,682,4165.39,0,At Risk,1,3
CUST01972,18,Female,87627,2,540,7,33709.04,4815.58,30,6,8,11.1,0.658,1,7.8,10,1037,7610.28,0,At Risk,0,0
CUST01973,46,Male,71543,2,791,9,24485.41,2720.6,2,4,5,4.7,0.896,1,6.9,8,1145,4501.52,0,At Risk,1,3
CUST01974,40,Male,25779,1,696,10,22643.71,2264.37,8,4,13,5.1,0.657,2,5.1,0,1226,5335.28,0,At Risk,1,3
CUST01975,38,Female,73927,3,1426,10,30006.55,3000.65,21,4,10,0.3,0.726,1,7.0,9,1300,8251.82,0,At Risk,0,0
CUST01976,33,Male,151207,3,254,13,52471.24,4036.25,40,3,14,1.2,0.33,2,8.5,2,1825,6487.06,0,High Potential,1,1
CUST01977,51,Female,51032,3,116,9,42416.63,4712.96,53,6,6,11.5,0.893,1,7.0,9,1324,2320.14,0,At Risk,0,0
CUST01978,49,Male,93636,3,400,5,36473.75,7294.75,1,7,14,8.7,0.648,1,7.0,4,865,4591.37,0,At Risk,1,3
CUST01979,29,Female,121900,1,59,15,54249.44,3616.63,6,7,16,0.3,0.524,3,5.2,3,2042,11904.18,1,At Risk,0,1
CUST01980,43,Male,42370,2,170,6,16865.4,2810.9,46,2,15,8.4,0.455,2,9.8,0,769,3399.73,0,At Risk,1,3
CUST01981,26,Female,55783,1,117,17,42699.83,2511.75,59,3,8,2.8,0.831,0,7.4,10,2127,6689.24,0,Loyal,0,1
CUST01982,21,Male,39706,3,253,19,53873.69,2835.46,9,2,8,4.1,0.68,0,9.2,6,2439,7328.27,0,Loyal,1,1
CUST01983,30,Male,44654,3,59,9,11873.88,1319.32,9,3,18,0.6,0.629,1,6.8,7,1019,2388.8,0,At Risk,1,3
CUST01984,48,Female,33774,3,30,8,45585.63,5698.2,3,6,14,2.5,0.828,1,8.5,2,1256,6022.21,1,At Risk,0,0
CUST01985,49,Male,42605,3,535,5,15589.59,3117.92,6,6,10,2.9,0.43,1,7.8,6,656,2046.36,0,At Risk,1,3
CUST01986,44,Female,171386,2,471,9,55677.91,6186.43,0,1,14,5.5,0.631,1,8.4,2,1457,10617.91,0,High Potential,0,1
CUST01987,47,Female,42223,2,616,15,39939.58,2662.64,31,6,8,5.4,0.773,0,10.0,9,1899,11726.89,0,Loyal,0,1
CUST01988,44,Male,78895,2,540,1,21988.33,21988.33,82,4,13,4.0,0.839,3,7.7,1,320,2083.38,0,At Risk,1,2
CUST01989,30,Male,54083,1,61,14,32209.49,2300.68,6,7,13,0.2,0.718,1,7.1,6,1722,4624.47,0,Loyal,1,1
CUST01990,43,Female,148349,1,172,11,60811.18,5528.29,49,2,10,0.9,0.735,1,8.5,5,1708,8534.85,0,High Potential,0,1
CUST01991,48,Female,160604,2,69,12,66614.87,5551.24,30,3,15,0.9,0.797,4,6.3,5,1866,12884.18,0,High Potential,0,1
CUST01992,47,Female,122816,2,926,5,51067.18,10213.44,98,6,10,10.9,0.459,2,6.3,6,1011,9017.28,0,At Risk,0,2
CUST01993,52,Female,87876,2,687,13,48941.4,3764.72,56,5,10,11.6,0.577,0,7.5,8,1789,6907.01,0,Loyal,0,1
CUST01994,46,Female,63663,2,113,7,22791.48,3255.93,67,4,13,8.2,0.291,3,7.5,4,928,2876.58,0,At Risk,0,0
CUST01995,42,Male,35770,2,209,4,15255.03,3813.76,36,3,17,1.0,0.522,1,10.0,1,553,6330.95,0,At Risk,1,3
CUST01996,51,Female,234713,2,1700,9,80743.66,8971.52,58,4,9,9.2,0.817,1,5.8,5,1707,11589.71,0,High Potential,0,2
CUST01997,38,Female,46360,2,451,3,11362.99,3787.66,15,6,5,1.0,0.426,3,7.6,10,414,2344.2,0,At Risk,0,0
CUST01998,27,Male,108900,2,808,7,44444.25,6349.18,8,6,6,4.0,0.95,1,7.7,2,1144,2595.58,0,At Risk,1,3
CUST01999,36,Male,138101,3,154,10,64007.72,6400.77,85,7,12,6.6,0.622,0,5.9,8,1640,10809.6,0,High Potential,1,1
CUST02000,29,Male,52409,2,118,8,25514.99,3189.37,46,4,12,0.3,0.614,1,8.3,6,1055,4353.44,0,At Risk,1,3
CUST02001,30,Male,136326,2,766,18,72519.54,4028.86,3,6,11,4.6,0.445,0,8.5,4,2525,11019.98,0,High Potential,1,1
CUST02002,36,Female,115674,3,579,8,39224.67,4903.08,71,4,7,1.4,0.458,0,7.8,3,1192,6329.8,0,At Risk,0,0
CUST02003,28,Male,206236,3,571,8,71428.0,8928.5,15,4,11,3.4,0.896,1,8.7,3,1514,12548.34,0,High Potential,1,2
CUST02004,34,Male,55182,3,402,2,13695.33,6847.67,12,2,9,2.4,0.462,3,5.2,9,337,2000.0,0,At Risk,1,3
CUST02005,18,Male,33809,2,415,11,27248.85,2477.17,34,2,16,5.8,0.799,0,8.9,4,1372,2307.32,0,Loyal,1,3
CUST02006,41,Female,53998,1,665,2,24941.62,12470.81,29,10,15,3.4,0.706,0,6.1,5,449,8474.13,0,At Risk,0,0
CUST02007,38,Female,82894,2,157,6,22369.62,3728.27,27,2,7,1.8,0.664,0,4.9,6,824,2000.0,0,At Risk,0,0
CUST02008,28,Male,75730,2,218,17,52460.88,3085.93,10,4,13,12.1,0.699,1,7.7,9,2225,6461.38,0,Loyal,1,1
CUST02009,46,Male,57753,3,1026,4,36526.22,9131.56,112,5,9,16.0,0.725,0,4.2,9,765,7767.57,0,At Risk,1,3
CUST02010,49,Female,25000,2,185,12,29881.05,2490.09,105,4,16,8.1,0.786,2,7.6,8,1499,4886.11,0,Loyal,0,0
CUST02011,19,Female,96983,1,395,7,44047.27,6292.47,0,3,14,4.3,0.724,1,8.3,3,1140,7564.03,0,At Risk,0,0
CUST02012,29,Male,238806,1,606,11,66855.38,6077.76,14,5,8,10.8,0.883,3,5.3,5,1769,13317.54,0,High Potential,1,1
CUST02013,29,Male,96621,1,2000,1,42642.2,42642.2,2,3,11,4.6,0.565,3,6.1,6,526,5832.97,0,At Risk,1,2
CUST02014,27,Male,105396,2,286,5,30823.6,6164.72,66,7,17,0.8,0.891,2,8.0,10,808,3954.53,0,At Risk,1,3
CUST02015,48,Male,103101,3,279,12,49599.93,4133.33,76,2,11,0.1,0.694,1,6.2,8,1696,8841.62,0,At Risk,1,1
CUST02016,36,Female,92802,3,924,7,53066.14,7580.88,26,4,5,6.5,0.685,3,5.6,0,1231,8115.49,0,At Risk,0,0
CUST02017,35,Female,127899,3,819,11,30607.84,2782.53,64,7,8,7.0,0.462,0,6.9,7,1406,6920.75,0,At Risk,0,0
CUST02018,18,Female,92709,1,657,5,29683.64,5936.73,43,6,10,13.0,0.524,3,9.0,10,797,4234.59,0,At Risk,0,0
CUST02019,46,Female,60621,2,311,15,24498.3,1633.22,24,2,9,8.7,0.595,2,9.6,5,1745,4826.09,0,Loyal,0,0
CUST02020,23,Male,45361,1,196,11,21497.04,1954.28,16,5,9,5.1,0.583,4,6.0,4,1315,3948.75,0,At Risk,1,3
CUST02021,39,Female,62983,2,469,12,35407.46,2950.62,11,4,6,1.1,0.785,2,8.9,2,1554,5052.88,0,Loyal,0,0
CUST02022,41,Female,88298,3,1045,7,47262.28,6751.75,11,7,19,4.5,0.546,0,9.0,2,1173,4885.71,0,At Risk,0,0
CUST02023,54,Male,60497,2,1076,14,53580.9,3827.21,29,6,13,2.9,0.33,1,10.0,2,1936,7548.62,0,Loyal,1,1
CUST02024,22,Male,88310,3,57,6,36918.62,6153.1,6,6,4,1.3,0.688,0,7.1,2,969,4746.74,0,At Risk,1,3
CUST02025,18,Female,95177,2,280,13,51057.23,3927.48,7,4,12,8.0,0.493,0,9.0,5,1811,10468.24,0,Loyal,0,1
CUST02026,40,Male,120561,1,312,10,36294.7,3629.47,0,4,10,0.8,0.589,0,7.8,5,1363,7469.15,0,Loyal,1,3
CUST02027,60,Male,157894,1,1900,4,63550.53,15887.63,33,6,13,5.0,0.477,4,6.4,3,1036,10689.63,0,At Risk,1,2
CUST02028,53,Female,76635,2,567,3,21370.16,7123.39,181,8,9,4.7,0.897,0,8.2,8,514,3231.17,0,At Risk,0,0
CUST02029,41,Female,33367,3,261,13,36416.0,2801.23,77,1,13,1.8,0.22,4,4.7,8,1664,3578.64,0,At Risk,0,0
CUST02030,32,Male,59453,1,30,7,18575.33,2653.62,43,2,8,2.8,0.237,2,9.0,10,886,4470.12,0,At Risk,1,3
CUST02031,48,Female,75090,3,417,6,29209.17,4868.19,54,4,13,0.6,0.746,1,9.8,4,892,7878.78,0,At Risk,0,0
CUST02032,26,Male,25000,3,51,12,26962.47,2246.87,19,1,8,0.1,0.356,0,8.3,6,1470,2895.63,0,Loyal,1,3
CUST02033,44,Female,168249,2,899,5,55972.71,11194.54,12,1,12,0.1,0.352,1,6.9,4,1060,9278.86,0,High Potential,0,2
CUST02034,44,Female,79652,3,698,10,34394.47,3439.45,16,3,15,1.0,0.512,1,7.0,3,1344,4552.01,0,At Risk,0,0
CUST02035,51,Female,91933,2,309,1,29786.3,29786.3,3,4,11,10.1,0.808,1,9.5,2,398,5147.38,0,At Risk,0,2
CUST02036,71,Male,165929,2,280,7,40842.33,5834.62,35,1,15,3.7,0.557,1,5.5,8,1108,5806.52,0,High Potential,1,3
CUST02037,43,Female,50107,3,1138,2,37333.03,18666.51,7,5,8,0.6,0.861,0,9.0,1,573,7009.84,0,At Risk,0,0
CUST02038,32,Female,103200,3,170,6,28852.35,4808.73,50,3,12,11.8,0.488,1,9.9,7,889,4695.3,0,At Risk,0,0
CUST02039,38,Male,68465,2,143,9,16747.55,1860.84,7,5,10,4.2,0.721,4,8.2,3,1067,2226.85,0,Loyal,1,3
CUST02040,18,Male,65483,2,1400,12,46630.0,3885.83,9,5,14,0.1,0.781,0,8.5,7,1666,4151.55,0,Loyal,1,1
CUST02041,30,Male,46013,1,828,21,51255.02,2440.72,110,5,11,7.2,0.341,1,2.2,1,2613,7960.86,0,At Risk,1,1
CUST02042,33,Male,198662,1,859,7,55834.58,7976.37,4,5,15,3.2,0.579,2,8.9,6,1258,10323.55,0,High Potential,1,2
CUST02043,32,Female,58378,2,109,11,44277.64,4025.24,24,5,10,3.8,0.71,2,7.9,2,1543,7014.48,0,Loyal,0,0
CUST02044,40,Male,111266,3,77,3,36536.25,12178.75,2,3,14,4.7,0.339,3,7.8,10,665,5720.61,0,At Risk,1,3
CUST02045,28,Male,25000,2,30,6,20236.51,3372.75,3,5,14,0.5,0.554,3,7.5,4,802,6598.07,0,At Risk,1,3
CUST02046,51,Female,148448,1,135,8,40497.72,5062.21,35,3,17,14.8,0.896,3,9.3,3,1205,10272.14,0,High Potential,0,0
CUST02047,38,Male,137493,2,744,4,39160.68,9790.17,35,3,12,1.5,0.738,0,9.6,1,792,8527.82,0,At Risk,1,3
CUST02048,38,Female,77533,2,137,3,18666.87,6222.29,8,3,10,4.9,0.535,0,8.1,7,487,4147.48,0,At Risk,0,0
CUST02049,34,Male,63821,2,653,5,13649.57,2729.91,72,3,10,9.7,0.69,0,5.3,7,636,2570.44,0,At Risk,1,3
CUST02050,40,Female,92967,1,145,2,27384.96,13692.48,42,5,7,2.0,0.607,4,8.1,9,474,3000.81,0,At Risk,0,0
CUST02051,48,Female,288738,3,252,11,88090.39,8008.22,13,5,15,4.9,0.635,2,7.5,6,1981,8958.54,0,VIP,0,2
CUST02052,28,Female,25389,1,2000,4,29762.65,7440.66,10,3,12,22.5,0.851,1,9.0,5,698,8326.98,0,At Risk,0,0
CUST02053,30,Male,116917,2,140,11,48464.75,4405.89,49,3,16,9.5,0.653,1,7.6,7,1585,7604.06,0,Loyal,1,3
CUST02054,34,Female,42321,3,236,17,32736.95,1925.7,46,3,12,7.6,0.788,1,8.0,6,2027,12095.98,0,Loyal,0,1
CUST02055,22,Male,72262,2,179,13,33574.83,2582.68,6,4,13,2.9,0.721,1,5.6,8,1636,4023.57,0,At Risk,1,3
CUST02056,28,Male,63024,2,58,12,33398.36,2783.2,15,5,9,3.0,0.879,0,6.7,7,1534,6148.29,1,At Risk,1,3
CUST02057,32,Male,56557,2,337,17,56810.4,3341.79,9,5,7,3.3,0.614,2,5.7,5,2268,10389.98,0,At Risk,1,1
CUST02058,48,Female,72673,2,238,7,39792.14,5684.59,12,6,15,5.9,0.498,1,6.5,5,1098,4831.07,0,At Risk,0,0
CUST02059,41,Male,37031,2,594,4,24230.93,6057.73,12,4,14,0.8,0.593,1,7.8,9,642,3645.66,0,At Risk,1,3
CUST02060,40,Female,135606,2,851,12,74358.4,6196.53,131,2,14,9.9,0.536,1,8.6,10,1944,10486.17,0,High Potential,0,1
CUST02061,48,Male,25000,3,393,9,28921.37,3213.49,49,6,12,0.1,0.635,1,6.7,1,1189,3825.94,0,At Risk,1,3
CUST02062,36,Male,101099,3,30,4,34769.49,8692.37,53,5,12,0.9,0.623,1,8.3,7,748,6412.97,0,At Risk,1,3
CUST02063,43,Female,60119,2,482,9,45123.41,5013.71,11,2,10,3.3,0.8,1,7.3,5,1351,7061.98,0,Loyal,0,0
CUST02064,37,Male,36223,1,30,14,38974.36,2783.88,0,1,9,1.5,0.762,1,6.5,1,1790,2467.99,0,At Risk,1,1
CUST02065,41,Female,82572,1,479,13,58586.93,4506.69,2,6,11,2.3,0.709,1,8.3,10,1886,9619.48,0,Loyal,0,1
CUST02066,31,Male,28734,1,578,10,29170.66,2917.07,28,2,12,2.0,0.576,2,6.4,10,1292,5908.19,0,At Risk,1,3
CUST02067,18,Female,74894,2,110,9,28435.47,3159.5,12,4,16,1.6,0.942,3,8.6,1,1184,4769.02,0,Loyal,0,0
CUST02068,36,Female,31141,1,856,6,23732.54,3955.42,8,3,10,2.4,0.88,2,6.2,1,837,7730.68,0,At Risk,0,0
CUST02069,55,Male,96448,2,1210,4,40000.73,10000.18,2,3,14,3.5,0.313,2,10.0,1,800,7293.34,0,At Risk,1,3
CUST02070,49,Male,41998,3,839,6,19509.93,3251.66,73,4,13,3.2,0.359,1,10.0,2,795,3769.89,0,At Risk,1,3
CUST02071,50,Female,55793,2,182,7,20631.54,2947.36,32,3,16,8.4,0.609,1,5.9,5,906,5260.53,0,At Risk,0,0
CUST02072,53,Female,87236,3,442,13,42742.48,3287.88,4,5,14,1.8,0.722,0,7.1,4,1727,11147.79,0,Loyal,0,1
CUST02073,39,Male,46004,3,1231,15,38185.72,2545.71,51,4,12,1.7,0.775,1,6.6,2,1882,5583.85,0,At Risk,1,1
CUST02074,40,Male,70631,1,193,11,32180.5,2925.5,49,5,9,3.5,0.807,0,6.7,6,1422,7679.98,0,At Risk,1,3
CUST02075,31,Female,29487,3,857,14,44426.21,3173.3,12,10,12,0.2,0.678,1,8.7,3,1844,10699.96,0,Loyal,0,1
CUST02076,34,Female,106780,3,30,12,51683.81,4306.98,7,2,7,0.6,0.837,3,8.2,1,1717,7489.93,0,Loyal,0,1
CUST02077,45,Male,210860,2,30,8,49808.45,6226.06,59,4,8,8.1,0.647,1,6.5,9,1298,5073.25,0,High Potential,1,3
CUST02078,52,Female,390555,1,713,11,113898.12,10354.37,14,4,13,3.4,0.83,3,6.7,0,2239,17537.67,0,VIP,0,2
CUST02079,36,Male,77242,2,717,10,40171.59,4017.16,66,3,13,0.3,0.133,3,8.5,3,1402,9040.96,0,Loyal,1,3
CUST02080,33,Female,117351,3,778,15,67448.9,4496.59,2,6,16,2.9,0.118,0,6.0,7,2174,9248.91,0,At Risk,0,1
CUST02081,38,Male,25125,2,1330,4,21212.36,5303.09,24,5,12,2.5,0.653,0,8.0,1,612,5978.4,0,At Risk,1,3
CUST02082,45,Female,180167,1,63,1,32022.33,32022.33,7,2,13,1.4,0.533,1,6.3,10,420,3850.89,0,At Risk,0,2
CUST02083,21,Female,116511,2,132,3,28195.2,9398.4,39,6,7,2.3,0.598,0,8.5,2,582,4271.1,0,At Risk,0,0
CUST02084,18,Female,54701,2,1170,9,28017.93,3113.1,206,7,4,1.0,0.334,0,6.8,5,1180,4099.88,1,At Risk,0,0
CUST02085,31,Female,153631,2,98,6,27339.07,4556.51,19,8,16,3.0,0.339,1,7.5,2,873,4284.49,0,High Potential,0,0
CUST02086,23,Female,62775,3,573,9,34169.73,3796.64,4,2,9,2.6,0.924,1,6.8,8,1242,3709.82,0,At Risk,0,0
CUST02087,32,Female,55558,2,378,12,41000.43,3416.7,13,4,14,4.7,0.915,4,9.3,9,1610,5962.63,0,Loyal,0,0
CUST02088,36,Male,97266,3,43,6,34042.26,5673.71,78,6,13,14.2,0.755,0,8.7,2,940,2000.0,0,At Risk,1,3
CUST02089,33,Female,38638,3,168,5,8564.14,1712.83,51,5,11,1.0,0.391,1,7.9,2,586,3411.07,0,At Risk,0,0
CUST02090,55,Female,134993,2,367,10,39816.94,3981.69,9,4,10,2.7,0.512,1,8.7,10,1398,6477.4,0,High Potential,0,0
CUST02091,42,Female,38809,1,956,11,37733.65,3430.33,107,7,14,4.1,0.573,3,8.1,6,1477,8702.6,0,Loyal,0,0
CUST02092,42,Male,38947,3,615,15,54072.12,3604.81,34,2,11,4.0,0.814,1,6.5,2,2041,7853.0,0,At Risk,1,1
CUST02093,45,Male,42370,3,486,3,28970.8,9656.93,6,5,12,5.4,0.95,3,6.1,3,590,2000.0,0,At Risk,1,3
CUST02094,24,Male,115347,1,343,6,36568.19,6094.7,30,4,15,1.6,0.621,1,7.6,9,966,6941.91,0,At Risk,1,3
CUST02095,50,Female,50510,2,177,6,25023.87,4170.65,21,3,9,5.0,0.614,2,7.8,3,850,2961.66,0,At Risk,0,0
CUST02096,37,Male,32572,2,63,11,34779.28,3161.75,60,8,13,1.1,0.776,1,7.1,6,1448,7600.22,0,Loyal,1,3
CUST02097,46,Female,50848,3,263,1,13939.75,13939.75,15,3,12,0.7,0.579,2,5.7,8,239,2123.76,0,At Risk,0,0
CUST02098,25,Female,71738,3,30,7,17871.47,2553.07,73,4,13,8.9,0.834,3,7.8,5,879,7274.59,1,At Risk,0,0
CUST02099,19,Female,36005,1,119,9,5000.0,555.56,58,5,15,3.2,0.612,1,8.1,9,950,2000.0,0,Loyal,0,0
CUST02100,48,Female,36643,3,283,8,26181.87,3272.73,39,5,12,2.5,0.261,2,9.5,10,1062,5113.7,0,At Risk,0,0
CUST02101,43,Male,259569,1,271,6,68484.48,11414.08,10,8,11,13.2,0.377,0,7.2,7,1285,11793.09,0,High Potential,1,2
CUST02102,27,Male,43637,3,30,7,8792.82,1256.12,123,6,8,6.2,0.258,1,5.6,6,788,2000.0,0,At Risk,1,3
CUST02103,28,Male,60245,2,445,11,25194.96,2290.45,28,6,12,5.7,0.472,4,7.6,10,1352,2000.0,0,Loyal,1,3
CUST02104,52,Female,58668,2,399,18,46397.69,2577.65,83,4,11,1.1,0.42,3,7.7,3,2264,6661.43,0,Loyal,0,1
CUST02105,24,Male,56794,1,41,5,17448.45,3489.69,9,3,9,1.2,0.898,2,6.6,4,674,2000.0,0,At Risk,1,3
CUST02106,58,Female,106171,1,1434,3,51685.57,17228.52,143,4,12,3.3,0.607,2,6.7,4,817,6668.06,0,At Risk,0,2
CUST02107,27,Male,129170,2,52,8,54587.23,6823.4,59,5,16,5.3,0.761,1,8.8,9,1346,7984.69,0,At Risk,1,3
CUST02108,46,Male,60866,2,965,1,16110.93,16110.93,104,1,12,2.5,0.521,2,7.1,9,261,4868.86,0,At Risk,1,3
CUST02109,34,Male,34826,1,30,22,59537.75,2706.26,8,4,12,0.3,0.724,1,7.3,1,2795,9956.11,0,Loyal,1,1
CUST02110,45,Female,157104,1,1070,9,72256.65,8028.52,20,2,11,5.7,0.22,2,5.9,7,1623,10123.78,0,High Potential,0,2
CUST02111,31,Female,69064,1,30,7,30377.69,4339.67,4,5,13,7.4,0.543,2,7.6,0,1004,4581.58,0,At Risk,0,0
CUST02112,36,Male,206528,3,709,9,59861.07,6651.23,5,5,11,14.4,0.548,2,6.4,5,1499,7739.8,1,High Potential,1,2
CUST02113,38,Female,25000,3,224,6,19048.67,3174.78,12,3,15,2.6,0.709,1,6.3,1,790,5151.6,0,At Risk,0,0
CUST02114,26,Male,82227,1,670,9,22649.09,2516.57,106,7,18,1.5,0.859,0,5.4,5,1126,2000.0,0,At Risk,1,3
CUST02115,47,Female,231229,2,257,5,57222.81,11444.56,39,3,14,13.0,0.285,2,8.2,3,1072,6959.34,0,High Potential,0,2
CUST02116,32,Female,59162,1,37,6,26241.47,4373.58,13,2,9,6.3,0.909,0,6.5,7,862,2000.0,0,At Risk,0,0
CUST02117,35,Male,63876,3,729,12,44572.42,3714.37,108,1,15,0.3,0.4,0,6.2,9,1646,7766.24,0,At Risk,1,1
CUST02118,26,Female,87318,3,37,4,23147.54,5786.89,47,4,15,4.3,0.582,0,7.1,7,631,6933.44,0,At Risk,0,0
CUST02119,18,Male,52298,2,1276,1,24077.19,24077.19,83,5,10,0.1,0.498,1,8.5,5,341,5297.62,1,At Risk,1,2
CUST02120,36,Female,60643,3,30,22,45028.8,2046.76,92,1,16,1.3,0.717,1,8.1,2,2650,8205.51,0,Loyal,0,1
CUST02121,67,Male,59713,3,326,10,45008.74,4500.87,49,4,14,0.4,0.565,2,7.7,1,1450,5874.47,0,Loyal,1,3
CUST02122,47,Female,50189,3,642,8,42160.12,5270.01,10,4,12,1.1,0.859,0,8.9,6,1222,7726.15,0,At Risk,0,0
CUST02123,38,Male,152866,2,250,13,64712.83,4977.91,199,6,12,3.4,0.879,1,8.8,5,1947,7994.25,0,High Potential,1,1
CUST02124,35,Female,96437,2,122,9,36254.27,4028.25,14,1,11,1.8,0.589,1,7.7,8,1263,4645.77,0,Loyal,0,0
CUST02125,38,Female,84997,1,712,7,30404.09,4343.44,39,6,10,0.5,0.846,1,8.1,0,1004,5440.13,0,At Risk,0,0
CUST02126,45,Female,118794,2,767,7,51636.42,7376.63,65,6,14,3.3,0.755,1,8.5,2,1216,7977.12,0,At Risk,0,0
CUST02127,24,Female,62404,2,1280,10,43445.52,4344.55,7,4,9,6.2,0.358,1,8.3,5,1434,10440.3,0,Loyal,0,0
CUST02128,51,Female,45958,1,236,4,11182.87,2795.72,33,5,11,0.3,0.752,0,8.6,4,512,4727.62,0,At Risk,0,0
CUST02129,47,Male,50941,2,353,6,33297.55,5549.59,16,8,11,10.7,0.752,1,6.4,1,933,5472.69,0,At Risk,1,3
CUST02130,47,Male,73209,2,226,15,41330.63,2755.38,10,5,17,5.3,0.461,1,7.0,4,1913,9818.27,0,At Risk,1,1
CUST02131,43,Male,38734,1,149,3,8200.24,2733.41,0,3,10,3.7,0.208,1,8.3,7,382,7404.53,0,At Risk,1,3
CUST02132,38,Female,54168,2,695,16,53851.92,3365.75,72,4,16,2.5,0.551,3,7.9,8,2139,8150.99,0,Loyal,0,1
CUST02133,46,Male,53655,3,207,9,23355.31,2595.03,5,3,14,2.5,0.9,1,9.5,8,1134,5047.86,0,Loyal,1,3
CUST02134,45,Female,261642,3,279,5,69802.56,13960.51,74,3,13,2.0,0.493,1,9.8,5,1198,8011.67,0,High Potential,0,2
CUST02135,34,Female,25000,2,258,9,34032.84,3781.43,32,6,10,0.6,0.465,0,8.8,8,1240,5927.69,0,Loyal,0,0
CUST02136,31,Male,65659,2,624,10,46895.76,4689.58,34,5,10,0.4,0.546,2,4.4,4,1469,5447.88,0,At Risk,1,3
CUST02137,39,Male,205956,2,1249,12,79637.51,6636.46,62,4,21,1.8,0.694,1,8.7,1,1996,7928.43,1,VIP,1,1
CUST02138,57,Male,78677,1,549,14,37523.39,2680.24,25,1,16,5.5,0.1,2,7.4,5,1775,8392.71,0,Loyal,1,1
CUST02139,23,Male,114927,3,319,17,54456.13,3203.3,15,7,13,1.7,0.823,0,6.2,8,2245,8280.02,0,At Risk,1,1
CUST02140,20,Male,77644,1,755,9,58653.04,6517.0,5,1,9,8.4,0.821,2,6.7,8,1487,7471.21,0,At Risk,1,3
CUST02141,40,Male,49001,1,512,9,38659.51,4295.5,30,3,11,2.4,0.51,3,5.7,9,1287,2703.53,0,At Risk,1,3
CUST02142,39,Female,25000,3,31,10,21901.29,2190.13,28,2,7,5.0,0.494,2,9.0,0,1219,2771.5,0,Loyal,0,0
CUST02143,40,Female,82725,1,50,5,17525.92,3505.18,12,3,10,2.8,0.645,2,8.3,2,675,2498.37,1,At Risk,0,0
CUST02144,41,Male,45919,2,30,1,5000.0,5000.0,32,2,11,3.4,0.696,0,4.7,6,150,2000.0,0,At Risk,1,3
CUST02145,35,Male,45243,1,305,4,29315.94,7328.99,20,1,12,1.4,0.558,3,7.7,10,693,2000.0,0,At Risk,1,3
CUST02146,56,Male,54209,1,874,12,50397.91,4199.83,57,5,14,3.6,0.818,2,5.6,2,1704,8754.62,0,At Risk,1,1
CUST02147,19,Female,208338,1,188,6,57831.2,9638.53,29,7,12,0.6,0.644,1,8.8,8,1178,10606.02,0,High Potential,0,2
CUST02148,28,Female,309559,1,242,2,70354.0,35177.0,95,1,8,2.4,0.779,2,5.8,5,904,7946.12,1,At Risk,0,2
CUST02149,37,Male,83310,2,1201,8,51410.8,6426.35,26,2,14,3.0,0.646,1,4.0,1,1314,3988.79,1,At Risk,1,3
CUST02150,18,Male,55334,3,907,6,18396.51,3066.08,76,4,13,6.1,0.615,0,8.0,6,784,5360.35,0,At Risk,1,3
CUST02151,36,Female,36086,2,547,18,60700.04,3372.22,26,6,13,2.6,0.776,1,8.5,6,2407,8878.71,0,Loyal,0,1
CUST02152,58,Female,96870,3,155,7,41055.23,5865.03,29,2,13,5.5,0.714,0,8.7,6,1111,7825.46,1,At Risk,0,0
CUST02153,38,Male,213148,1,62,3,42766.83,14255.61,16,4,16,1.0,0.873,2,7.2,1,728,7332.05,0,At Risk,1,2
CUST02154,41,Female,63044,2,30,12,41997.59,3499.8,18,4,16,0.1,0.258,2,7.5,5,1620,6363.71,1,Loyal,0,0
CUST02155,23,Male,25000,1,57,11,20285.26,1844.11,95,3,10,3.5,0.43,2,8.3,3,1303,6165.04,0,Loyal,1,3
CUST02156,31,Male,109319,2,173,9,30948.66,3438.74,9,3,14,3.2,0.726,0,9.1,1,1209,6932.52,0,Loyal,1,3
CUST02157,33,Female,132090,2,401,13,61930.14,4763.86,5,2,20,5.5,0.945,2,7.2,0,1919,9988.01,0,High Potential,0,1
CUST02158,34,Female,28240,2,33,4,5000.0,1250.0,62,4,18,1.9,0.413,1,6.9,2,450,2321.8,0,At Risk,0,0
CUST02159,53,Male,81299,3,73,1,9580.65,9580.65,30,3,14,0.2,0.847,2,4.0,10,196,2000.0,0,At Risk,1,3
CUST02160,45,Female,95869,2,100,11,45567.8,4142.53,12,1,12,6.4,0.683,1,7.6,5,1556,8155.4,0,Loyal,0,0
CUST02161,25,Male,69992,2,500,3,23967.98,7989.33,20,2,13,14.3,0.618,1,9.5,4,540,7455.36,0,At Risk,1,3
CUST02162,41,Female,45503,3,478,12,43529.12,3627.43,26,1,10,2.5,0.725,1,8.6,8,1635,8915.12,0,Loyal,0,0
CUST02163,44,Female,134533,2,400,11,50196.36,4563.31,31,8,10,4.7,0.706,1,9.0,4,1602,4069.95,1,High Potential,0,1
CUST02164,52,Female,57410,2,144,2,14263.07,7131.54,60,6,16,3.9,0.229,1,8.2,1,343,3724.89,0,At Risk,0,0
CUST02165,57,Female,29998,3,232,10,10161.32,1016.13,18,3,11,4.2,0.767,1,8.0,6,1102,3368.1,1,Loyal,0,0
CUST02166,26,Male,25000,2,51,6,20725.33,3454.22,39,5,15,10.1,0.161,2,6.1,5,807,5734.1,0,At Risk,1,3
CUST02167,28,Female,155828,1,128,12,56766.84,4730.57,63,2,11,6.7,0.87,0,6.6,4,1768,11332.28,0,High Potential,0,1
CUST02168,23,Female,105873,2,1140,9,58117.9,6457.54,65,6,9,7.3,0.329,1,5.6,10,1481,9415.4,0,At Risk,0,0
CUST02169,35,Female,77094,2,1948,12,60226.98,5018.91,10,3,19,0.5,0.204,1,8.5,10,1802,6659.93,0,Loyal,0,1
CUST02170,44,Male,56153,2,522,6,29983.04,4997.17,15,4,14,0.8,0.733,0,9.3,9,900,4910.48,0,At Risk,1,3
CUST02171,50,Female,53242,1,1243,17,46414.45,2730.26,32,2,10,5.4,0.687,3,9.3,4,2164,6243.29,0,Loyal,0,1
CUST02172,37,Female,38352,3,515,18,41631.86,2312.88,76,3,6,3.9,0.473,2,5.9,5,2216,3883.55,0,At Risk,0,1
CUST02173,34,Male,56451,3,30,7,29653.31,4236.19,55,6,9,7.4,0.383,0,7.0,4,997,7559.5,0,At Risk,1,3
CUST02174,40,Female,25000,2,2000,10,39087.05,3908.71,31,4,8,0.5,0.299,0,5.2,4,1391,4920.94,0,At Risk,0,0
CUST02175,28,Male,47022,2,52,10,40107.02,4010.7,144,2,14,4.2,0.474,3,5.8,8,1401,9873.83,0,At Risk,1,3
CUST02176,63,Male,60684,3,574,5,37458.3,7491.66,20,5,13,3.3,0.164,0,5.8,5,875,4950.34,0,At Risk,1,3
CUST02177,19,Female,105443,1,146,10,40360.27,4036.03,65,4,16,9.6,0.52,0,9.6,8,1404,5574.47,0,Loyal,0,0
CUST02178,40,Female,71399,2,249,24,61644.49,2568.52,60,7,14,1.0,0.897,2,7.0,2,3016,10274.53,0,At Risk,0,1
CUST02179,62,Female,117825,2,519,18,56119.33,3117.74,84,6,12,2.1,0.594,1,5.5,6,2361,7958.98,1,At Risk,0,1
CUST02180,38,Male,164305,3,287,12,59223.74,4935.31,154,4,10,0.8,0.347,0,6.3,7,1792,9081.76,0,High Potential,1,1
CUST02181,36,Female,137985,1,144,9,55309.47,6145.5,24,5,10,3.0,0.705,3,9.1,9,1453,7943.67,0,High Potential,0,0
CUST02182,34,Male,96984,3,204,18,51014.04,2834.11,8,2,16,10.7,0.689,1,7.7,0,2310,6722.95,0,Loyal,1,1
CUST02183,36,Male,73653,2,209,16,43739.57,2733.72,22,5,12,5.5,0.423,1,6.0,2,2037,5609.33,1,At Risk,1,1
CUST02184,54,Male,40600,2,1601,6,23191.97,3865.33,67,5,11,6.8,0.571,1,9.4,6,832,2075.66,0,At Risk,1,3
CUST02185,18,Female,114001,2,801,4,34183.23,8545.81,63,3,12,0.5,0.424,0,8.1,2,742,7428.05,0,At Risk,0,0
CUST02186,56,Female,200355,1,307,8,65841.0,8230.12,14,2,9,3.0,0.34,2,6.3,7,1458,10538.11,0,High Potential,0,2
CUST02187,21,Female,89793,3,111,9,34920.43,3880.05,2,5,14,9.1,0.941,3,7.4,4,1249,5907.78,1,Loyal,0,0
CUST02188,35,Female,231042,3,833,8,62681.57,7835.2,25,8,10,9.1,0.618,2,8.9,5,1427,10820.09,0,High Potential,0,2
CUST02189,33,Male,29280,2,86,7,21422.41,3060.34,22,5,7,22.1,0.55,1,6.4,0,914,4344.86,0,At Risk,1,3
CUST02190,45,Female,36589,3,118,8,22983.95,2872.99,3,4,14,3.7,0.432,1,8.2,9,1030,8610.07,0,At Risk,0,0
CUST02191,19,Male,122164,3,228,6,48464.37,8077.39,55,3,10,0.0,0.395,0,7.9,8,1085,8262.73,0,At Risk,1,3
CUST02192,44,Female,85697,2,1062,8,40659.39,5082.42,12,4,10,11.5,0.495,1,6.2,9,1207,2115.78,0,At Risk,0,0
CUST02193,62,Male,160857,2,71,4,35193.46,8798.36,36,4,9,15.6,0.667,2,6.1,6,752,4440.42,0,At Risk,1,3
CUST02194,22,Female,72455,2,65,14,49368.12,3526.29,4,3,12,13.1,0.423,1,4.1,4,1894,5281.36,0,At Risk,0,1
CUST02195,40,Female,43443,2,341,14,29725.98,2123.28,69,1,13,7.4,0.479,2,6.9,9,1697,5666.85,0,At Risk,0,0
CUST02196,30,Female,64334,1,162,6,15836.33,2639.39,47,3,10,1.2,0.737,1,4.7,4,758,2302.49,0,At Risk,0,0
CUST02197,43,Female,29155,2,421,6,12258.33,2043.05,17,4,14,0.7,0.517,0,4.8,3,723,3210.01,0,At Risk,0,0
CUST02198,38,Male,37155,1,300,14,30891.19,2206.51,35,4,16,6.0,0.681,2,4.3,0,1709,3768.02,0,At Risk,1,3
CUST02199,30,Female,131067,3,285,7,28595.32,4085.05,7,5,15,0.8,0.37,4,6.9,0,986,5070.36,0,High Potential,0,0
CUST02200,44,Male,123460,3,59,7,26423.09,3774.73,148,2,15,15.3,0.748,1,8.7,0,964,3338.61,1,At Risk,1,3
CUST02201,60,Female,90926,1,76,12,48458.51,4038.21,56,2,11,3.0,0.432,1,5.7,2,1685,6965.96,0,At Risk,0,1
CUST02202,36,Female,26039,2,860,15,38242.64,2549.51,54,4,12,0.2,0.745,2,9.1,3,1882,6624.39,0,Loyal,0,1
CUST02203,47,Male,58980,2,1085,2,23936.74,11968.37,6,2,11,0.8,0.644,1,9.2,3,439,5224.68,0,At Risk,1,3
CUST02204,22,Female,35066,2,134,8,22733.71,2841.71,1,7,16,1.7,0.163,3,6.0,4,1027,6641.95,0,At Risk,0,0
CUST02205,27,Female,148141,2,60,8,51985.98,6498.25,31,3,13,6.1,0.744,0,4.5,3,1320,9770.79,0,High Potential,0,0
CUST02206,44,Male,51522,2,30,12,26622.69,2218.56,5,1,16,6.7,0.673,3,9.0,4,1466,6549.79,0,Loyal,1,3
CUST02207,56,Female,38122,2,469,18,49018.98,2723.28,53,2,9,1.2,0.384,2,9.3,4,2290,8520.64,0,Loyal,0,1
CUST02208,42,Male,74450,1,628,7,34906.63,4986.66,19,5,6,5.2,0.532,3,7.4,2,1049,5097.37,0,At Risk,1,3
CUST02209,34,Female,49807,1,233,6,15962.01,2660.33,14,3,18,0.2,0.501,2,7.6,5,760,4788.27,0,At Risk,0,0
CUST02210,38,Female,178126,1,569,7,61213.45,8744.78,3,1,17,0.5,0.188,1,7.6,10,1312,12054.03,0,High Potential,0,2
CUST02211,23,Female,47057,3,624,9,32003.21,3555.91,194,5,12,3.8,0.253,2,8.0,3,1220,7383.42,0,Loyal,0,0
CUST02212,45,Female,31586,3,1369,7,22131.04,3161.58,109,1,8,6.1,0.95,1,8.7,0,921,3899.33,0,At Risk,0,0
CUST02213,49,Male,25000,2,34,14,23202.9,1657.35,5,7,7,12.3,0.793,4,6.7,5,1632,3246.41,0,At Risk,1,3
CUST02214,33,Female,71792,2,107,2,24086.58,12043.29,14,4,8,2.9,0.676,4,5.8,7,441,5509.68,0,At Risk,0,0
CUST02215,32,Male,52200,1,35,5,28883.79,5776.76,17,5,16,0.6,0.884,0,6.8,0,789,2000.0,0,At Risk,1,3
CUST02216,41,Female,31028,2,1012,15,44186.84,2945.79,12,7,8,13.2,0.652,1,7.6,2,1942,10050.66,0,Loyal,0,1
CUST02217,33,Female,149274,1,787,8,60647.34,7580.92,95,3,10,2.9,0.484,0,8.3,4,1406,11995.19,0,High Potential,0,2
CUST02218,37,Male,109136,2,427,7,49890.51,7127.22,45,3,13,3.4,0.803,4,8.9,6,1199,7173.02,1,At Risk,1,3
CUST02219,63,Male,71903,3,44,8,28766.59,3595.82,109,2,7,9.6,0.736,0,8.5,10,1088,4079.51,0,At Risk,1,3
CUST02220,35,Female,165810,1,160,2,42671.66,21335.83,73,1,18,4.4,0.678,4,8.0,8,627,11258.67,0,At Risk,0,2
CUST02221,34,Female,108828,3,177,18,63110.21,3506.12,49,3,13,1.8,0.667,2,6.7,9,2431,7182.94,1,At Risk,0,1
CUST02222,30,Male,44636,1,411,18,36332.38,2018.47,42,2,10,3.9,0.481,3,4.7,7,2163,5383.83,0,At Risk,1,1
CUST02223,47,Male,39201,2,149,6,28892.12,4815.35,70,3,13,4.9,0.78,2,8.8,1,889,8350.97,1,At Risk,1,3
CUST02224,36,Male,119466,1,38,3,42892.27,14297.42,40,1,9,11.0,0.815,1,10.0,8,729,5283.7,1,At Risk,1,3
CUST02225,30,Female,92765,2,656,1,21551.6,21551.6,7,5,15,1.3,0.413,2,6.9,1,316,4050.03,0,At Risk,0,2
CUST02226,54,Male,80971,1,178,10,60192.94,6019.29,37,1,13,4.1,0.168,1,9.0,9,1602,9178.2,0,Loyal,1,1
CUST02227,55,Female,44007,2,301,6,29246.54,4874.42,25,2,15,12.7,0.393,0,5.2,5,892,8658.58,0,At Risk,0,0
CUST02228,31,Male,105321,2,68,7,35096.01,5013.72,140,3,13,0.2,0.871,1,6.7,3,1051,4250.17,0,At Risk,1,3
CUST02229,18,Female,46476,2,811,3,5495.92,1831.97,25,3,14,1.1,0.893,2,5.6,9,355,2000.0,0,At Risk,0,0
CUST02230,50,Male,68790,2,417,8,32134.12,4016.76,1,2,14,2.1,0.643,1,9.9,7,1121,6007.87,0,At Risk,1,3
CUST02231,30,Female,174236,3,1159,16,79781.95,4986.37,11,6,10,5.7,0.796,3,6.5,3,2398,10442.89,0,VIP,0,1
CUST02232,47,Male,49193,2,342,7,28619.86,4088.55,87,5,13,9.2,0.462,1,7.6,8,986,5841.11,0,At Risk,1,3
CUST02233,18,Female,28459,1,1419,15,34125.55,2275.04,115,2,14,1.1,0.275,3,7.9,1,1841,6755.52,1,Loyal,0,1
CUST02234,49,Male,38889,2,1112,9,28362.11,3151.35,46,1,6,1.4,0.415,1,10.0,3,1184,2621.01,0,Loyal,1,3
CUST02235,23,Female,132797,3,430,8,52493.29,6561.66,2,5,7,8.7,0.407,0,6.2,6,1325,11507.68,0,High Potential,0,0
CUST02236,47,Female,85207,2,1358,9,50552.61,5616.96,1,6,13,0.8,0.681,1,8.8,1,1406,6652.79,0,Loyal,0,0
CUST02237,38,Male,67689,2,195,11,43790.01,3980.91,23,5,17,1.5,0.899,3,6.2,0,1538,5610.79,1,At Risk,1,3
CUST02238,27,Female,53882,1,228,11,34424.44,3129.49,281,6,5,6.6,0.95,1,7.3,1,1444,6756.78,1,Loyal,0,0
CUST02239,33,Female,97852,2,30,10,39513.78,3951.38,71,4,12,0.9,0.743,0,10.0,1,1395,9693.34,0,Loyal,0,0
CUST02240,46,Male,43938,2,445,12,38917.11,3243.09,95,7,8,8.8,0.731,1,7.7,5,1589,3459.25,0,Loyal,1,3
CUST02241,39,Male,87851,3,640,12,46802.0,3900.17,34,3,14,3.4,0.332,0,8.8,2,1668,6397.99,0,Loyal,1,1
CUST02242,45,Male,47157,3,743,6,14874.66,2479.11,69,3,12,3.0,0.619,2,7.8,6,749,4758.03,0,At Risk,1,3
CUST02243,62,Female,42677,1,81,12,43801.56,3650.13,13,3,12,0.7,0.741,2,7.8,10,1638,6185.06,0,Loyal,0,0
CUST02244,19,Female,49887,2,294,4,27898.07,6974.52,1,4,15,5.7,0.645,0,8.6,3,679,5107.65,0,At Risk,0,0
CUST02245,57,Male,58382,1,97,6,27806.97,4634.5,88,4,12,10.8,0.914,1,6.2,9,878,4033.27,0,At Risk,1,3
CUST02246,39,Female,71019,2,543,11,28819.26,2619.93,9,4,11,5.9,0.7,0,8.0,1,1388,5829.42,0,Loyal,0,0
CUST02247,27,Female,84227,3,86,7,38519.18,5502.74,46,4,12,1.9,0.461,2,5.1,9,1085,3244.43,0,At Risk,0,0
CUST02248,22,Female,25000,2,1173,15,38370.98,2558.07,38,3,7,6.0,0.502,0,6.0,1,1884,6473.82,0,At Risk,0,1
CUST02249,36,Female,45045,2,131,5,26599.68,5319.94,6,4,16,3.6,0.795,4,9.4,10,766,5683.66,0,At Risk,0,0
CUST02250,49,Female,57818,1,172,3,23869.13,7956.38,8,4,5,9.6,0.591,1,6.2,1,539,5816.62,0,At Risk,0,0
CUST02251,36,Female,180419,3,952,12,66186.0,5515.5,14,5,11,3.1,0.203,3,8.7,3,1862,8910.01,0,High Potential,0,1
CUST02252,56,Male,38254,2,307,8,33684.96,4210.62,50,3,13,1.4,0.44,2,1.9,7,1137,7591.07,0,At Risk,1,3
CUST02253,21,Female,80634,2,30,14,33644.54,2403.18,1,4,10,0.5,0.95,2,6.5,9,1736,2000.0,0,At Risk,0,1
CUST02254,38,Female,179336,1,341,6,53433.19,8905.53,18,5,14,1.6,0.95,2,6.7,10,1134,7167.34,0,High Potential,0,2
CUST02255,23,Male,33264,2,44,18,53340.81,2963.38,38,2,14,4.1,0.737,0,6.6,2,2333,12818.84,0,At Risk,1,1
CUST02256,42,Female,92632,3,2000,1,42072.23,42072.23,7,2,11,0.9,0.711,1,7.3,5,521,6604.62,0,At Risk,0,2
CUST02257,49,Female,45190,2,444,8,35197.63,4399.7,4,5,10,0.2,0.453,3,8.0,3,1152,7959.69,0,At Risk,0,0
CUST02258,33,Female,54026,2,148,4,20906.05,5226.51,17,5,9,3.0,0.613,4,6.9,1,609,4006.05,0,At Risk,0,0
CUST02259,18,Male,45168,2,415,6,23883.3,3980.55,12,3,8,2.1,0.537,1,8.1,2,839,7654.33,0,At Risk,1,3
CUST02260,40,Male,47140,3,40,7,13526.26,1932.32,37,6,15,2.7,0.623,1,7.4,3,835,2277.32,0,At Risk,1,3
CUST02261,43,Female,374425,2,804,17,118162.09,6950.71,122,6,9,3.0,0.596,3,9.3,10,2882,17334.93,0,VIP,0,1
CUST02262,43,Female,121379,1,1297,14,67671.92,4833.71,0,4,8,7.3,0.606,2,9.8,10,2077,12555.58,0,Loyal,0,1
CUST02263,53,Male,141640,2,1038,4,37908.81,9477.2,81,5,16,16.2,0.24,3,8.1,8,779,9032.35,0,At Risk,1,3
CUST02264,25,Female,98243,2,209,8,29982.4,3747.8,20,2,8,1.5,0.504,1,9.1,10,1100,2000.0,0,At Risk,0,0
CUST02265,46,Female,27896,3,197,5,20068.13,4013.63,38,3,8,14.3,0.526,0,7.6,4,701,4598.92,0,At Risk,0,0
CUST02266,52,Male,92686,3,30,7,39844.63,5692.09,67,5,15,1.3,0.461,0,9.1,6,1098,4667.39,0,At Risk,1,3
CUST02267,18,Male,139213,2,527,9,67162.77,7462.53,30,2,12,7.0,0.346,1,7.7,0,1572,9839.57,0,High Potential,1,1
CUST02268,42,Male,43825,1,383,9,26710.08,2967.79,4,6,14,5.7,0.485,1,7.2,0,1167,3896.96,0,Loyal,1,3
CUST02269,32,Female,130509,3,307,5,38195.24,7639.05,5,4,11,0.3,0.832,2,4.5,5,882,2000.0,0,High Potential,0,0
CUST02270,37,Male,111592,2,1191,16,69530.72,4345.67,55,5,16,6.5,0.428,2,8.0,6,2295,12382.58,0,Loyal,1,1
CUST02271,42,Male,222176,2,92,6,64978.48,10829.75,9,3,12,11.6,0.741,2,8.0,0,1250,7095.54,0,High Potential,1,2
CUST02272,32,Male,56916,2,30,7,23295.5,3327.93,29,7,13,13.3,0.448,3,5.8,3,933,3655.79,1,At Risk,1,3
CUST02273,30,Male,37852,2,38,8,22805.31,2850.66,20,3,10,5.8,0.1,2,6.6,5,1028,3628.93,0,At Risk,1,3
CUST02274,38,Male,58866,1,126,4,16135.67,4033.92,13,2,14,7.7,0.631,2,5.2,1,561,2000.0,0,At Risk,1,3
CUST02275,25,Male,173051,3,30,14,54262.77,3875.91,54,2,17,0.4,0.927,3,8.6,8,1943,9558.35,0,High Potential,1,1
CUST02276,25,Female,25000,3,349,7,19814.32,2830.62,46,4,11,0.9,0.546,3,6.5,9,898,2649.79,0,At Risk,0,0
CUST02277,46,Female,25000,2,189,11,38989.19,3544.47,36,4,12,1.5,0.656,2,8.6,1,1490,4812.34,1,Loyal,0,0
CUST02278,24,Male,77160,2,100,9,28222.81,3135.87,16,1,13,3.8,0.512,4,6.8,9,1182,2000.0,1,At Risk,1,3
CUST02279,46,Male,56075,1,693,20,42402.94,2120.15,9,4,14,2.4,0.672,2,6.2,4,2424,5099.15,0,At Risk,1,1
CUST02280,44,Female,73470,1,114,6,19848.7,3308.12,25,3,10,5.4,0.66,2,9.1,0,798,5075.19,0,At Risk,0,0
CUST02281,18,Male,128951,2,582,5,46276.07,9255.21,59,4,11,3.0,0.69,1,6.6,5,963,2949.05,0,At Risk,1,3
CUST02282,30,Male,52494,2,215,9,32897.65,3655.29,30,5,11,7.5,0.469,1,9.0,10,1229,8836.29,0,Loyal,1,3
CUST02283,52,Male,25000,3,359,3,23934.22,7978.07,123,8,10,6.3,0.863,2,6.4,2,539,3508.23,0,At Risk,1,3
CUST02284,26,Male,249369,3,1358,3,79618.05,26539.35,1,1,10,6.9,0.49,2,7.3,5,1096,9882.53,0,At Risk,1,2
CUST02285,32,Female,40202,2,30,11,31265.0,2842.27,224,4,21,8.8,0.45,4,9.4,8,1413,6206.75,1,Loyal,0,0
CUST02286,44,Male,38738,2,347,5,25501.5,5100.3,41,3,13,9.0,0.359,1,7.9,10,755,3495.31,0,At Risk,1,3
CUST02287,47,Female,141808,1,964,4,40110.96,10027.74,63,1,12,7.6,0.455,0,8.8,7,801,8661.58,0,At Risk,0,0
CUST02288,35,Male,58064,3,443,15,48834.92,3255.66,14,5,11,0.3,0.395,0,10.0,1,1988,5646.2,0,Loyal,1,1
CUST02289,31,Male,70401,2,162,11,35714.33,3246.76,25,5,17,4.9,0.944,2,7.3,8,1457,3679.63,1,Loyal,1,3
CUST02290,55,Female,97702,1,253,9,46528.03,5169.78,56,3,16,0.1,0.763,0,8.9,0,1365,8955.28,0,Loyal,0,0
CUST02291,59,Male,140105,2,570,1,40533.72,40533.72,50,1,10,6.8,0.339,2,7.5,2,505,8691.24,0,At Risk,1,2
CUST02292,50,Female,59870,3,1107,12,39843.18,3320.27,14,7,16,0.3,0.682,1,7.7,9,1598,6674.71,1,Loyal,0,0
CUST02293,39,Male,182038,3,30,4,38684.96,9671.24,14,7,14,20.4,0.69,3,6.9,9,787,6486.74,0,At Risk,1,3
CUST02294,28,Female,25000,1,37,1,5000.0,5000.0,38,5,11,4.8,0.873,1,7.7,3,150,2000.0,0,At Risk,0,0
CUST02295,28,Male,115367,3,197,8,42830.29,5353.79,95,8,15,1.0,0.569,0,5.9,4,1228,5317.49,0,At Risk,1,3
CUST02296,44,Female,44191,2,132,6,15053.58,2508.93,20,5,13,3.2,0.85,1,9.3,6,751,2000.0,1,At Risk,0,0
CUST02297,43,Male,166602,1,154,8,51060.67,6382.58,15,4,14,8.8,0.446,0,10.0,2,1311,11161.09,0,High Potential,1,3
CUST02298,55,Female,79636,3,125,11,47021.75,4274.7,79,6,19,1.0,0.639,1,7.9,5,1570,9954.67,1,Loyal,0,0
CUST02299,46,Male,48838,3,109,13,44415.26,3416.56,40,5,17,3.8,0.413,1,6.8,7,1744,7790.72,0,At Risk,1,1
CUST02300,20,Female,108848,2,70,7,40931.79,5847.4,17,3,16,0.0,0.71,2,10.0,10,1109,10721.7,0,At Risk,0,0
CUST02301,51,Male,124981,2,1359,12,70871.58,5905.96,2,2,4,7.8,0.307,3,7.0,4,1909,11645.39,0,Loyal,1,1
CUST02302,26,Female,107488,3,78,1,15947.29,15947.29,45,5,2,1.1,0.271,1,6.9,0,259,5273.68,0,At Risk,0,0
CUST02303,33,Male,39426,3,114,6,30768.66,5128.11,15,3,17,2.4,0.543,0,7.9,4,908,4638.59,0,At Risk,1,3
CUST02304,41,Male,54698,3,141,6,13085.85,2180.97,3,4,10,3.8,0.767,0,6.9,2,731,2277.07,0,At Risk,1,3
CUST02305,62,Female,72952,2,1352,12,48542.86,4045.24,33,5,13,0.8,0.716,1,9.4,3,1685,7315.58,0,Loyal,0,1
CUST02306,75,Male,71342,3,705,16,43629.94,2726.87,14,3,15,13.1,0.721,0,5.0,9,2036,4600.87,0,At Risk,1,1
CUST02307,45,Male,114674,3,780,3,42776.22,14258.74,14,5,17,3.2,0.27,2,7.9,6,728,5821.13,0,At Risk,1,2
CUST02308,36,Female,25000,1,55,12,15015.36,1251.28,23,5,12,1.3,0.643,2,9.8,2,1350,4329.89,0,Loyal,0,0
CUST02309,44,Female,89375,3,905,10,30782.69,3078.27,44,4,16,6.6,0.494,0,3.9,0,1308,3356.38,0,At Risk,0,0
CUST02310,49,Male,61452,2,262,11,30182.1,2743.83,11,4,13,11.2,0.851,1,9.9,7,1402,6363.26,0,Loyal,1,3
CUST02311,34,Female,44219,2,152,5,14146.17,2829.23,3,2,12,12.2,0.794,0,7.9,3,641,2000.0,0,At Risk,0,0
CUST02312,60,Female,46841,2,429,10,27167.19,2716.72,19,4,20,2.8,0.611,1,10.0,2,1272,3265.17,0,Loyal,0,0
CUST02313,41,Male,64298,1,863,4,22853.75,5713.44,2,4,13,2.2,0.876,1,10.0,5,629,4807.75,0,At Risk,1,3
CUST02314,44,Female,25000,2,754,11,36830.52,3348.23,42,1,18,13.2,0.8,1,5.4,9,1468,2000.0,0,At Risk,0,0
CUST02315,46,Female,48013,3,1104,16,47514.0,2969.62,112,3,11,0.3,0.76,0,10.0,3,2075,9604.74,0,Loyal,0,1
CUST02316,43,Female,43240,1,1316,1,34237.15,34237.15,38,3,11,6.9,0.583,1,5.9,6,442,7188.15,0,At Risk,0,2
CUST02317,48,Male,100677,2,136,8,39483.74,4935.47,11,4,9,1.0,0.376,1,8.2,10,1195,7926.59,0,At Risk,1,3
CUST02318,31,Female,45102,3,276,6,29986.19,4997.7,7,3,11,3.1,0.667,1,3.9,6,900,5990.5,0,At Risk,0,0
CUST02319,31,Male,64275,2,30,5,28019.19,5603.84,9,5,15,15.4,0.82,0,8.6,2,780,4570.52,0,At Risk,1,3
CUST02320,25,Male,184493,2,1057,18,74260.93,4125.61,9,1,11,4.4,0.859,1,8.3,1,2543,11490.87,0,High Potential,1,1
CUST02321,43,Male,132802,2,84,4,32921.55,8230.39,13,10,10,3.7,0.666,1,10.0,3,729,6404.18,0,At Risk,1,3
CUST02322,47,Female,125663,2,988,8,57905.98,7238.25,4,3,11,0.3,0.666,2,8.5,9,1379,5929.85,0,At Risk,0,0
CUST02323,43,Female,54181,2,200,10,17308.93,1730.89,79,8,14,1.6,0.674,2,5.7,5,1173,3303.15,0,At Risk,0,0
CUST02324,58,Female,101298,3,230,16,56815.12,3550.95,76,2,12,0.0,0.878,0,8.7,10,2168,7842.32,0,Loyal,0,1
CUST02325,38,Female,63555,2,30,10,30796.1,3079.61,33,2,19,10.4,0.814,0,6.7,9,1308,8608.84,0,At Risk,0,0
CUST02326,46,Male,65013,3,198,5,18927.09,3785.42,2,5,18,5.2,0.418,1,10.0,2,689,3368.42,0,At Risk,1,3
CUST02327,25,Male,93509,2,1096,8,41611.7,5201.46,57,3,16,0.6,0.654,0,8.2,8,1216,6265.41,0,At Risk,1,3
CUST02328,33,Male,51113,2,30,12,46047.78,3837.31,2,7,5,2.3,0.604,2,7.0,9,1660,4615.82,0,Loyal,1,1
CUST02329,46,Male,179118,2,261,14,52901.55,3778.68,4,2,12,8.3,0.947,3,9.2,6,1929,7455.92,0,High Potential,1,1
CUST02330,48,Female,66431,3,30,19,39305.39,2068.7,14,6,13,0.8,0.458,2,7.6,5,2293,2000.0,0,Loyal,0,1
CUST02331,34,Female,105981,2,232,21,47465.67,2260.27,20,5,15,1.3,0.436,1,10.0,3,2575,11296.52,0,Loyal,0,1
CUST02332,37,Male,175143,1,95,2,39385.42,19692.71,15,4,8,3.9,0.311,2,5.8,3,594,7657.49,0,At Risk,1,2
CUST02333,20,Male,135807,1,145,22,65643.28,2983.79,6,3,10,0.8,0.772,3,6.7,3,2856,9420.4,0,High Potential,1,1
CUST02334,34,Male,31403,2,1050,4,23794.82,5948.71,4,1,9,2.4,0.732,1,9.0,8,638,5295.72,0,At Risk,1,3
CUST02335,49,Male,95505,2,286,9,35666.51,3962.95,69,1,14,20.1,0.567,0,6.9,9,1257,3620.84,0,At Risk,1,3
CUST02336,45,Female,121836,2,160,8,46091.25,5761.41,16,6,12,3.9,0.638,0,8.9,2,1261,6903.58,0,At Risk,0,0
CUST02337,44,Female,124881,1,445,10,42731.95,4273.2,9,4,8,6.0,0.783,2,8.5,2,1427,5055.9,0,Loyal,0,0
CUST02338,39,Female,37497,3,77,16,54442.04,3402.63,23,5,18,5.4,0.31,1,6.3,10,2144,5008.09,0,At Risk,0,1
CUST02339,38,Male,49305,2,150,9,33167.82,3685.31,1,5,13,1.2,0.73,2,8.0,6,1232,6968.07,0,Loyal,1,3
CUST02340,30,Male,132818,2,395,11,56306.24,5118.75,32,1,13,9.4,0.95,0,7.3,2,1663,8219.82,1,High Potential,1,1
CUST02341,46,Male,46302,2,136,7,28883.27,4126.18,10,6,9,0.7,0.371,0,6.6,9,989,2000.0,0,At Risk,1,3
CUST02342,43,Female,61095,1,568,22,49220.1,2237.28,32,4,9,12.7,0.895,2,8.5,3,2692,6463.85,0,Loyal,0,1
CUST02343,44,Female,188250,3,338,3,47546.08,15848.69,33,3,10,1.2,0.548,1,6.3,7,775,9741.2,0,At Risk,0,2
CUST02344,32,Male,71063,1,739,7,32519.32,4645.62,58,6,7,15.5,0.748,0,7.7,4,1025,4274.74,0,At Risk,1,3
CUST02345,18,Female,47284,2,1481,9,34671.55,3852.39,9,4,10,8.0,0.303,1,10.0,3,1247,7110.94,0,Loyal,0,0
CUST02346,51,Female,43193,3,62,2,10817.84,5408.92,22,5,13,0.9,0.25,4,7.8,4,308,2000.0,1,At Risk,0,0
CUST02347,32,Female,89289,2,204,20,63907.65,3195.38,114,4,4,0.9,0.629,1,6.7,8,2639,9743.33,0,At Risk,0,1
CUST02348,28,Female,32863,2,192,10,26300.22,2630.02,45,5,11,0.4,0.812,3,5.3,2,1263,5162.85,1,At Risk,0,0
CUST02349,46,Female,63045,2,82,11,36722.09,3338.37,130,2,10,1.4,0.497,0,5.2,8,1467,4062.09,0,At Risk,0,0
CUST02350,33,Female,89316,3,831,1,14587.77,14587.77,92,5,14,5.4,0.578,2,5.9,2,246,2274.89,0,At Risk,0,0
CUST02351,51,Male,159451,3,713,3,32199.19,10733.06,33,2,13,3.7,0.465,2,7.1,7,622,5766.86,0,At Risk,1,3
CUST02352,45,Male,109156,3,331,7,31712.61,4530.37,11,5,12,4.8,0.546,0,3.9,5,1017,3591.78,0,At Risk,1,3
CUST02353,46,Male,47646,2,386,14,51884.58,3706.04,50,2,10,0.2,0.515,2,7.3,4,1919,7381.82,1,Loyal,1,1
CUST02354,22,Male,148309,3,31,8,63342.09,7917.76,42,3,17,0.4,0.882,2,5.4,10,1433,7248.49,0,High Potential,1,3
CUST02355,53,Female,61101,1,405,5,33549.69,6709.94,31,2,9,5.9,0.47,1,7.3,10,835,6070.99,0,At Risk,0,0
CUST02356,41,Female,34842,1,784,18,43178.67,2398.82,42,2,14,9.4,0.658,2,7.4,5,2232,9307.1,0,Loyal,0,1
CUST02357,34,Male,65958,3,426,4,28534.48,7133.62,33,4,9,2.2,0.77,1,8.1,3,685,2443.02,0,At Risk,1,3
CUST02358,40,Female,173321,1,154,10,67461.32,6746.13,26,2,13,0.9,0.621,1,7.5,3,1675,9057.98,0,High Potential,0,1
CUST02359,18,Male,80752,1,551,11,56805.88,5164.17,19,6,4,1.8,0.728,2,6.4,8,1668,4820.23,0,At Risk,1,1
CUST02360,43,Male,73682,1,224,3,14204.44,4734.81,2,8,4,2.7,0.64,1,6.0,7,442,4163.73,0,At Risk,1,3
CUST02361,26,Male,195307,2,394,15,74749.04,4983.27,70,5,10,5.0,0.825,1,5.4,9,2247,7440.96,0,High Potential,1,1
CUST02362,22,Male,30983,3,334,5,15909.79,3181.96,70,4,14,2.6,0.598,3,9.5,4,659,4186.16,0,At Risk,1,3
CUST02363,20,Male,33814,2,240,6,24847.33,4141.22,32,1,11,11.4,0.582,1,9.0,5,848,5530.52,0,At Risk,1,3
CUST02364,51,Female,27736,1,634,9,27796.06,3088.45,11,4,12,2.6,0.817,0,6.9,8,1178,6882.26,0,At Risk,0,0
CUST02365,30,Male,91454,2,1077,7,33329.63,4761.38,1,5,7,1.0,0.497,3,7.5,3,1033,6140.17,0,At Risk,1,3
CUST02366,56,Female,80813,3,30,8,35577.49,4447.19,0,7,12,1.4,0.496,1,7.4,1,1156,2671.58,0,At Risk,0,0
CUST02367,32,Male,184544,3,1356,9,62076.43,6897.38,3,10,7,3.1,0.651,2,9.4,5,1521,9238.2,0,High Potential,1,1
CUST02368,18,Male,84633,2,358,8,35602.23,4450.28,16,6,12,7.6,0.315,2,6.9,8,1156,6003.96,0,At Risk,1,3
CUST02369,25,Male,57383,3,603,8,31950.67,3993.83,7,3,18,10.2,0.95,2,4.3,5,1120,5880.68,0,At Risk,1,3
CUST02370,53,Female,73209,3,968,16,66143.75,4133.98,11,6,25,1.0,0.597,0,8.3,6,2261,11050.06,0,Loyal,0,1
CUST02371,36,Male,78482,1,315,6,33149.05,5524.84,42,3,17,0.0,0.392,3,5.3,10,931,4689.37,0,At Risk,1,3
CUST02372,31,Female,26821,1,901,10,30393.6,3039.36,112,3,18,10.2,0.548,1,9.1,4,1304,5310.9,0,Loyal,0,0
CUST02373,40,Female,371833,1,98,5,97379.49,19475.9,8,2,15,1.3,0.719,1,6.0,8,1474,14156.32,0,High Potential,0,2
CUST02374,44,Female,99900,3,87,6,26398.15,4399.69,22,4,11,8.6,0.729,0,8.0,10,864,2000.0,0,At Risk,0,0
CUST02375,51,Female,82951,1,536,7,35942.43,5134.63,167,8,14,4.0,0.655,2,7.1,7,1059,4021.97,0,At Risk,0,0
CUST02376,55,Male,105778,2,1021,17,67111.9,3947.76,94,5,12,2.6,0.428,1,7.2,8,2371,9635.25,0,Loyal,1,1
CUST02377,34,Male,111932,1,1115,11,58053.77,5277.62,15,2,13,0.8,0.321,2,8.4,0,1681,7646.07,0,Loyal,1,1
CUST02378,22,Male,67216,3,516,11,34479.38,3134.49,13,2,18,5.6,0.729,2,7.7,9,1445,2632.85,0,Loyal,1,3
CUST02379,33,Female,50074,2,373,7,29509.6,4215.66,10,5,7,8.5,0.729,1,6.9,2,995,2000.0,0,At Risk,0,0
CUST02380,41,Male,104785,3,201,11,49905.57,4536.87,6,4,16,3.1,0.769,0,7.0,6,1599,8961.5,0,Loyal,1,1
CUST02381,26,Male,92173,3,1956,10,46685.36,4668.54,22,3,10,3.0,0.719,1,5.5,3,1467,7641.2,0,At Risk,1,3
CUST02382,27,Female,44984,1,193,8,21004.39,2625.55,15,5,13,7.0,0.729,2,7.7,0,1010,4536.21,0,At Risk,0,0
CUST02383,42,Male,171343,2,682,8,54969.3,6871.16,48,4,14,3.5,0.95,0,8.0,2,1350,7655.24,0,High Potential,1,3
CUST02384,37,Female,87205,1,380,11,60658.22,5514.38,9,3,10,7.7,0.423,0,10.0,4,1707,8710.86,0,Loyal,0,1
CUST02385,38,Female,113311,3,469,7,35295.72,5042.25,47,6,15,0.3,0.728,3,7.7,6,1053,2000.0,0,At Risk,0,0
CUST02386,29,Male,168578,2,250,15,68688.21,4579.21,12,5,15,9.7,0.484,2,7.3,0,2187,11320.98,0,High Potential,1,1
CUST02387,35,Male,74097,1,1674,15,53866.35,3591.09,31,2,10,1.5,0.546,1,5.9,5,2039,7616.59,0,At Risk,1,1
CUST02388,27,Male,88448,1,424,4,22549.87,5637.47,36,5,7,0.9,0.313,0,6.9,4,625,5567.38,0,At Risk,1,3
CUST02389,49,Female,118897,2,1389,8,57249.52,7156.19,39,3,5,0.2,0.564,1,7.5,8,1372,6699.37,0,At Risk,0,0
CUST02390,50,Female,47339,3,30,8,13768.07,1721.01,7,3,9,9.0,0.356,0,6.0,7,938,5867.4,0,At Risk,0,0
CUST02391,18,Female,75541,2,425,8,45968.04,5746.0,12,4,13,0.3,0.538,4,8.5,6,1260,7585.59,0,At Risk,0,0
CUST02392,27,Female,78852,3,631,4,21284.59,5321.15,10,9,10,15.4,0.4,2,7.2,3,613,3476.22,0,At Risk,0,0
CUST02393,20,Female,41207,2,683,11,29008.51,2637.14,30,1,16,4.2,0.221,1,8.5,8,1390,2849.07,0,Loyal,0,0
CUST02394,30,Male,293779,1,1177,2,82220.69,41110.34,3,2,11,6.0,0.826,0,6.2,2,1022,12670.23,0,At Risk,1,2
CUST02395,37,Male,31433,3,30,6,23975.48,3995.91,26,4,9,6.5,0.627,3,7.9,2,840,5376.52,0,At Risk,1,3
CUST02396,21,Female,33562,1,30,9,25689.99,2854.44,3,7,11,1.7,0.141,1,7.2,9,1157,2000.0,0,Loyal,0,0
CUST02397,27,Male,160900,3,320,2,37292.13,18646.07,14,4,12,8.2,0.566,2,9.4,3,573,5873.97,0,At Risk,1,2
CUST02398,26,Male,112191,2,30,15,39174.52,2611.63,41,2,11,14.6,0.8,0,7.6,6,1892,5897.54,0,Loyal,1,1
CUST02399,40,Female,39514,1,1835,8,37055.21,4631.9,19,4,12,2.3,0.774,1,5.6,10,1171,7049.96,0,At Risk,0,0
CUST02400,39,Male,105279,2,126,6,28165.61,4694.27,12,5,10,9.0,0.746,2,7.1,8,882,2000.0,0,At Risk,1,3
CUST02401,29,Female,176435,3,320,3,66071.89,22023.96,33,2,10,7.4,0.657,3,4.9,6,961,11057.84,0,At Risk,0,2
CUST02402,40,Female,71815,3,32,3,22515.68,7505.23,47,5,16,4.5,0.757,2,7.9,10,525,5396.41,0,At Risk,0,0
CUST02403,31,Male,347769,1,369,9,85348.64,9483.18,10,4,10,2.3,0.785,1,9.6,4,1753,14706.08,0,High Potential,1,2
CUST02404,35,Female,25992,1,239,8,19372.43,2421.55,12,3,23,2.7,0.676,0,7.9,6,994,2716.26,0,At Risk,0,0
CUST02405,58,Male,110890,2,30,7,43299.5,6185.64,36,3,17,1.8,0.532,2,7.9,0,1133,8985.49,0,At Risk,1,3
CUST02406,54,Male,147254,2,204,3,48728.39,16242.8,118,6,11,2.8,0.844,1,8.1,6,787,5745.52,0,At Risk,1,2
CUST02407,22,Male,124842,3,248,10,44977.15,4497.72,8,3,14,22.8,0.58,1,6.2,0,1450,2572.86,0,At Risk,1,3
CUST02408,48,Male,64692,1,2000,16,58083.19,3630.2,37,5,17,2.3,0.803,2,6.4,3,2181,9670.87,0,At Risk,1,1
CUST02409,48,Female,61435,3,117,6,29766.15,4961.02,83,3,5,5.5,0.762,2,8.3,2,898,4766.1,0,At Risk,0,0
CUST02410,24,Male,95462,2,393,16,45464.2,2841.51,22,6,11,1.9,0.573,2,7.2,1,2055,9403.96,0,Loyal,1,1
CUST02411,48,Male,119307,3,2000,7,57625.49,8232.21,13,5,10,3.1,0.435,1,10.0,7,1276,6890.79,0,At Risk,1,3
CUST02412,56,Male,104976,2,785,7,44261.26,6323.04,38,4,9,0.4,0.522,0,9.7,0,1143,6386.45,0,At Risk,1,3
CUST02413,25,Female,136494,2,2000,6,61097.42,10182.9,1,7,17,7.2,0.696,3,6.4,4,1211,8139.02,0,High Potential,0,2
CUST02414,27,Female,39683,3,1726,3,27625.03,9208.34,16,4,8,5.4,0.476,1,6.4,0,576,6082.47,0,At Risk,0,0
CUST02415,50,Male,63789,2,336,9,20406.84,2267.43,10,3,12,2.1,0.663,0,5.5,6,1104,2000.0,0,At Risk,1,3
CUST02416,41,Male,41606,3,596,5,24743.16,4948.63,9,4,13,3.7,0.279,0,6.4,10,747,6636.87,0,At Risk,1,3
CUST02417,45,Male,58008,3,59,7,18821.61,2688.8,7,4,10,10.3,0.742,2,7.1,2,888,2000.0,0,At Risk,1,3
CUST02418,42,Male,134475,2,291,4,52919.11,13229.78,47,5,11,0.2,0.846,0,7.9,5,929,7139.57,0,At Risk,1,2
CUST02419,43,Female,78025,2,828,6,48623.81,8103.97,109,4,11,13.3,0.755,3,7.3,6,1086,7363.23,0,At Risk,0,0
CUST02420,22,Female,349450,1,352,12,92135.93,7677.99,17,8,17,3.2,0.502,0,10.0,9,2121,12083.63,0,VIP,0,2
CUST02421,51,Male,82129,1,607,8,30480.12,3810.02,2,4,12,9.8,0.553,0,8.9,10,1105,6462.98,0,At Risk,1,3
CUST02422,52,Male,75797,1,685,12,25290.3,2107.53,44,7,7,9.9,0.369,4,8.2,0,1453,5361.95,0,Loyal,1,3
CUST02423,35,Male,77941,1,146,8,38599.9,4824.99,27,7,4,0.3,0.391,1,8.3,10,1186,5425.75,0,At Risk,1,3
CUST02424,37,Female,49877,2,1043,8,29128.36,3641.04,45,9,8,7.6,0.748,0,4.4,9,1091,4966.75,0,At Risk,0,0
CUST02425,20,Male,70636,2,308,6,30968.4,5161.4,37,6,14,6.6,0.716,1,4.0,6,910,5230.3,0,At Risk,1,3
CUST02426,44,Female,143871,2,118,3,33682.11,11227.37,83,6,16,0.2,0.95,0,7.5,10,637,6462.06,0,At Risk,0,0
CUST02427,45,Female,78306,2,1003,19,46632.59,2454.35,5,8,13,14.1,0.634,4,8.8,7,2366,9551.66,0,Loyal,0,1
CUST02428,37,Male,45430,1,270,18,46243.52,2569.08,6,5,10,5.0,0.379,1,6.7,0,2262,8374.85,0,At Risk,1,1
CUST02429,51,Female,41980,1,694,11,44896.02,4081.46,15,3,8,0.9,0.95,3,8.1,9,1549,8478.34,1,Loyal,0,0
CUST02430,34,Female,55820,2,397,18,47632.85,2646.27,24,6,12,0.7,0.486,1,8.6,2,2276,5222.15,0,Loyal,0,1
CUST02431,45,Female,76444,2,241,7,23126.49,3303.78,91,2,15,4.1,0.823,2,9.0,7,931,2000.0,0,At Risk,0,0
CUST02432,26,Male,149665,2,830,7,50981.07,7283.01,83,3,7,0.3,0.862,2,6.7,5,1210,6460.51,0,High Potential,1,3
CUST02433,38,Male,32719,2,439,16,43617.31,2726.08,72,7,11,0.9,0.908,2,7.2,1,2036,7297.38,0,Loyal,1,1
CUST02434,36,Female,60361,3,248,14,38845.74,2774.7,9,6,8,14.8,0.92,2,6.9,1,1788,6894.16,0,At Risk,0,1
CUST02435,41,Female,79745,2,58,10,27219.67,2721.97,46,2,13,6.8,0.459,3,6.4,5,1272,2000.0,1,At Risk,0,0
CUST02436,34,Female,25000,2,1129,3,36090.54,12030.18,17,1,11,4.8,0.594,1,7.7,6,661,6038.35,0,At Risk,0,0
CUST02437,36,Female,44349,3,30,16,26696.35,1668.52,94,1,15,1.2,0.69,0,5.8,2,1867,6414.16,0,At Risk,0,1
CUST02438,48,Female,48633,3,995,9,53052.76,5894.75,8,3,13,1.2,0.644,2,9.5,6,1431,12808.15,0,Loyal,0,0
CUST02439,33,Female,45361,2,223,16,39821.95,2488.87,5,3,10,3.0,0.734,1,7.3,7,1998,9132.24,0,Loyal,0,1
CUST02440,19,Male,82054,2,510,2,32908.82,16454.41,65,1,12,7.0,0.716,0,7.2,3,529,4165.19,0,At Risk,1,3
CUST02441,59,Female,66414,1,1277,7,39147.28,5592.47,44,3,6,0.0,0.772,1,5.0,1,1091,5158.1,0,At Risk,0,0
CUST02442,55,Female,52409,2,82,20,41166.57,2058.33,60,5,7,0.2,0.744,0,5.6,4,2412,7123.59,0,At Risk,0,1
CUST02443,22,Female,94540,3,418,2,38377.48,19188.74,6,3,15,10.2,0.642,3,9.1,4,584,7877.42,0,At Risk,0,2
CUST02444,46,Female,205632,2,723,9,72149.67,8016.63,76,4,9,8.4,0.752,1,10.0,9,1621,13073.49,0,High Potential,0,2
CUST02445,32,Male,195547,3,709,5,56923.93,11384.79,40,3,9,5.9,0.218,2,8.7,8,1069,9859.09,0,High Potential,1,2
CUST02446,41,Female,25000,2,373,17,44904.43,2641.44,37,4,10,3.5,0.751,2,7.1,0,2149,4407.67,0,Loyal,0,1
CUST02447,42,Female,103388,3,490,12,47167.24,3930.6,31,7,5,0.8,0.58,2,6.5,1,1672,4320.12,0,At Risk,0,1
CUST02448,35,Male,65722,2,708,11,22317.12,2028.83,51,3,12,0.5,0.484,2,5.8,4,1323,6547.71,1,At Risk,1,3
CUST02449,29,Male,80265,1,920,5,20329.33,4065.87,19,1,15,11.8,0.641,2,5.1,9,703,3501.15,0,At Risk,1,3
CUST02450,30,Male,57586,2,717,7,30831.02,4404.43,5,3,11,2.4,0.567,1,8.0,6,1008,3177.26,0,At Risk,1,3
CUST02451,27,Male,78476,2,218,24,59671.38,2486.31,27,3,10,5.9,0.421,1,7.6,3,2997,6667.22,0,Loyal,1,1
CUST02452,28,Male,80085,1,2000,9,49102.33,5455.81,48,2,16,3.0,0.932,0,6.3,7,1391,6731.46,0,At Risk,1,3
CUST02453,37,Male,51670,3,285,8,25326.42,3165.8,6,4,11,6.6,0.404,1,7.4,6,1053,7486.31,0,At Risk,1,3
CUST02454,29,Female,42710,2,30,6,11462.99,1910.5,9,3,11,1.1,0.804,1,7.8,3,715,2000.0,0,At Risk,0,0
CUST02455,46,Female,55870,3,225,4,10232.02,2558.01,42,6,10,3.3,0.138,1,4.9,0,502,3352.26,0,At Risk,0,0
CUST02456,56,Female,84167,2,68,11,32097.24,2917.93,11,4,14,2.4,0.916,3,9.0,9,1421,6096.66,0,Loyal,0,0
CUST02457,31,Female,104757,1,65,6,40398.78,6733.13,7,4,10,1.4,0.538,1,9.7,10,1004,6989.39,1,At Risk,0,0
CUST02458,41,Male,122028,3,165,9,37831.86,4203.54,77,3,10,4.6,0.145,2,7.5,5,1278,2000.0,0,Loyal,1,3
CUST02459,44,Male,54366,2,30,13,43937.61,3379.82,6,4,15,3.8,0.494,0,10.0,0,1739,8796.14,0,Loyal,1,1
CUST02460,44,Female,86708,2,583,11,35248.39,3204.4,15,3,10,3.4,0.754,0,8.4,6,1452,4259.82,0,Loyal,0,0
CUST02461,39,Male,130288,2,38,16,67251.75,4203.23,20,8,10,4.5,0.549,2,10.0,2,2273,6935.84,0,High Potential,1,1
CUST02462,47,Female,147172,2,114,17,59762.24,3515.43,23,7,11,0.8,0.448,1,7.2,6,2298,5207.12,1,High Potential,0,1
CUST02463,44,Female,70594,3,49,8,27856.44,3482.05,16,4,7,2.3,0.509,1,9.0,5,1079,5996.32,0,At Risk,0,0
CUST02464,23,Female,64051,2,33,5,20957.36,4191.47,85,2,7,2.0,0.465,2,7.9,9,710,5264.48,0,At Risk,0,0
CUST02465,48,Female,82016,2,156,11,43747.1,3977.01,38,3,11,7.3,0.674,2,6.3,4,1537,2036.65,0,At Risk,0,0
CUST02466,49,Male,36687,3,424,10,31481.32,3148.13,16,2,9,0.2,0.55,1,8.6,6,1315,4218.26,0,Loyal,1,3
CUST02467,29,Male,65110,1,1672,11,48611.44,4419.22,15,7,12,1.7,0.76,1,9.1,4,1586,8858.84,0,Loyal,1,1
CUST02468,38,Female,114319,2,1042,7,45438.77,6491.25,24,1,16,12.5,0.718,1,7.6,9,1154,7319.86,0,At Risk,0,0
CUST02469,46,Male,107492,3,1043,6,38240.77,6373.46,1,1,11,1.8,0.25,1,7.4,1,982,5018.82,0,At Risk,1,3
CUST02470,35,Female,62183,2,97,5,32230.19,6446.04,91,2,16,0.8,0.3,1,9.2,8,822,5151.92,0,At Risk,0,0
CUST02471,51,Male,83336,3,154,12,41852.55,3487.71,9,4,13,7.1,0.666,0,6.0,0,1619,8245.27,0,At Risk,1,1
CUST02472,66,Female,44588,2,40,13,38120.52,2932.35,42,2,9,0.2,0.941,2,6.5,9,1681,6738.5,1,At Risk,0,0
CUST02473,29,Female,111535,3,754,14,57367.56,4097.68,53,3,14,2.8,0.769,4,6.9,5,1974,9791.14,0,At Risk,0,1
CUST02474,21,Female,69794,3,36,3,17671.66,5890.55,61,6,10,9.7,0.407,4,7.0,9,477,2260.78,0,At Risk,0,0
CUST02475,42,Male,61971,2,407,15,63050.76,4203.38,6,4,12,15.4,0.508,1,5.8,9,2131,6651.9,1,At Risk,1,1
CUST02476,47,Male,58863,1,142,7,36530.37,5218.62,27,10,15,1.4,0.574,2,6.0,7,1065,6592.73,0,At Risk,1,3
CUST02477,35,Female,70422,2,139,3,17687.94,5895.98,3,6,16,1.8,0.662,0,8.6,8,477,5016.94,0,At Risk,0,0
CUST02478,55,Male,55897,3,2000,12,66317.98,5526.5,57,3,10,4.2,0.583,1,6.9,6,1863,8342.3,1,At Risk,1,1
CUST02479,22,Female,108541,1,707,9,53153.21,5905.91,23,5,12,1.3,0.738,0,4.9,5,1432,8689.32,0,At Risk,0,0
CUST02480,46,Female,57689,1,907,7,23802.4,3400.34,6,5,12,0.8,0.458,2,7.7,0,938,4616.76,1,At Risk,0,0
CUST02481,31,Female,190190,2,424,6,63092.13,10515.36,44,5,10,2.8,0.867,2,8.5,9,1231,6141.44,0,High Potential,0,2
CUST02482,59,Female,176156,3,1024,5,59275.95,11855.19,14,5,12,0.4,0.707,1,8.6,2,1093,8703.21,0,High Potential,0,2
CUST02483,62,Male,42833,2,519,6,25696.02,4282.67,4,5,12,11.2,0.601,1,10.0,10,857,5010.99,0,At Risk,1,3
CUST02484,29,Female,76254,2,1461,11,56381.75,5125.61,22,7,9,2.0,0.653,1,7.0,8,1664,7489.72,0,Loyal,0,1
CUST02485,31,Female,49494,1,165,4,22136.88,5534.22,9,6,14,2.0,0.572,3,6.9,8,621,6491.2,0,At Risk,0,0
CUST02486,48,Male,60115,2,452,12,22365.05,1863.75,105,6,7,7.8,0.754,0,8.5,2,1424,2000.0,0,Loyal,1,3
CUST02487,33,Female,243156,1,586,2,50953.28,25476.64,16,1,14,2.1,0.424,2,7.6,7,710,12565.77,0,At Risk,0,2
CUST02488,37,Male,60807,1,250,4,15729.45,3932.36,30,7,17,7.2,0.494,3,7.2,2,557,3438.84,0,At Risk,1,3
CUST02489,38,Male,90775,3,1059,12,66006.45,5500.54,104,5,11,1.0,0.325,0,7.6,5,1860,9283.93,0,Loyal,1,1
CUST02490,18,Male,101194,3,1951,13,66485.02,5114.23,18,5,10,3.8,0.596,1,8.2,2,1965,11768.87,0,Loyal,1,1
CUST02491,38,Female,40120,1,340,17,46478.29,2734.02,16,3,12,7.3,0.922,2,8.5,10,2165,4776.98,0,Loyal,0,1
CUST02492,30,Male,43780,1,248,13,35875.89,2759.68,6,2,14,3.0,0.678,1,7.8,5,1659,10819.26,0,Loyal,1,3
CUST02493,32,Female,35468,2,319,8,17384.69,2173.09,97,4,12,0.4,0.622,2,5.2,3,974,2000.0,1,At Risk,0,0
CUST02494,55,Female,42977,2,958,7,18088.02,2584.0,56,3,8,6.7,0.484,4,8.2,10,881,5109.69,1,At Risk,0,0
CUST02495,23,Male,25000,1,518,4,24814.15,6203.54,9,2,12,3.4,0.635,0,4.4,10,648,4364.88,0,At Risk,1,3
CUST02496,48,Male,101392,2,30,5,44853.47,8970.69,14,5,11,1.9,0.746,2,6.7,5,949,4798.38,0,At Risk,1,3
CUST02497,35,Female,250826,1,391,3,69127.15,23042.38,86,3,14,24.7,0.126,0,6.8,8,991,12555.06,1,At Risk,0,2
CUST02498,35,Male,79913,3,30,5,22894.3,4578.86,27,8,13,10.4,0.676,5,6.7,2,729,4909.82,0,At Risk,1,3
CUST02499,47,Female,31265,3,754,5,18636.29,3727.26,28,6,21,0.2,0.95,0,8.8,5,686,9629.5,0,At Risk,0,0
CUST02500,42,Male,49729,2,199,8,32477.14,4059.64,37,5,6,4.5,0.488,4,6.3,2,1125,5859.32,0,At Risk,1,3
CUST02501,45,Female,55530,2,319,12,35438.78,2953.23,50,9,16,2.2,0.187,2,9.6,10,1554,4599.04,0,Loyal,0,0
CUST02502,50,Female,39714,3,801,14,39089.73,2792.12,98,5,11,0.2,0.296,2,6.0,9,1791,2139.42,0,At Risk,0,1
CUST02503,34,Male,122530,3,30,7,35488.5,5069.79,57,5,18,0.1,0.535,2,9.0,9,1055,4294.17,0,At Risk,1,3
CUST02504,31,Male,118914,1,86,6,32344.83,5390.8,95,1,8,4.4,0.776,2,10.0,4,923,6435.96,0,At Risk,1,3
CUST02505,25,Male,36561,1,254,7,21710.45,3101.49,60,4,11,1.9,0.375,4,5.7,5,917,3273.83,0,At Risk,1,3
CUST02506,28,Male,112989,2,131,4,20432.97,5108.24,2,2,9,6.1,0.612,1,6.9,8,604,5109.51,0,At Risk,1,3
CUST02507,73,Female,182789,1,206,15,73817.42,4921.16,4,3,9,3.0,0.548,4,7.5,4,2238,12080.13,0,High Potential,0,1
CUST02508,53,Female,229013,2,2000,7,64045.48,9149.35,76,3,10,7.3,0.539,3,8.1,3,1340,7014.47,0,High Potential,0,2
CUST02509,22,Male,408043,2,873,9,121473.57,13497.06,1,4,15,8.4,0.759,1,7.4,10,2115,16467.14,0,High Potential,1,2
CUST02510,22,Female,42566,2,1077,6,24556.23,4092.7,55,7,16,5.4,0.726,0,7.7,2,846,2422.49,0,At Risk,0,0
CUST02511,44,Female,398129,2,1383,4,104898.9,26224.72,66,5,15,2.7,0.776,5,7.9,6,1449,15702.7,0,At Risk,0,2
CUST02512,45,Male,59129,2,208,8,33540.4,4192.55,19,1,9,22.3,0.623,3,6.3,10,1135,6115.08,0,At Risk,1,3
CUST02513,45,Male,51253,3,176,11,30182.3,2743.85,15,5,12,1.8,0.548,2,8.1,6,1402,3825.46,0,Loyal,1,3
CUST02514,35,Female,88987,1,133,4,21936.34,5484.09,8,7,7,3.6,0.736,1,8.9,9,619,2000.0,0,At Risk,0,0
CUST02515,36,Female,51573,2,886,9,36928.22,4103.14,2,3,13,3.7,0.95,1,8.5,2,1269,11623.74,0,Loyal,0,0
CUST02516,42,Female,92914,1,569,14,67779.76,4841.41,48,3,12,2.8,0.383,4,9.7,1,2078,11384.76,0,Loyal,0,1
CUST02517,39,Female,33122,1,135,15,41666.91,2777.79,3,5,13,0.6,0.609,3,6.3,0,1917,7520.28,0,At Risk,0,1
CUST02518,18,Male,63370,2,237,13,33170.81,2551.6,101,2,18,2.2,0.194,0,9.4,9,1632,2000.0,0,Loyal,1,3
CUST02519,35,Female,158158,1,353,2,38405.2,19202.6,12,3,11,1.2,0.585,1,9.5,5,584,8252.52,0,At Risk,0,2
CUST02520,28,Female,70669,1,376,10,32733.22,3273.32,55,2,16,11.5,0.684,1,6.7,10,1327,7769.33,0,At Risk,0,0
CUST02521,40,Female,79615,1,1098,10,36045.33,3604.53,2,4,12,5.3,0.616,1,7.6,10,1360,6947.18,0,Loyal,0,0
CUST02522,74,Male,97261,2,239,11,47912.11,4355.65,27,3,7,1.7,0.8,4,5.4,4,1579,7341.18,1,At Risk,1,1
CUST02523,42,Male,147620,3,1196,22,79034.78,3592.49,15,4,9,4.2,0.361,0,6.7,6,2990,11723.25,0,VIP,1,1
CUST02524,34,Male,27089,1,291,4,18030.62,4507.65,1,2,9,9.6,0.404,1,6.7,2,580,2000.0,0,At Risk,1,3
CUST02525,49,Female,103851,2,686,4,14616.16,3654.04,37,3,6,13.6,0.557,1,7.8,3,546,2000.0,0,At Risk,0,0
CUST02526,44,Male,62263,1,1331,8,44269.56,5533.7,100,1,19,0.4,0.298,1,5.9,10,1243,6572.07,1,At Risk,1,3
CUST02527,43,Male,80820,2,1191,8,36969.88,4621.23,0,3,10,7.7,0.923,1,6.1,10,1170,7926.37,0,At Risk,1,3
CUST02528,45,Male,138133,2,30,1,24387.13,24387.13,11,5,12,17.0,0.699,1,6.6,0,344,4607.47,0,At Risk,1,2
CUST02529,63,Male,35721,2,115,8,12478.37,1559.8,43,3,9,3.1,0.696,0,5.6,2,925,2000.0,1,At Risk,1,3
CUST02530,24,Female,39831,3,324,5,12996.07,2599.21,72,5,12,27.1,0.811,0,6.3,10,630,2000.0,0,At Risk,0,0
CUST02531,44,Female,25000,3,282,7,16936.5,2419.5,7,6,6,15.7,0.557,0,10.0,1,869,2000.0,0,At Risk,0,0
CUST02532,27,Female,52602,1,512,5,31778.55,6355.71,3,7,13,5.3,0.736,1,6.6,5,818,6472.25,0,At Risk,0,0
CUST02533,45,Male,162472,3,1448,13,67174.68,5167.28,0,3,17,9.4,0.617,3,9.4,6,1972,9775.81,0,High Potential,1,1
CUST02534,27,Female,68026,1,60,5,32304.54,6460.91,8,8,10,1.8,0.451,0,7.9,1,823,6174.5,0,At Risk,0,0
CUST02535,33,Male,32726,3,301,5,20941.82,4188.36,3,1,14,12.5,0.774,2,8.3,6,709,9875.91,0,At Risk,1,3
CUST02536,34,Male,54644,2,107,12,49031.07,4085.92,16,3,19,4.5,0.821,2,7.1,2,1690,6547.81,0,Loyal,1,1
CUST02537,50,Male,29950,2,1123,17,42162.93,2480.17,20,2,14,3.6,0.185,4,5.6,5,2122,6763.77,0,At Risk,1,1
CUST02538,49,Male,37231,1,1670,24,68062.51,2835.94,23,3,10,9.0,0.807,1,10.0,7,3081,9591.64,0,Loyal,1,1
CUST02539,23,Male,92345,1,326,7,45512.24,6501.75,5,4,9,11.0,0.139,1,6.0,1,1155,7024.74,0,At Risk,1,3
CUST02540,39,Female,36159,3,55,15,40437.0,2695.8,22,2,15,6.0,0.401,3,7.9,8,1904,4426.82,0,Loyal,0,1
CUST02541,29,Female,142569,3,769,2,39756.81,19878.4,0,4,16,0.1,0.307,1,8.1,7,598,4142.47,0,At Risk,0,2
CUST02542,23,Female,70075,2,597,3,21693.79,7231.26,10,5,17,4.5,0.613,2,4.6,0,517,2000.0,0,At Risk,0,0
CUST02543,35,Male,76984,3,219,6,13939.23,2323.2,16,4,14,8.6,0.455,1,5.7,9,739,2000.0,0,At Risk,1,3
CUST02544,34,Male,61881,3,1092,7,33033.41,4719.06,4,7,9,3.9,0.635,1,8.4,0,1030,5927.69,0,At Risk,1,3
CUST02545,67,Male,116274,2,1861,5,42091.81,8418.36,59,4,10,13.7,0.686,1,8.1,10,921,5939.27,0,At Risk,1,3
CUST02546,43,Female,116996,1,408,26,71469.63,2748.83,8,3,12,11.4,0.369,1,7.6,9,3315,10608.95,0,Loyal,0,1
CUST02547,21,Female,89414,1,417,9,39620.76,4402.31,49,3,15,3.8,0.723,1,8.5,3,1296,5894.55,0,Loyal,0,0
CUST02548,31,Female,102629,2,177,9,27702.05,3078.01,22,1,20,2.6,0.894,1,7.5,7,1177,4917.57,1,Loyal,0,0
CUST02549,50,Male,64392,1,439,13,33136.86,2548.99,23,3,13,0.3,0.575,0,6.3,7,1631,5882.73,0,At Risk,1,3
CUST02550,63,Female,101247,1,290,8,42089.95,5261.24,36,4,7,5.0,0.796,1,8.6,6,1221,7216.16,0,At Risk,0,0
CUST02551,19,Male,59711,1,180,16,33255.58,2078.47,2,4,10,1.5,0.724,2,5.2,6,1933,4961.39,0,At Risk,1,1
CUST02552,18,Female,73228,1,35,5,25026.77,5005.35,3,6,9,5.5,0.846,4,6.6,10,750,6124.25,0,At Risk,0,0
CUST02553,60,Female,62020,3,146,6,14396.18,2399.36,14,4,10,8.0,0.751,1,8.9,10,744,2000.0,0,At Risk,0,0
CUST02554,43,Female,55585,1,110,6,28121.17,4686.86,19,4,16,2.6,0.929,1,8.7,2,881,3779.48,0,At Risk,0,0
CUST02555,28,Female,48365,2,390,9,35221.02,3913.45,20,5,14,0.1,0.279,5,8.2,1,1252,4114.54,1,Loyal,0,0
CUST02556,44,Male,96821,2,460,17,65461.76,3850.69,40,2,9,10.0,0.829,1,10.0,3,2355,11269.98,0,Loyal,1,1
CUST02557,18,Female,160550,2,469,3,54434.46,18144.82,0,6,13,4.0,0.926,1,7.8,3,844,7209.1,0,At Risk,0,2
CUST02558,38,Female,147659,1,246,9,52843.48,5871.5,112,3,13,1.9,0.817,1,7.4,6,1428,6411.68,0,High Potential,0,0
CUST02559,42,Male,34409,2,273,9,11863.81,1318.2,7,3,8,5.0,0.488,2,9.7,9,1019,3097.81,0,Loyal,1,3
CUST02560,49,Male,158502,1,899,2,45675.96,22837.98,10,3,11,5.6,0.715,3,8.3,0,657,9251.85,1,At Risk,1,2
CUST02561,26,Male,60422,2,323,5,28542.97,5708.59,83,7,12,0.8,0.539,1,7.5,10,785,6105.79,0,At Risk,1,3
CUST02562,39,Male,104866,1,2000,8,54438.0,6804.75,0,6,13,5.2,0.476,0,8.4,2,1344,10713.66,0,At Risk,1,3
CUST02563,27,Male,42458,2,290,15,51959.34,3463.96,166,5,16,1.7,0.26,1,8.5,8,2020,8018.51,0,Loyal,1,1
CUST02564,41,Female,79633,2,524,7,44695.19,6385.03,1,4,11,8.1,0.823,4,6.9,1,1147,7418.96,0,At Risk,0,0
CUST02565,27,Male,88277,2,30,7,32470.55,4638.65,4,5,15,14.2,0.701,0,5.9,3,1025,4568.03,1,At Risk,1,3
CUST02566,33,Male,30009,2,530,10,34805.76,3480.58,10,4,8,0.5,0.393,2,7.2,1,1348,4901.42,0,Loyal,1,3
CUST02567,26,Female,105341,2,953,14,44270.61,3162.19,20,4,15,12.5,0.813,2,10.0,6,1843,5198.45,0,Loyal,0,1
CUST02568,46,Female,163990,3,1428,3,54412.24,18137.41,26,3,9,11.7,0.864,1,10.0,0,844,9893.64,0,At Risk,0,2
CUST02569,48,Female,65855,1,2000,9,36577.64,4064.18,4,3,9,2.1,0.603,3,6.7,4,1266,2644.27,0,At Risk,0,0
CUST02570,35,Male,165396,3,166,21,74080.9,3527.66,3,3,10,0.1,0.895,2,6.9,8,2841,8211.17,0,High Potential,1,1
CUST02571,38,Female,65263,3,428,15,39354.18,2623.61,1,4,11,5.4,0.458,1,7.9,8,1894,9991.52,0,Loyal,0,1
CUST02572,21,Female,121753,2,300,17,54572.59,3210.15,10,7,16,2.1,0.95,4,7.1,3,2246,7969.12,0,Loyal,0,1
CUST02573,34,Male,25000,2,415,8,16719.48,2089.93,89,2,12,1.1,0.55,0,10.0,2,967,3603.61,0,At Risk,1,3
CUST02574,37,Male,312159,2,86,18,98559.08,5475.5,17,4,8,0.6,0.852,1,7.5,3,2786,11756.59,0,VIP,1,1
CUST02575,69,Female,179382,1,969,8,57045.23,7130.65,51,6,13,1.1,0.1,3,7.1,10,1370,9947.82,1,High Potential,0,2
CUST02576,25,Female,61650,1,1202,2,31842.07,15921.04,7,4,11,1.4,0.377,1,5.8,3,518,8228.96,0,At Risk,0,0
CUST02577,56,Female,25000,1,299,7,18373.63,2624.8,2,5,11,7.9,0.697,0,10.0,9,884,7078.26,0,At Risk,0,0
CUST02578,50,Female,86926,1,165,6,30875.55,5145.92,28,2,13,7.7,0.748,3,7.4,10,909,2486.06,0,At Risk,0,0
CUST02579,41,Female,30750,2,76,8,24100.76,3012.59,60,4,11,3.4,0.733,0,8.1,6,1041,6469.79,0,At Risk,0,0
CUST02580,59,Female,95503,3,576,8,42318.61,5289.83,80,6,7,4.0,0.728,1,8.6,0,1223,6646.83,1,At Risk,0,0
CUST02581,42,Male,93614,1,187,10,31541.42,3154.14,28,5,4,12.5,0.621,3,7.6,7,1315,2000.0,0,Loyal,1,3
CUST02582,43,Male,41571,3,1201,13,40042.36,3080.18,12,2,10,11.9,0.69,2,7.0,5,1700,3144.98,0,At Risk,1,1
CUST02583,37,Male,143283,3,556,13,61267.26,4712.87,4,6,14,8.8,0.884,0,7.3,1,1913,5382.95,0,High Potential,1,1
CUST02584,53,Female,118580,3,519,8,37590.77,4698.85,39,6,13,2.3,0.84,2,8.6,6,1176,7251.61,0,At Risk,0,0
CUST02585,51,Female,131333,3,410,7,36821.18,5260.17,12,3,11,2.3,0.801,1,8.8,8,1068,5630.53,0,High Potential,0,0
CUST02586,30,Female,73520,2,30,15,34029.13,2268.61,65,6,13,10.9,0.511,1,3.7,6,1840,3644.01,0,At Risk,0,1
CUST02587,22,Male,31278,1,1344,11,39045.89,3549.63,33,2,13,13.1,0.287,2,7.6,2,1490,6447.34,1,Loyal,1,3
CUST02588,36,Female,131495,2,494,11,50332.93,4575.72,69,6,17,8.0,0.497,1,8.2,0,1603,11185.22,0,High Potential,0,1
CUST02589,28,Male,62179,2,2000,18,60868.66,3381.59,29,6,10,7.1,0.426,1,9.3,9,2409,8698.06,0,Loyal,1,1
CUST02590,37,Male,31765,3,385,13,19230.2,1479.25,52,5,18,4.1,0.705,1,9.0,3,1492,4255.37,0,Loyal,1,3
CUST02591,53,Female,164592,3,619,6,52530.52,8755.09,12,10,7,2.1,0.657,1,8.6,7,1125,9369.14,0,High Potential,0,2
CUST02592,33,Female,257724,2,30,7,70503.98,10072.0,24,5,14,1.4,0.648,0,8.5,3,1405,8067.17,0,High Potential,0,2
CUST02593,37,Female,71343,2,499,12,43398.7,3616.56,1,5,12,0.8,0.707,0,10.0,9,1634,8187.07,0,Loyal,0,0
CUST02594,39,Male,267125,1,723,4,83291.41,20822.85,33,3,8,6.5,0.883,0,10.0,5,1233,14734.68,0,At Risk,1,2
CUST02595,48,Female,77249,1,754,11,36746.7,3340.61,27,1,10,7.5,0.72,0,6.7,0,1467,8230.0,0,At Risk,0,0
CUST02596,18,Male,58205,2,735,19,56787.78,2988.83,49,7,12,2.2,0.809,0,8.8,5,2468,8357.99,0,Loyal,1,1
CUST02597,31,Male,50097,2,128,1,16523.41,16523.41,46,4,15,0.0,0.836,1,5.5,0,265,4701.17,0,At Risk,1,3
CUST02598,41,Female,195292,3,1852,7,74026.21,10575.17,35,2,8,14.0,0.537,1,9.2,0,1440,12023.46,0,High Potential,0,2
CUST02599,52,Female,45794,2,2000,4,30791.39,7697.85,2,3,8,2.9,0.444,2,6.9,10,708,5119.04,1,At Risk,0,0
CUST02600,32,Female,113682,3,39,5,40432.5,8086.5,82,3,9,18.4,0.473,2,9.8,2,904,8341.66,0,At Risk,0,0
CUST02601,18,Male,52287,2,1378,15,43691.78,2912.79,1,3,13,5.7,0.74,1,7.2,9,1937,10255.4,0,Loyal,1,1
CUST02602,45,Female,55482,3,171,15,36815.12,2454.34,57,5,9,0.7,0.725,1,6.6,9,1868,7521.13,0,At Risk,0,1
CUST02603,30,Male,135693,1,584,9,49246.3,5471.81,23,5,13,2.0,0.486,0,6.4,3,1392,7735.75,0,High Potential,1,3
CUST02604,24,Female,58220,3,206,20,48623.61,2431.18,60,3,6,5.4,0.862,0,8.9,1,2486,6560.37,0,Loyal,0,1
CUST02605,31,Male,57361,2,1717,6,40145.83,6690.97,22,7,7,5.2,0.609,1,7.6,5,1001,7357.67,0,At Risk,1,3
CUST02606,36,Male,144305,1,54,11,54057.51,4914.32,36,5,9,1.3,0.708,2,8.2,9,1641,9035.0,0,High Potential,1,1
CUST02607,31,Female,190696,1,344,7,59458.54,8494.08,16,2,9,1.0,0.807,2,6.2,10,1295,11493.59,0,High Potential,0,2
CUST02608,18,Female,107669,3,279,12,58095.91,4841.33,48,3,9,1.6,0.434,0,7.8,4,1781,6805.61,0,Loyal,0,1
CUST02609,49,Male,49372,1,197,8,25176.62,3147.08,10,5,20,7.7,0.274,2,8.4,7,1052,6968.81,0,At Risk,1,3
CUST02610,53,Male,53833,2,519,12,46041.57,3836.8,44,4,13,1.4,0.904,1,10.0,10,1660,4557.58,0,Loyal,1,1
CUST02611,46,Female,76722,2,70,9,25124.64,2791.63,8,5,12,6.0,0.1,2,5.5,1,1151,3684.73,0,At Risk,0,0
CUST02612,24,Male,88659,2,631,12,45123.28,3760.27,45,6,9,10.2,0.662,1,7.8,6,1651,8123.89,0,Loyal,1,1
CUST02613,36,Male,40428,3,1971,6,34926.18,5821.03,12,1,14,2.5,0.647,2,6.3,3,949,5232.81,0,At Risk,1,3
CUST02614,38,Male,112851,2,816,4,28090.96,7022.74,11,8,12,0.0,0.782,1,7.6,3,681,5566.87,0,At Risk,1,3
CUST02615,45,Male,76981,2,983,14,50360.86,3597.2,58,1,9,0.8,0.404,5,8.2,3,1904,10460.79,1,Loyal,1,1
CUST02616,46,Female,26123,3,223,12,30056.35,2504.7,59,8,12,1.9,0.826,0,9.4,10,1501,3963.33,0,Loyal,0,0
CUST02617,29,Female,41883,3,196,3,20964.59,6988.2,41,6,14,1.1,0.293,1,7.1,3,510,2000.0,0,At Risk,0,0
CUST02618,39,Female,54042,3,364,3,24057.67,8019.22,90,2,10,1.7,0.516,0,8.8,1,541,2000.0,0,At Risk,0,0
CUST02619,43,Female,70002,2,30,8,19820.71,2477.59,6,5,11,3.9,0.95,1,9.5,2,998,3629.0,0,At Risk,0,0
CUST02620,55,Male,227196,1,1453,10,89178.42,8917.84,11,4,13,0.1,0.464,3,6.0,7,1892,15734.53,0,High Potential,1,2
CUST02621,46,Male,84365,2,78,6,26281.5,4380.25,12,4,18,0.3,0.42,1,4.9,9,863,3491.64,1,At Risk,1,3
CUST02622,47,Male,44158,3,1167,10,32208.89,3220.89,13,2,15,9.7,0.562,0,5.5,4,1322,9298.09,0,At Risk,1,3
CUST02623,39,Male,83481,1,44,2,26237.1,13118.55,14,2,9,3.7,0.666,2,6.0,9,462,2196.8,0,At Risk,1,3
CUST02624,55,Male,59204,2,865,10,44751.37,4475.14,42,2,15,13.7,0.843,0,7.4,4,1448,3365.37,0,Loyal,1,3
CUST02625,43,Female,88863,1,82,7,29032.23,4147.46,11,5,12,0.0,0.492,1,8.2,4,990,5851.92,0,At Risk,0,0
CUST02626,28,Female,103605,2,30,9,38878.31,4319.81,12,7,10,0.0,0.711,1,5.6,6,1289,4766.0,0,At Risk,0,0
CUST02627,55,Male,151076,3,636,5,54610.39,10922.08,30,5,19,6.7,0.854,3,9.7,8,1046,6982.02,0,High Potential,1,2
CUST02628,46,Female,72073,1,164,7,22326.38,3189.48,8,1,9,3.2,0.247,2,10.0,0,923,4745.36,0,At Risk,0,0
CUST02629,33,Female,195512,2,627,18,58037.88,3224.33,16,2,15,12.3,0.373,0,7.1,1,2380,6194.09,0,High Potential,0,1
CUST02630,32,Female,126098,3,405,15,62282.95,4152.2,2,1,17,7.7,0.95,3,5.5,7,2123,10150.17,0,At Risk,0,1
CUST02631,42,Female,47836,1,58,6,29104.79,4850.8,107,3,13,3.5,0.661,0,8.9,7,891,5723.78,0,At Risk,0,0
CUST02632,44,Female,275382,2,1345,6,69389.96,11564.99,13,4,8,3.3,0.468,1,7.7,10,1294,9555.08,0,High Potential,0,2
CUST02633,40,Female,88983,3,301,12,43422.77,3618.56,66,5,13,8.3,0.529,1,6.2,10,1634,6928.1,0,At Risk,0,0
CUST02634,42,Female,44308,3,663,12,32667.25,2722.27,26,5,7,8.1,0.116,0,10.0,3,1527,9395.02,0,Loyal,0,0
CUST02635,58,Female,197155,1,348,9,63384.0,7042.67,9,2,16,1.6,0.422,2,6.4,2,1534,9321.15,0,High Potential,0,2
CUST02636,51,Male,254401,1,464,3,48529.57,16176.52,8,3,14,5.6,0.34,0,9.0,0,785,7140.53,0,At Risk,1,2
CUST02637,40,Male,71696,1,180,13,30477.08,2344.39,42,5,19,5.2,0.456,1,6.9,1,1605,6719.2,1,At Risk,1,3
CUST02638,49,Female,54058,3,112,11,36176.94,3288.81,117,5,3,9.7,0.52,4,8.8,2,1462,4440.13,0,Loyal,0,0
CUST02639,26,Male,65945,3,391,5,25570.65,5114.13,7,1,5,10.1,0.625,1,6.5,2,756,5184.66,0,At Risk,1,3
CUST02640,43,Male,112290,2,290,6,49860.74,8310.12,4,5,19,1.6,0.394,2,8.8,0,1099,9428.37,1,At Risk,1,3
CUST02641,60,Female,157427,2,247,10,59320.15,5932.02,17,4,12,10.6,0.492,2,6.5,3,1593,11562.03,0,High Potential,0,1
CUST02642,35,Male,102980,1,558,7,32017.45,4573.92,18,7,14,12.9,0.665,0,9.9,4,1020,5341.27,0,At Risk,1,3
CUST02643,28,Female,77733,2,586,7,40147.73,5735.39,57,5,11,0.6,0.77,1,7.9,1,1101,3640.38,0,At Risk,0,0
CUST02644,30,Female,179657,2,30,10,71432.07,7143.21,22,8,10,4.3,0.859,1,5.4,7,1714,9744.96,0,High Potential,0,1
CUST02645,25,Female,60615,3,207,10,32411.55,3241.16,2,1,8,2.9,0.577,1,7.1,6,1324,5581.46,1,Loyal,0,0
CUST02646,29,Female,135747,2,265,15,62209.42,4147.29,89,4,12,2.6,0.111,1,7.3,6,2122,7905.38,0,High Potential,0,1
CUST02647,34,Male,61523,2,51,3,25945.71,8648.57,16,4,13,6.1,0.213,2,5.3,8,559,4379.69,0,At Risk,1,3
CUST02648,21,Female,94714,2,135,18,52978.67,2943.26,39,3,17,0.7,0.688,1,9.1,7,2330,11671.61,0,Loyal,0,1
CUST02649,38,Female,68313,1,30,13,21747.57,1672.89,39,2,5,8.6,0.297,3,8.5,1,1517,3261.13,0,Loyal,0,0
CUST02650,49,Female,70720,2,2000,9,52205.58,5800.62,2,4,12,0.1,0.633,0,5.1,7,1422,6043.77,0,At Risk,0,0
CUST02651,27,Male,58312,1,667,1,26362.44,26362.44,0,5,12,4.3,0.773,2,8.3,9,364,6933.39,0,At Risk,1,2
CUST02652,56,Male,163884,2,46,6,58925.74,9820.96,3,7,6,1.3,0.683,1,5.8,0,1189,6170.88,0,High Potential,1,2
CUST02653,44,Female,47110,1,30,8,16202.32,2025.29,110,5,13,5.5,0.66,0,7.1,9,962,3400.98,0,At Risk,0,0
CUST02654,50,Male,46904,1,635,6,17768.11,2961.35,55,4,13,3.7,0.847,1,6.6,10,778,2556.79,0,At Risk,1,3
CUST02655,30,Female,261084,3,289,16,83039.29,5189.96,5,1,11,41.5,0.391,2,7.0,8,2430,8733.31,0,VIP,0,1
CUST02656,48,Male,131493,2,773,9,49967.18,5551.91,33,5,16,9.9,0.788,2,6.5,9,1400,7191.04,0,High Potential,1,3
CUST02657,25,Male,25000,2,1285,13,43487.8,3345.22,33,3,9,2.1,0.448,2,9.1,2,1735,5662.76,0,Loyal,1,1
CUST02658,49,Male,52096,3,457,13,29550.51,2273.12,0,4,11,3.8,0.718,1,8.6,6,1596,6039.02,0,Loyal,1,3
CUST02659,40,Male,25000,2,104,5,22922.68,4584.54,20,6,15,1.9,0.621,1,8.2,4,729,4443.32,0,At Risk,1,3
CUST02660,45,Female,41340,3,762,5,31381.8,6276.36,44,2,15,6.5,0.544,2,6.6,3,814,5308.96,1,At Risk,0,0
CUST02661,24,Female,25000,1,1560,2,28996.17,14498.08,7,5,4,2.7,0.722,4,8.2,5,490,3494.19,0,At Risk,0,0
CUST02662,27,Male,67360,3,434,6,26608.83,4434.8,67,4,11,0.6,0.254,3,7.5,7,866,3261.19,0,At Risk,1,3
CUST02663,45,Female,36858,3,573,8,9211.48,1151.43,38,4,16,5.4,0.782,0,7.5,4,892,2585.63,0,At Risk,0,0
CUST02664,27,Male,75807,3,206,16,59934.53,3745.91,0,7,12,0.1,0.453,1,8.2,8,2199,7295.78,0,Loyal,1,1
CUST02665,44,Female,27582,1,240,6,14047.0,2341.17,68,5,9,1.8,0.507,1,7.9,8,740,3161.26,0,At Risk,0,0
CUST02666,22,Male,76860,2,663,10,45957.12,4595.71,1,8,11,11.9,0.697,0,9.5,7,1460,8048.4,0,Loyal,1,3
CUST02667,48,Female,57014,1,1314,19,58228.17,3064.64,77,3,11,0.5,0.707,0,8.6,10,2482,10779.8,0,Loyal,0,1
CUST02668,23,Female,180083,2,496,14,77814.17,5558.15,14,1,18,3.5,0.417,2,9.4,1,2178,10526.5,0,VIP,0,1
CUST02669,45,Female,170555,3,780,3,48751.48,16250.49,42,2,17,7.9,0.835,0,6.7,4,788,6535.29,0,At Risk,0,2
CUST02670,46,Female,117150,2,94,9,43276.3,4808.48,54,5,16,11.7,0.771,3,10.0,7,1333,7353.49,0,Loyal,0,0
CUST02671,30,Female,60116,2,119,13,39017.64,3001.36,12,1,9,4.1,0.183,5,7.2,5,1690,4648.43,0,Loyal,0,0
CUST02672,45,Female,240681,2,380,13,82727.89,6363.68,15,2,11,0.8,0.434,2,9.4,2,2127,9501.66,0,VIP,0,1
CUST02673,41,Female,28801,2,97,6,8030.87,1338.48,25,4,13,14.1,0.765,0,8.6,9,680,2781.87,0,At Risk,0,0
CUST02674,32,Female,31504,3,504,3,31367.23,10455.74,31,5,11,6.9,0.391,2,8.1,4,614,4636.6,0,At Risk,0,0
CUST02675,26,Female,69545,3,172,7,28713.78,4101.97,12,5,15,2.5,0.752,1,7.7,8,987,5854.31,0,At Risk,0,0
CUST02676,18,Male,282780,1,784,15,100084.06,6672.27,171,3,11,1.6,0.461,2,10.0,8,2501,13810.61,0,VIP,1,1
CUST02677,42,Female,64770,2,825,21,70779.56,3370.46,47,5,14,0.2,0.533,3,10.0,1,2808,10859.79,0,Loyal,0,1
CUST02678,19,Male,65516,1,312,9,33043.7,3671.52,11,6,8,1.1,0.794,3,7.9,1,1230,2280.92,0,Loyal,1,3
CUST02679,39,Female,30787,2,100,8,14002.67,1750.33,36,1,9,7.5,0.733,1,7.9,1,940,3996.56,0,At Risk,0,0
CUST02680,35,Female,128999,3,520,10,42319.8,4231.98,20,6,11,0.6,0.458,3,6.4,2,1423,5377.16,0,At Risk,0,0
CUST02681,46,Female,129561,3,2000,8,55305.48,6913.18,69,2,8,0.7,0.7,3,6.1,4,1353,7810.89,1,At Risk,0,0
CUST02682,34,Male,117412,2,487,3,37795.14,12598.38,14,3,9,1.1,0.274,0,7.0,9,678,5616.65,0,At Risk,1,3
CUST02683,34,Male,50135,2,30,7,27372.93,3910.42,7,6,8,2.5,0.655,3,7.5,6,974,3888.29,0,At Risk,1,3
CUST02684,47,Female,47857,1,30,6,30607.47,5101.25,2,5,9,1.0,0.473,1,8.8,2,906,5816.42,1,At Risk,0,0
CUST02685,42,Female,33662,2,193,9,12857.44,1428.6,145,4,11,11.7,0.421,3,10.0,0,1029,2744.59,0,Loyal,0,0
CUST02686,42,Male,76905,1,109,2,23164.22,11582.11,16,2,12,1.5,0.472,0,4.4,3,432,4569.57,0,At Risk,1,3
CUST02687,44,Male,38245,2,838,17,50646.87,2979.23,9,7,10,12.6,0.602,2,5.7,6,2206,4991.66,0,At Risk,1,1
CUST02688,20,Female,36082,1,932,6,30815.57,5135.93,24,3,9,21.0,0.859,2,8.2,2,908,7154.35,0,At Risk,0,0
CUST02689,47,Female,56715,2,150,10,12339.28,1233.93,12,3,15,7.0,0.623,2,5.3,7,1123,2032.52,1,At Risk,0,0
CUST02690,45,Male,54530,1,197,10,28596.74,2859.67,9,4,12,0.0,0.716,0,9.4,10,1286,6154.74,0,Loyal,1,3
CUST02691,26,Male,52956,3,135,9,35438.11,3937.57,34,5,9,1.4,0.211,1,8.9,3,1254,5546.83,0,Loyal,1,3
CUST02692,35,Male,96748,3,1195,4,31545.48,7886.37,3,2,11,1.6,0.46,1,8.6,9,715,3158.7,0,At Risk,1,3
CUST02693,38,Female,76682,2,349,13,33573.66,2582.59,25,2,12,3.9,0.939,1,5.5,10,1636,10215.09,1,At Risk,0,0
CUST02694,36,Male,61519,1,534,4,29515.49,7378.87,17,5,15,0.9,0.601,0,6.0,8,695,5428.43,0,At Risk,1,3
CUST02695,42,Male,81618,2,268,8,36897.22,4612.15,27,5,12,0.4,0.857,1,9.2,2,1169,2888.85,0,At Risk,1,3
CUST02696,55,Male,40339,1,498,11,34506.59,3136.96,14,2,12,1.0,0.838,1,4.7,4,1445,5512.63,0,At Risk,1,3
CUST02697,51,Male,77899,2,244,10,31917.47,3191.75,30,3,11,2.0,0.622,4,8.0,8,1319,4442.12,0,Loyal,1,3
CUST02698,22,Female,80046,3,208,13,32152.99,2473.31,3,5,10,0.3,0.672,1,6.5,9,1622,4790.68,1,At Risk,0,0
CUST02699,45,Male,29678,2,503,7,30750.51,4392.93,17,4,11,1.1,0.734,1,5.7,8,1008,2000.0,0,At Risk,1,3
CUST02700,54,Male,132909,2,447,7,72115.69,10302.24,9,2,9,0.9,0.63,1,7.2,6,1421,10646.34,0,High Potential,1,2
CUST02701,43,Male,43094,2,174,7,10508.82,1501.26,20,1,15,7.4,0.173,3,10.0,8,805,2000.0,0,At Risk,1,3
CUST02702,51,Male,77202,3,81,11,45593.39,4144.85,18,7,12,0.9,0.621,1,8.0,7,1556,10042.17,0,Loyal,1,3
CUST02703,62,Male,147068,3,230,11,52624.2,4784.02,35,6,6,7.8,0.449,0,8.6,9,1626,7870.51,0,High Potential,1,1
CUST02704,50,Female,127441,2,268,6,43520.11,7253.35,35,6,15,3.5,0.588,3,7.1,7,1035,8110.12,0,At Risk,0,0
CUST02705,41,Female,74653,2,495,7,32508.55,4644.08,19,5,14,7.1,0.817,0,9.1,2,1025,7216.03,0,At Risk,0,0
CUST02706,51,Female,58835,2,1230,9,56543.83,6282.65,7,2,10,3.0,0.901,1,9.4,2,1465,9644.54,0,Loyal,0,0
CUST02707,40,Female,129121,1,30,9,38430.33,4270.04,31,3,10,11.6,0.448,1,7.5,9,1284,6867.49,0,Loyal,0,0
CUST02708,38,Female,109625,2,140,11,40222.9,3656.63,119,4,14,1.6,0.95,1,6.5,1,1502,8226.45,0,At Risk,0,0
CUST02709,34,Male,50462,2,108,13,35972.4,2767.11,7,4,10,7.3,0.244,1,8.1,0,1660,4580.14,0,Loyal,1,1
CUST02710,57,Female,45391,1,349,10,35316.61,3531.66,3,2,11,0.9,0.793,2,8.9,10,1353,7823.26,0,Loyal,0,0
CUST02711,28,Female,25000,1,281,4,25625.7,6406.42,11,1,11,10.7,0.638,3,8.3,2,656,4106.78,0,At Risk,0,0
CUST02712,56,Female,80211,2,653,7,39402.79,5628.97,19,4,10,0.1,0.724,1,6.9,9,1094,6303.68,0,At Risk,0,0
CUST02713,44,Female,69590,3,139,12,39824.33,3318.69,13,9,13,3.1,0.601,3,8.6,3,1598,3965.18,0,Loyal,0,0
CUST02714,21,Male,144598,2,451,3,37288.1,12429.37,63,6,12,2.7,0.777,0,7.2,3,673,3191.35,1,At Risk,1,3
CUST02715,42,Female,90711,2,1076,4,39867.71,9966.93,24,2,9,4.9,0.423,2,9.7,4,799,6363.18,0,At Risk,0,0
CUST02716,18,Female,162842,2,1208,8,54178.84,6772.36,10,3,11,2.9,0.285,1,7.6,9,1342,10354.31,0,High Potential,0,2
CUST02717,46,Female,48126,2,1594,3,30360.07,10120.02,105,3,16,4.4,0.208,1,5.2,7,604,4161.43,0,At Risk,0,0
CUST02718,49,Male,144768,2,742,12,57641.05,4803.42,5,6,8,9.9,0.427,1,8.7,6,1776,12201.37,0,High Potential,1,1
CUST02719,31,Male,53245,2,1182,1,15110.63,15110.63,5,4,14,0.8,0.554,2,7.9,5,251,3781.67,0,At Risk,1,3
CUST02720,39,Male,116606,1,134,11,58991.8,5362.89,10,5,14,1.4,0.16,1,7.2,4,1690,8971.57,0,Loyal,1,1
CUST02721,61,Female,30478,2,110,5,8748.31,1749.66,3,6,13,8.1,0.771,3,7.5,9,587,5033.89,0,At Risk,0,0
CUST02722,32,Male,84211,2,30,9,31814.91,3534.99,49,7,8,1.3,0.561,3,5.6,9,1218,7509.77,0,At Risk,1,3
CUST02723,25,Male,25000,2,614,4,5000.0,1250.0,13,2,2,11.8,0.552,2,6.1,9,450,2000.0,0,At Risk,1,3
CUST02724,56,Female,62300,3,1386,14,48650.57,3475.04,46,5,12,3.9,0.61,0,6.6,10,1887,7213.19,0,At Risk,0,1
CUST02725,62,Male,95245,1,103,10,43250.37,4325.04,50,3,10,0.4,0.392,1,8.6,5,1433,8320.72,0,Loyal,1,3
CUST02726,38,Female,53499,2,507,4,15768.93,3942.23,9,4,12,0.1,0.545,1,8.4,10,558,4565.39,0,At Risk,0,0
CUST02727,50,Male,38938,2,686,14,24703.12,1764.51,26,6,12,7.2,0.663,0,5.6,8,1647,5184.3,0,At Risk,1,3
CUST02728,54,Female,121500,3,1313,19,68432.82,3601.73,26,1,10,9.7,0.848,1,7.2,7,2584,9733.72,0,Loyal,0,1
CUST02729,29,Female,68729,2,520,13,41430.31,3186.95,72,7,13,1.4,0.738,5,7.7,7,1714,5793.36,0,Loyal,0,1
CUST02730,32,Female,54516,3,1758,10,42177.71,4217.77,1,3,12,1.4,0.696,2,8.8,5,1422,6536.15,0,Loyal,0,0
CUST02731,53,Female,74992,3,211,8,45270.56,5658.82,13,1,15,15.4,0.55,1,3.8,0,1253,5043.1,0,At Risk,0,0
CUST02732,58,Male,355756,2,215,6,93468.56,15578.09,75,5,15,5.3,0.818,1,5.4,0,1535,10423.24,0,High Potential,1,2
CUST02733,45,Male,146108,2,392,13,60727.54,4671.35,9,6,12,0.9,0.269,3,6.5,4,1907,9998.32,0,High Potential,1,1
CUST02734,27,Male,146905,2,242,9,53093.56,5899.28,5,5,12,3.0,0.862,0,3.8,7,1431,8769.98,0,High Potential,1,3
CUST02735,62,Female,94971,3,30,14,48922.31,3494.45,30,4,14,12.1,0.342,3,9.4,4,1889,11204.3,0,Loyal,0,1
CUST02736,32,Female,80813,1,658,10,37497.02,3749.7,13,7,12,4.9,0.51,1,7.9,6,1375,5309.81,0,Loyal,0,0
CUST02737,34,Male,25000,2,697,14,28788.15,2056.3,22,3,9,2.6,0.732,0,8.6,1,1688,5612.32,0,Loyal,1,3
CUST02738,42,Female,48660,2,687,10,53973.33,5397.33,60,3,17,0.8,0.59,0,6.6,10,1540,7477.79,0,At Risk,0,0
CUST02739,57,Male,54812,2,212,6,23381.52,3896.92,26,4,9,6.5,0.78,2,7.9,6,834,3776.18,0,At Risk,1,3
CUST02740,48,Female,25000,2,369,6,19428.01,3238.0,25,3,11,1.6,0.807,0,7.9,4,794,2268.55,0,At Risk,0,0
CUST02741,43,Female,36518,2,223,8,24581.0,3072.63,11,1,21,4.2,0.853,2,6.9,9,1046,4230.45,0,At Risk,0,0
CUST02742,44,Male,25000,1,30,3,5084.02,1694.67,55,5,12,4.6,0.464,4,9.1,2,351,4961.23,1,At Risk,1,3
CUST02743,39,Female,71468,2,413,17,51056.89,3003.35,47,3,10,4.1,0.524,2,8.2,0,2211,6944.69,1,Loyal,0,1
CUST02744,45,Male,119522,2,66,7,29191.65,4170.24,9,2,10,1.4,0.443,1,7.8,8,992,5675.31,0,At Risk,1,3
CUST02745,18,Female,142069,3,42,26,84116.08,3235.23,13,1,16,6.2,0.904,2,7.1,9,3441,10997.78,1,VIP,0,1
CUST02746,34,Female,93795,2,704,6,35019.69,5836.62,54,5,11,4.2,0.352,0,6.4,6,950,2491.87,0,At Risk,0,0
CUST02747,41,Male,41026,3,30,4,25491.68,6372.92,15,3,16,2.6,0.503,3,7.6,7,655,4014.28,0,At Risk,1,3
CUST02748,24,Male,25000,2,1597,8,36816.47,4602.06,18,2,19,0.3,0.663,0,8.2,9,1168,9749.85,0,At Risk,1,3
CUST02749,43,Male,25486,1,362,9,27853.52,3094.84,16,8,15,2.0,0.918,1,7.4,9,1179,3492.8,0,Loyal,1,3
CUST02750,36,Female,34153,3,2000,7,29763.62,4251.95,6,2,13,2.2,0.935,2,9.7,3,998,3237.95,0,At Risk,0,0
CUST02751,59,Female,42902,1,30,15,37240.08,2482.67,15,4,11,7.8,0.731,0,6.9,2,1872,4586.55,0,At Risk,0,1
CUST02752,57,Male,66446,3,438,4,31366.75,7841.69,57,2,13,3.6,0.662,3,8.6,4,714,8794.52,0,At Risk,1,3
CUST02753,32,Female,39795,3,215,10,29406.4,2940.64,24,7,10,13.4,0.624,1,5.7,0,1294,6827.78,0,At Risk,0,0
CUST02754,36,Female,89625,2,927,9,32475.08,3608.34,21,8,15,6.9,0.433,2,6.6,5,1225,6411.14,0,At Risk,0,0
CUST02755,37,Male,63617,2,224,7,36272.11,5181.73,6,6,10,3.9,0.766,1,5.4,0,1063,8241.5,0,At Risk,1,3
CUST02756,33,Male,73595,2,151,3,28844.97,9614.99,7,5,12,0.9,0.495,1,6.7,7,588,6504.37,0,At Risk,1,3
CUST02757,40,Female,144951,2,974,11,47479.02,4316.27,2,4,11,1.2,0.391,1,9.4,4,1575,7321.03,0,High Potential,0,1
CUST02758,29,Female,36021,2,235,8,25209.23,3151.15,0,5,14,0.9,0.369,0,5.9,9,1052,3208.65,0,At Risk,0,0
CUST02759,24,Male,94016,2,30,10,45445.84,4544.58,23,4,7,2.9,0.249,0,9.7,6,1454,9325.36,0,Loyal,1,3
CUST02760,45,Male,72520,2,247,10,31136.89,3113.69,18,6,8,6.4,0.802,2,6.9,3,1311,5228.82,0,At Risk,1,3
CUST02761,46,Male,59869,1,531,3,12222.16,4074.05,11,3,8,7.1,0.754,1,5.8,4,422,2000.0,0,At Risk,1,3
CUST02762,28,Female,124387,3,147,8,34341.32,4292.67,161,7,13,0.5,0.655,1,7.4,1,1143,6330.31,0,At Risk,0,0
CUST02763,49,Male,123922,3,283,12,50254.22,4187.85,18,7,10,3.4,0.72,4,7.3,6,1703,6994.45,0,Loyal,1,1
CUST02764,30,Male,41444,2,30,5,25802.69,5160.54,54,4,16,3.3,0.808,0,7.6,8,758,6536.66,0,At Risk,1,3
CUST02765,41,Female,65559,3,443,8,23672.39,2959.05,8,4,16,2.9,0.923,3,5.4,6,1037,2000.0,0,At Risk,0,0
CUST02766,48,Female,86572,1,706,15,43054.89,2870.33,10,2,12,1.8,0.73,0,7.4,3,1931,8318.32,0,Loyal,0,1
CUST02767,38,Male,62081,1,267,4,20563.46,5140.86,29,10,13,3.2,0.681,2,5.2,7,606,4180.01,0,At Risk,1,3
CUST02768,43,Male,103882,2,273,7,43135.7,6162.24,0,4,12,3.6,0.743,4,6.8,10,1131,7006.24,0,At Risk,1,3
CUST02769,32,Female,86571,2,46,2,37045.64,18522.82,1,3,10,4.6,0.592,3,6.4,10,570,6323.25,0,At Risk,0,2
CUST02770,36,Male,219594,2,113,13,73316.35,5639.72,5,4,12,2.4,0.339,0,6.2,5,2033,10250.25,0,High Potential,1,1
CUST02771,36,Male,29197,3,84,22,41297.4,1877.15,9,3,11,14.5,0.704,0,8.6,5,2613,7599.59,0,Loyal,1,1
CUST02772,29,Female,67951,3,329,5,20206.99,4041.4,26,4,10,2.1,0.653,3,9.6,2,702,4397.73,0,At Risk,0,0
CUST02773,36,Male,42400,2,377,10,41319.06,4131.91,41,4,11,11.3,0.799,2,7.9,10,1413,6700.6,0,Loyal,1,3
CUST02774,19,Female,105079,3,1487,8,39313.43,4914.18,13,5,15,8.1,0.695,4,6.0,1,1193,8418.33,0,At Risk,0,0
CUST02775,32,Female,27714,1,38,7,20552.04,2936.01,10,9,7,3.1,0.502,2,7.3,2,906,2000.0,0,At Risk,0,0
CUST02776,35,Male,90020,1,458,6,44809.58,7468.26,61,4,6,3.4,0.247,3,9.3,10,1048,8745.1,0,At Risk,1,3
CUST02777,35,Male,50110,3,374,11,32548.04,2958.91,6,5,16,10.2,0.85,1,8.5,6,1425,5846.32,0,Loyal,1,3
CUST02778,35,Female,47075,2,363,6,15412.62,2568.77,40,2,7,3.4,0.311,2,10.0,2,754,4224.81,0,At Risk,0,0
CUST02779,37,Female,30703,2,1032,11,39047.59,3549.78,94,5,10,5.7,0.658,1,5.5,6,1490,6991.72,1,At Risk,0,0
CUST02780,44,Female,55324,2,115,6,24723.21,4120.54,9,4,9,8.3,0.713,0,6.0,2,847,5368.79,0,At Risk,0,0
CUST02781,48,Female,140182,2,30,11,54643.4,4967.58,3,1,8,11.9,0.592,0,8.7,3,1646,7647.09,0,High Potential,0,1
CUST02782,30,Male,72034,1,558,4,32138.62,8034.65,137,5,8,1.2,0.731,1,7.8,10,721,4271.47,0,At Risk,1,3
CUST02783,24,Female,106575,2,212,16,58082.19,3630.14,11,5,12,18.5,0.423,1,6.0,4,2181,9486.11,0,At Risk,0,1
CUST02784,25,Male,198548,1,30,1,48088.77,48088.77,11,6,11,16.8,0.95,0,6.4,1,581,10696.32,0,At Risk,1,2
CUST02785,32,Male,85670,1,145,1,27221.26,27221.26,23,5,6,1.8,0.621,2,7.8,4,372,4660.37,0,At Risk,1,2
CUST02786,34,Male,52298,2,185,4,30978.5,7744.63,9,2,9,4.8,0.171,1,7.9,10,710,3092.96,1,At Risk,1,3
CUST02787,29,Male,96795,1,480,4,26064.68,6516.17,173,7,13,0.2,0.684,1,8.3,9,661,6331.34,0,At Risk,1,3
CUST02788,22,Female,52755,3,95,11,30038.71,2730.79,2,3,14,0.9,0.453,3,10.0,5,1400,3585.31,0,Loyal,0,0
CUST02789,33,Male,54033,1,266,9,36568.54,4063.17,21,2,12,4.4,0.387,1,10.0,8,1266,7230.92,0,Loyal,1,3
CUST02790,40,Male,29380,1,329,5,17515.85,3503.17,28,2,13,5.3,0.94,0,6.0,9,675,2000.0,0,At Risk,1,3
CUST02791,45,Male,127485,2,307,1,22196.31,22196.31,22,7,12,3.8,0.656,2,8.4,3,322,3395.16,0,At Risk,1,2
CUST02792,31,Female,58012,2,1824,14,55214.89,3943.92,26,5,10,6.1,0.167,2,6.7,9,1952,8194.74,0,At Risk,0,1
CUST02793,33,Female,81573,1,30,8,28654.84,3581.85,154,1,13,7.9,0.44,1,9.8,4,1087,4715.93,0,At Risk,0,0
CUST02794,27,Male,39278,1,1508,7,50265.15,7180.74,73,3,16,0.9,0.66,1,6.8,3,1203,8453.97,0,At Risk,1,3
CUST02795,38,Male,94994,3,436,18,64733.49,3596.31,13,7,8,5.4,0.653,0,5.7,4,2447,10044.74,1,At Risk,1,1
CUST02796,28,Male,46297,2,794,10,43815.51,4381.55,28,8,8,4.1,0.706,3,9.1,0,1438,5942.79,0,Loyal,1,3
CUST02797,45,Female,67170,2,281,5,26362.01,5272.4,0,4,13,0.6,0.176,0,9.5,10,764,3598.2,0,At Risk,0,0
CUST02798,18,Female,123834,2,302,6,42946.97,7157.83,18,2,10,1.3,0.221,2,6.3,7,1029,9051.53,0,At Risk,0,0
CUST02799,34,Female,117531,2,1057,7,44176.37,6310.91,6,4,11,2.7,0.855,1,9.0,8,1142,6565.01,0,At Risk,0,0
CUST02800,42,Female,72170,2,1131,10,36223.74,3622.37,43,4,10,10.0,0.402,1,6.0,2,1362,6131.76,0,At Risk,0,0
CUST02801,40,Male,25314,2,136,8,13765.95,1720.74,9,1,14,1.2,0.775,1,6.5,9,938,2000.0,0,At Risk,1,3
CUST02802,70,Female,440509,3,111,6,125693.6,20948.93,48,2,13,1.0,0.456,1,4.7,2,1857,21047.83,0,High Potential,0,2
CUST02803,42,Female,208463,1,343,1,53579.28,53579.28,13,2,14,6.4,0.584,1,8.9,8,636,9691.83,0,At Risk,0,2
CUST02804,26,Male,112826,3,1153,6,34261.7,5710.28,91,2,14,18.6,0.89,3,8.1,8,943,2000.0,0,At Risk,1,3
CUST02805,37,Male,46540,1,195,11,39287.33,3571.58,21,4,11,3.0,0.354,1,6.8,6,1493,4569.67,0,At Risk,1,3
CUST02806,18,Female,68312,1,528,8,54636.56,6829.57,64,9,12,2.2,0.641,1,7.0,4,1346,7180.51,0,At Risk,0,0
CUST02807,37,Female,52783,1,616,12,25853.15,2154.43,35,6,12,1.5,0.441,1,7.8,0,1459,8291.08,0,Loyal,0,0
CUST02808,28,Male,156110,1,754,7,57778.88,8254.13,133,2,9,0.3,0.719,0,7.7,8,1278,14077.13,1,High Potential,1,3
CUST02809,49,Female,85605,3,415,23,54571.53,2372.68,48,9,6,1.0,0.946,0,8.2,5,2846,9341.89,1,Loyal,0,1
CUST02810,31,Female,45684,2,257,9,37554.25,4172.69,46,6,7,0.5,0.275,1,5.9,2,1276,7901.71,0,At Risk,0,0
CUST02811,37,Male,55135,1,1706,4,15861.21,3965.3,11,6,14,3.4,0.687,1,8.4,4,559,6135.7,0,At Risk,1,3
CUST02812,30,Male,143302,3,473,8,50337.54,6292.19,25,2,10,19.1,0.739,1,7.6,10,1303,5467.03,0,High Potential,1,3
CUST02813,59,Male,191006,3,652,4,57987.34,14496.84,12,3,12,7.7,0.558,2,5.3,8,980,8295.74,0,At Risk,1,2
CUST02814,34,Female,182956,3,212,6,41665.69,6944.28,1,4,8,4.6,0.48,0,10.0,0,1017,6648.78,0,High Potential,0,0
CUST02815,60,Male,115176,3,554,11,53125.33,4829.58,43,1,14,3.3,0.436,2,6.0,9,1631,10594.32,0,At Risk,1,1
CUST02816,48,Male,62845,1,149,15,38299.79,2553.32,9,6,12,4.8,0.741,0,6.0,0,1883,10573.01,0,At Risk,1,1
CUST02817,44,Female,25000,3,141,6,31209.83,5201.64,18,3,9,2.4,0.868,3,6.3,9,912,9370.22,0,At Risk,0,0
CUST02818,42,Female,87404,2,627,11,32655.83,2968.71,12,7,10,1.0,0.619,0,6.5,3,1427,6166.92,0,At Risk,0,0
CUST02819,43,Male,73050,3,368,8,40686.54,5085.82,8,4,11,4.5,0.462,1,6.2,5,1207,6996.0,1,At Risk,1,3
CUST02820,18,Male,79538,3,575,12,42897.48,3574.79,2,7,8,3.8,0.149,2,6.8,2,1629,5715.84,0,At Risk,1,1
CUST02821,35,Female,75534,2,157,24,71422.36,2975.93,14,5,10,14.5,0.711,1,8.5,2,3114,10757.59,0,Loyal,0,1
CUST02822,48,Female,32999,3,457,17,52045.29,3061.49,3,2,10,5.2,0.65,3,7.7,3,2220,10081.77,0,Loyal,0,1
CUST02823,37,Female,102175,2,293,9,39013.09,4334.79,27,5,15,7.4,0.223,2,6.0,0,1290,7857.32,0,At Risk,0,0
CUST02824,21,Male,106866,2,454,13,50187.9,3860.61,1,4,11,0.5,0.418,2,8.4,4,1802,8883.69,0,Loyal,1,1
CUST02825,37,Female,110129,1,172,1,34673.13,34673.13,98,2,10,7.2,0.414,2,9.3,7,447,4464.12,0,At Risk,0,2
CUST02826,58,Female,129049,3,628,8,51993.83,6499.23,119,3,18,20.3,0.279,1,7.0,5,1320,11554.94,0,At Risk,0,0
CUST02827,53,Female,105075,2,820,8,43136.21,5392.03,13,7,9,5.4,0.556,2,7.3,2,1231,7623.38,0,At Risk,0,0
CUST02828,37,Female,57181,2,150,16,35916.74,2244.8,11,5,7,6.8,0.353,1,6.9,3,1959,6063.43,0,At Risk,0,1
CUST02829,49,Male,70087,2,179,9,35972.06,3996.9,4,3,12,19.4,0.113,2,6.1,4,1260,7381.47,0,At Risk,1,3
CUST02830,34,Male,77240,3,541,15,39432.94,2628.86,82,4,11,2.5,0.151,1,4.2,10,1894,4432.01,0,At Risk,1,1
CUST02831,18,Female,78012,2,595,5,36106.06,7221.21,31,7,7,8.7,0.694,2,7.0,4,861,4205.21,0,At Risk,0,0
CUST02832,27,Female,133110,3,609,16,71839.77,4489.99,33,3,15,2.6,0.498,2,10.0,1,2318,10114.4,0,High Potential,0,1
CUST02833,57,Female,107603,3,574,9,37854.55,4206.06,79,1,8,2.8,0.381,0,7.1,2,1279,3821.38,0,Loyal,0,0
CUST02834,35,Male,254335,2,249,16,83411.28,5213.21,85,3,12,5.4,0.813,1,5.7,9,2434,12056.91,0,VIP,1,1
CUST02835,35,Female,274823,2,251,8,71825.16,8978.15,62,3,8,1.5,0.544,0,8.4,7,1518,6547.45,0,High Potential,0,2
CUST02836,34,Female,76710,3,147,8,40883.84,5110.48,52,7,14,24.7,0.34,1,7.2,0,1209,5351.15,0,At Risk,0,0
CUST02837,61,Male,25000,3,85,10,24620.03,2462.0,73,4,10,2.0,0.673,0,8.4,3,1246,2000.0,0,Loyal,1,3
CUST02838,58,Male,153599,3,590,18,67981.59,3776.75,73,4,8,0.7,0.862,3,8.1,1,2480,9523.91,0,High Potential,1,1
CUST02839,65,Female,52880,1,49,7,29805.08,4257.87,16,8,18,1.9,0.476,2,7.1,8,998,4925.98,0,At Risk,0,0
CUST02840,36,Female,45212,3,1389,10,35209.66,3520.97,127,3,17,9.7,0.352,0,7.7,10,1352,7829.1,0,Loyal,0,0
CUST02841,42,Female,57580,2,876,5,27048.08,5409.62,43,2,12,1.9,0.78,1,9.8,6,770,5333.7,0,At Risk,0,0
CUST02842,20,Female,55939,2,974,28,61580.75,2199.31,16,4,15,4.7,0.702,1,7.3,5,3416,7609.13,0,Loyal,0,1
CUST02843,56,Male,105595,3,1186,13,62826.38,4832.8,20,7,12,13.7,0.288,0,9.7,3,1928,8839.5,0,Loyal,1,1
CUST02844,24,Male,28691,1,263,10,17677.45,1767.75,41,2,11,1.5,0.461,2,8.3,0,1177,6682.81,0,Loyal,1,3
CUST02845,41,Female,38306,3,938,3,32792.36,10930.79,16,1,13,0.7,0.289,1,8.9,8,628,3288.47,0,At Risk,0,0
CUST02846,25,Female,89850,2,86,15,49367.04,3291.14,61,5,11,0.5,0.47,0,8.6,2,1994,11875.03,0,Loyal,0,1
CUST02847,31,Female,106273,3,30,5,31366.33,6273.27,6,1,16,2.9,0.349,3,7.1,2,814,5919.32,0,At Risk,0,0
CUST02848,28,Female,107465,1,768,7,42284.07,6040.58,83,4,13,0.6,0.478,2,9.5,5,1123,4629.28,0,At Risk,0,0
CUST02849,31,Male,45605,2,39,8,38423.74,4802.97,13,3,9,3.0,0.771,1,8.2,5,1184,4078.81,0,At Risk,1,3
CUST02850,32,Female,40662,3,2000,3,19576.29,6525.43,6,2,12,9.9,0.891,0,6.7,10,496,5104.76,0,At Risk,0,0
CUST02851,31,Male,53961,1,562,7,18788.24,2684.03,68,3,14,7.5,0.245,1,5.5,3,888,5076.54,0,At Risk,1,3
CUST02852,48,Male,84451,1,700,4,39055.04,9763.76,10,7,11,4.4,0.812,0,8.7,4,791,7657.83,0,At Risk,1,3
CUST02853,25,Male,178311,3,141,3,38386.1,12795.37,65,3,10,9.5,0.693,0,5.2,4,684,5935.09,0,At Risk,1,2
CUST02854,41,Male,25000,2,560,15,31068.18,2071.21,12,4,17,0.5,0.948,1,6.3,10,1811,4718.37,0,At Risk,1,1
CUST02855,53,Male,64059,3,30,6,21588.41,3598.07,95,1,10,4.7,0.773,1,5.6,5,816,2000.0,0,At Risk,1,3
CUST02856,32,Male,32873,1,910,2,27112.07,13556.03,9,2,16,0.6,0.87,0,8.8,2,471,5979.14,0,At Risk,1,3
CUST02857,29,Male,27137,2,93,4,20390.02,5097.51,3,3,13,3.3,0.822,0,8.2,10,604,6968.67,0,At Risk,1,3
CUST02858,35,Male,130637,3,598,5,41391.41,8278.28,97,5,14,3.1,0.828,0,7.9,8,914,6335.68,0,High Potential,1,3
CUST02859,52,Female,101395,2,127,6,37327.82,6221.3,6,5,11,1.5,0.59,4,7.9,6,973,6498.68,1,At Risk,0,0
CUST02860,40,Male,95766,2,35,9,40562.74,4506.97,101,7,14,8.9,0.599,1,7.7,3,1306,8305.35,0,Loyal,1,3
CUST02861,32,Male,127086,2,328,8,36965.82,4620.73,61,7,8,1.3,0.837,1,10.0,2,1170,5054.81,0,At Risk,1,3
CUST02862,44,Female,54840,3,93,9,21530.61,2392.29,3,5,9,4.0,0.129,1,5.5,9,1115,4383.31,0,At Risk,0,0
CUST02863,25,Female,56411,1,654,11,21145.95,1922.36,21,6,10,3.3,0.39,0,9.4,6,1311,6053.74,0,Loyal,0,0
CUST02864,46,Female,271424,2,136,7,85323.08,12189.01,3,5,12,2.8,0.643,1,7.4,10,1553,10928.6,0,High Potential,0,2
CUST02865,43,Male,63074,1,210,5,19192.56,3838.51,14,1,17,0.2,0.106,0,10.0,4,692,2000.0,0,At Risk,1,3
CUST02866,34,Female,113673,2,419,5,37468.85,7493.77,15,2,12,6.0,0.612,1,8.3,1,875,5576.72,0,At Risk,0,0
CUST02867,28,Male,73411,2,168,12,43403.4,3616.95,32,5,16,0.1,0.569,3,8.9,5,1634,8594.66,0,Loyal,1,1
CUST02868,27,Male,25000,2,237,7,12229.04,1747.01,130,8,14,8.6,0.817,0,8.0,2,822,2000.0,0,At Risk,1,3
CUST02869,44,Male,25000,2,845,7,18082.3,2583.19,7,5,12,1.5,0.676,0,6.0,6,881,3638.77,0,At Risk,1,3
CUST02870,53,Female,51669,1,99,6,15589.71,2598.29,14,5,2,0.6,0.222,1,7.6,9,756,3124.61,0,At Risk,0,0
CUST02871,30,Male,137814,1,43,12,29087.7,2423.97,31,3,16,2.7,0.908,0,7.6,4,1491,4847.19,0,High Potential,1,3
CUST02872,44,Male,117357,2,199,5,35889.52,7177.9,7,3,12,4.1,0.658,2,8.4,6,859,6451.34,0,At Risk,1,3
CUST02873,18,Male,126557,2,276,15,75748.98,5049.93,43,4,11,1.9,0.327,2,8.5,3,2257,7790.86,0,VIP,1,1
CUST02874,31,Female,40448,3,391,3,13192.34,4397.45,18,10,9,0.6,0.708,3,9.1,0,432,5228.63,0,At Risk,0,0
CUST02875,38,Female,192822,2,233,15,67267.43,4484.5,105,1,9,0.1,0.833,2,8.4,0,2173,8150.01,0,High Potential,0,1
CUST02876,27,Male,40989,1,780,5,21300.04,4260.01,35,3,6,6.1,0.381,2,7.4,6,713,4933.2,0,At Risk,1,3
CUST02877,27,Female,83091,2,30,6,31812.95,5302.16,16,4,13,10.9,0.331,3,6.2,10,918,6417.39,1,At Risk,0,0
CUST02878,30,Female,72678,1,283,6,36101.54,6016.92,44,3,11,0.5,0.538,1,8.6,8,961,9266.81,0,At Risk,0,0
CUST02879,42,Female,65886,3,241,7,22345.69,3192.24,64,1,9,1.3,0.464,0,5.7,5,923,3539.37,0,At Risk,0,0
CUST02880,36,Male,163269,3,521,13,67191.52,5168.58,56,5,15,0.1,0.674,2,8.2,2,1972,7041.48,0,High Potential,1,1
CUST02881,18,Female,47903,2,1695,9,39610.9,4401.21,11,5,11,10.8,0.655,2,9.1,8,1296,3237.61,0,Loyal,0,0
CUST02882,18,Male,32540,2,357,4,19606.38,4901.59,19,1,13,2.9,0.533,4,8.1,8,596,6144.59,0,At Risk,1,3
CUST02883,31,Female,74013,1,2000,18,68293.21,3794.07,21,4,10,13.0,0.91,4,6.3,0,2483,9319.5,0,At Risk,0,1
CUST02884,43,Male,57532,2,180,2,9898.29,4949.14,17,1,10,3.2,0.646,2,7.3,9,299,2000.0,0,At Risk,1,3
CUST02885,18,Male,500000,3,30,12,127631.39,10635.95,13,5,13,9.9,0.782,1,7.6,4,2476,15861.3,0,VIP,1,2
CUST02886,32,Male,109744,1,91,15,55567.01,3704.47,49,3,16,15.2,0.706,4,7.5,2,2056,8054.11,0,Loyal,1,1
CUST02887,32,Female,57205,2,251,6,24274.54,4045.76,0,3,10,2.0,0.69,2,8.0,8,843,7723.13,0,At Risk,0,0
CUST02888,55,Male,38806,2,190,8,30796.4,3849.55,12,7,7,5.1,0.453,3,8.7,6,1108,5246.95,0,At Risk,1,3
CUST02889,33,Female,25000,3,51,7,16729.22,2389.89,5,4,9,5.5,0.453,2,7.0,3,867,2000.0,0,At Risk,0,0
CUST02890,43,Male,39532,2,283,12,40648.07,3387.34,5,7,9,0.1,0.57,2,8.5,4,1606,8596.15,0,Loyal,1,3
CUST02891,40,Female,78352,3,206,9,19387.33,2154.15,11,1,7,2.9,0.566,3,8.3,8,1094,2000.0,0,Loyal,0,0
CUST02892,18,Female,172197,1,65,17,71593.46,4211.38,50,4,6,9.7,0.384,3,8.9,3,2416,11137.35,0,High Potential,0,1
CUST02893,47,Female,143346,2,176,20,58623.34,2931.17,122,2,10,14.6,0.521,1,6.9,6,2586,7849.1,0,High Potential,0,1
CUST02894,41,Female,83906,3,1088,6,46931.95,7821.99,25,6,11,11.5,0.71,3,7.8,4,1069,6686.54,0,At Risk,0,0
CUST02895,44,Female,60240,1,180,13,36896.45,2838.19,14,3,7,18.0,0.66,2,6.9,0,1669,3408.69,0,At Risk,0,0
CUST02896,75,Male,85930,2,626,22,60786.98,2763.04,62,6,13,5.3,0.629,1,7.3,10,2808,8694.8,0,Loyal,1,1
CUST02897,18,Female,53574,1,473,10,26964.0,2696.4,2,3,9,1.3,0.512,3,6.8,0,1270,4153.72,0,At Risk,0,0
CUST02898,59,Male,205052,1,279,8,67049.72,8381.22,3,2,17,4.3,0.741,2,6.4,5,1470,8406.39,0,High Potential,1,2
CUST02899,35,Female,65283,1,137,8,34400.01,4300.0,15,5,17,2.7,0.811,1,9.7,1,1144,5481.46,0,At Risk,0,0
CUST02900,41,Female,69439,3,230,3,20266.14,6755.38,21,2,19,1.5,0.88,2,8.2,10,503,2000.0,0,At Risk,0,0
CUST02901,37,Male,25000,2,448,8,28810.48,3601.31,56,6,13,7.4,0.583,2,6.0,4,1088,8880.18,0,At Risk,1,3
CUST02902,33,Male,65039,3,216,6,28601.28,4766.88,91,4,10,5.0,0.34,1,7.3,1,886,2000.0,0,At Risk,1,3
CUST02903,31,Male,120800,2,121,6,39031.42,6505.24,27,6,9,7.8,0.828,2,6.1,9,990,5659.44,1,At Risk,1,3
CUST02904,42,Female,38537,2,62,14,40436.38,2888.31,24,2,15,1.6,0.866,0,7.6,0,1804,6007.35,0,Loyal,0,1
CUST02905,20,Female,46610,2,1059,7,45818.25,6545.46,8,6,10,11.7,0.424,2,7.1,7,1158,5892.4,1,At Risk,0,0
CUST02906,47,Female,117668,3,290,13,53863.73,4143.36,21,2,13,1.4,0.756,1,7.7,3,1839,7689.4,0,Loyal,0,1
CUST02907,33,Female,30152,3,491,14,38026.45,2716.18,90,2,9,4.6,0.635,1,4.7,9,1780,6832.28,0,At Risk,0,1
CUST02908,24,Female,137955,3,337,14,65595.52,4685.39,17,6,13,0.3,0.306,0,5.0,4,2056,6917.68,0,High Potential,0,1
CUST02909,33,Male,53142,1,1030,14,37512.04,2679.43,8,1,10,3.9,0.389,2,7.3,5,1775,2877.98,0,Loyal,1,1
CUST02910,53,Male,57922,2,396,15,41445.18,2763.01,14,6,14,0.5,0.551,1,8.7,5,1914,5548.95,0,Loyal,1,1
CUST02911,32,Female,37260,2,328,9,23930.22,2658.91,25,5,10,2.0,0.817,1,7.6,3,1139,2000.0,0,Loyal,0,0
CUST02912,42,Female,91750,3,1292,3,38328.12,12776.04,32,6,8,9.9,0.762,0,6.4,1,683,4136.45,0,At Risk,0,0
CUST02913,29,Female,319951,2,636,5,86212.18,17242.44,20,4,13,11.2,0.445,2,6.2,1,1362,11266.07,0,High Potential,0,2
CUST02914,47,Male,116879,2,59,13,63655.11,4896.55,50,5,12,7.3,0.609,3,9.4,0,1937,9826.11,0,Loyal,1,1
CUST02915,46,Male,43540,2,98,9,38554.86,4283.87,31,2,17,2.3,0.404,2,6.1,4,1286,8472.02,0,At Risk,1,3
CUST02916,60,Male,144549,1,774,7,38470.38,5495.77,38,4,8,4.3,0.715,0,7.9,5,1085,7180.24,0,High Potential,1,3
CUST02917,36,Male,60475,1,903,9,39590.67,4398.96,70,5,10,1.3,0.388,4,5.7,9,1296,7110.59,0,At Risk,1,3
CUST02918,46,Male,166823,3,394,16,74318.17,4644.89,70,2,14,5.7,0.149,0,7.1,1,2343,9326.48,0,High Potential,1,1
CUST02919,39,Female,118659,2,404,9,46211.14,5134.57,8,6,7,2.1,0.475,1,8.8,2,1362,6056.37,0,Loyal,0,0
CUST02920,54,Male,25000,3,500,9,21570.07,2396.67,34,1,8,1.2,0.897,1,5.5,10,1116,2344.66,0,At Risk,1,3
CUST02921,29,Female,40037,3,289,4,29350.76,7337.69,44,2,13,4.4,0.8,2,6.3,2,694,4394.31,1,At Risk,0,0
CUST02922,47,Male,128879,2,570,6,46354.93,7725.82,6,3,11,0.6,0.671,1,9.1,10,1064,6458.96,1,At Risk,1,3
CUST02923,36,Female,80097,2,57,14,34933.32,2495.24,65,5,12,5.8,0.602,2,9.5,10,1749,6404.49,0,Loyal,0,1
CUST02924,37,Male,39567,1,1626,8,43918.4,5489.8,7,5,12,1.0,0.532,1,9.2,6,1239,8757.96,0,At Risk,1,3
CUST02925,39,Male,50003,3,693,8,34690.34,4336.29,56,4,12,4.0,0.623,3,8.1,7,1147,8127.7,0,At Risk,1,3
CUST02926,41,Male,25000,2,499,4,11540.43,2885.11,6,4,16,2.5,0.847,1,4.9,10,515,2682.6,0,At Risk,1,3
CUST02927,37,Female,69354,2,190,9,26871.18,2985.69,47,8,15,4.2,0.689,1,6.3,1,1169,4962.02,1,At Risk,0,0
CUST02928,41,Female,275520,2,88,8,69347.22,8668.4,6,5,10,1.4,0.426,0,8.2,4,1493,12650.45,0,High Potential,0,2
CUST02929,57,Male,118535,2,263,16,66453.7,4153.36,17,4,15,1.9,0.478,4,5.9,6,2265,11089.56,0,At Risk,1,1
CUST02930,50,Male,272189,2,542,20,104931.05,5246.55,5,3,10,0.8,0.565,0,5.9,7,3049,14141.55,0,VIP,1,1
CUST02931,48,Female,124174,2,502,6,49785.4,8297.57,11,2,13,7.5,0.363,2,9.3,9,1098,5734.88,0,At Risk,0,0
CUST02932,33,Male,135468,3,241,11,53168.07,4833.46,146,4,11,0.4,0.818,1,6.1,2,1632,6729.86,1,High Potential,1,1
CUST02933,27,Male,239055,3,475,14,76139.88,5438.56,4,5,18,2.4,0.293,1,9.9,5,2161,9804.6,0,VIP,1,1
CUST02934,49,Female,91707,2,840,15,47543.55,3169.57,18,3,10,3.0,0.294,1,8.5,8,1975,7650.67,0,Loyal,0,1
CUST02935,49,Female,65360,2,30,26,70004.36,2692.48,40,4,16,1.1,0.767,0,8.4,3,3300,11378.12,1,Loyal,0,1
CUST02936,56,Male,135889,3,299,5,44861.3,8972.26,3,3,14,2.4,0.322,1,7.5,5,949,6141.53,1,High Potential,1,3
CUST02937,31,Male,174959,1,711,20,78049.78,3902.49,4,6,12,2.7,0.729,0,10.0,3,2780,11497.71,0,VIP,1,1
CUST02938,35,Female,54832,3,395,10,33393.68,3339.37,5,5,11,1.3,0.342,3,8.2,4,1334,2000.0,1,Loyal,0,0
CUST02939,18,Male,47432,1,527,16,51436.0,3214.75,36,2,8,5.1,0.415,2,7.0,2,2114,7093.14,0,Loyal,1,1
CUST02940,33,Male,79484,2,364,7,37500.28,5357.18,84,6,16,0.2,0.676,2,7.3,3,1075,12084.57,0,At Risk,1,3
CUST02941,50,Female,120439,2,2000,1,43558.45,43558.45,61,2,13,1.1,0.326,0,8.0,2,536,8992.84,0,At Risk,0,2
CUST02942,32,Female,118049,2,30,4,33040.77,8260.19,143,9,9,4.9,0.835,1,7.9,3,730,7861.44,0,At Risk,0,0
CUST02943,46,Male,31117,3,338,5,13823.17,2764.63,30,4,6,4.9,0.405,2,8.0,5,638,3758.73,0,At Risk,1,3
CUST02944,36,Female,230260,1,48,1,53025.87,53025.87,114,7,13,1.5,0.462,2,8.1,1,630,10317.55,0,At Risk,0,2
CUST02945,42,Female,49777,2,87,10,27344.42,2734.44,13,6,9,5.7,0.476,2,8.3,9,1273,3977.79,0,Loyal,0,0
CUST02946,24,Male,62378,2,241,12,36853.77,3071.15,19,3,8,3.2,0.581,2,5.1,0,1569,3930.05,0,At Risk,1,3
CUST02947,39,Female,42549,3,85,9,21904.47,2433.83,18,2,17,3.7,0.452,0,8.2,7,1119,6887.44,0,Loyal,0,0
CUST02948,18,Male,369164,1,1658,3,89160.67,29720.22,2,4,7,2.0,0.832,3,9.2,2,1192,11459.24,0,At Risk,1,2
CUST02949,36,Male,84562,3,1467,8,52368.09,6546.01,62,4,19,20.8,0.474,2,7.6,3,1324,8874.37,0,At Risk,1,3
CUST02950,18,Female,43889,2,205,2,19479.05,9739.53,1,4,12,6.7,0.647,2,7.9,3,395,7136.24,0,At Risk,0,0
CUST02951,52,Male,122805,1,510,17,59577.16,3504.54,46,3,12,1.4,0.323,3,7.6,3,2296,11322.52,0,Loyal,1,1
CUST02952,47,Male,116016,3,382,7,38601.15,5514.45,18,4,18,1.3,0.449,1,7.5,7,1086,5571.02,1,At Risk,1,3
CUST02953,44,Male,65340,1,845,5,19027.2,3805.44,0,7,11,7.4,0.901,1,8.3,3,690,6616.64,0,At Risk,1,3
CUST02954,56,Male,121099,2,494,12,60718.3,5059.86,12,3,15,2.5,0.835,3,7.6,2,1807,9519.33,0,Loyal,1,1
CUST02955,27,Female,44570,1,30,10,38077.08,3807.71,15,7,17,0.5,0.879,3,7.5,5,1381,6255.65,0,Loyal,0,0
CUST02956,59,Female,54407,2,720,8,31427.37,3928.42,117,4,13,0.2,0.488,2,7.1,1,1114,6398.59,1,At Risk,0,0
CUST02957,49,Female,25000,2,687,16,42409.32,2650.58,38,3,14,2.7,0.647,0,6.3,9,2024,4668.47,0,At Risk,0,1
CUST02958,35,Male,33045,2,356,16,31011.45,1938.22,27,10,15,2.7,0.661,0,5.2,8,1910,2000.0,0,At Risk,1,1
CUST02959,52,Male,216334,2,1166,7,70207.09,10029.58,5,4,11,6.1,0.812,0,7.2,4,1402,9861.61,0,High Potential,1,2
CUST02960,25,Male,195802,2,1195,9,63335.65,7037.29,17,4,11,4.3,0.326,1,6.9,6,1533,8046.41,0,High Potential,1,2
CUST02961,28,Male,76075,1,371,6,25028.79,4171.46,1,2,16,7.4,0.471,1,10.0,0,850,2164.62,0,At Risk,1,3
CUST02962,31,Male,198344,2,468,10,63072.79,6307.28,50,1,16,1.9,0.616,2,8.3,1,1631,9497.14,0,High Potential,1,1
CUST02963,32,Female,66433,3,2000,18,59621.05,3312.28,6,3,8,4.9,0.579,1,7.3,2,2396,7828.89,0,Loyal,0,1
CUST02964,25,Female,63193,3,177,17,44896.36,2640.96,32,1,9,10.8,0.662,2,7.9,3,2149,5050.67,0,Loyal,0,1
CUST02965,53,Female,75653,1,196,13,50066.63,3851.28,42,2,17,0.4,0.793,1,7.8,9,1801,8101.86,0,Loyal,0,1
CUST02966,35,Male,67849,1,101,9,15038.5,1670.94,16,7,7,6.2,0.728,2,8.8,2,1050,2000.0,0,Loyal,1,3
CUST02967,42,Female,64272,3,1131,5,27922.07,5584.41,35,3,10,6.3,0.324,1,6.8,1,779,6853.69,0,At Risk,0,0
CUST02968,31,Male,145225,2,682,2,46061.51,23030.76,51,5,8,7.9,0.663,1,8.5,5,661,10721.25,0,At Risk,1,2
CUST02969,18,Male,80024,2,56,14,44809.62,3200.69,7,1,15,1.6,0.642,2,6.3,0,1848,8200.85,0,At Risk,1,1
CUST02970,41,Female,112138,3,2000,9,50632.41,5625.82,32,4,13,2.7,0.133,1,7.1,7,1406,6787.7,0,Loyal,0,0
CUST02971,18,Female,135785,2,656,12,73565.92,6130.49,46,2,9,1.4,0.807,3,6.0,0,1936,11406.07,1,High Potential,0,1
CUST02972,37,Male,92310,2,950,16,78281.47,4892.59,15,2,6,1.8,0.245,0,5.5,9,2383,9864.74,0,VIP,1,1
CUST02973,22,Male,40857,3,30,9,25304.52,2811.61,6,3,13,17.3,0.786,3,10.0,1,1153,5939.53,0,Loyal,1,3
CUST02974,62,Male,32477,2,352,10,20025.84,2002.58,12,4,9,2.9,0.637,0,8.0,2,1200,5095.15,0,Loyal,1,3
CUST02975,49,Female,79959,1,600,9,36579.27,4064.36,95,1,15,9.4,0.625,2,7.6,3,1266,7786.88,1,Loyal,0,0
CUST02976,39,Male,65989,1,391,17,39230.88,2307.7,15,1,9,7.9,0.758,2,6.6,4,2092,5832.09,0,At Risk,1,1
CUST02977,53,Female,77067,1,549,10,42554.2,4255.42,4,6,13,2.9,0.341,1,9.1,3,1426,8744.26,0,Loyal,0,0
CUST02978,28,Male,72429,3,852,10,45351.18,4535.12,3,2,12,24.3,0.918,0,8.0,5,1454,8060.95,0,Loyal,1,3
CUST02979,45,Male,344602,2,234,18,117970.71,6553.93,7,2,14,9.2,0.494,0,7.2,2,2980,17312.09,0,VIP,1,1
CUST02980,40,Female,32921,1,944,5,26991.12,5398.22,5,2,12,3.3,0.551,1,5.7,7,770,5002.76,0,At Risk,0,0
CUST02981,41,Female,25000,3,89,7,20641.4,2948.77,24,1,9,1.9,0.568,0,9.3,10,906,2000.0,0,At Risk,0,0
CUST02982,53,Male,89270,1,158,6,23642.82,3940.47,15,3,14,0.4,0.35,4,7.4,1,836,5386.1,0,At Risk,1,3
CUST02983,47,Female,58346,1,30,6,14096.25,2349.37,64,2,17,3.1,0.854,0,6.5,8,741,2524.28,0,At Risk,0,0
CUST02984,41,Female,88401,1,227,7,17694.99,2527.86,75,4,11,2.2,0.575,3,7.2,6,877,2000.0,0,At Risk,0,0
CUST02985,18,Female,103811,1,239,11,45197.11,4108.83,22,2,19,6.2,0.67,1,10.0,7,1552,6354.25,0,Loyal,0,0
CUST02986,26,Female,158018,2,818,8,62614.63,7826.83,77,2,16,0.1,0.589,1,9.1,5,1426,10287.42,0,High Potential,0,2
CUST02987,37,Female,29604,3,529,3,25361.51,8453.84,21,6,3,8.9,0.409,2,7.0,4,554,3269.11,0,At Risk,0,0
CUST02988,39,Female,52364,3,287,13,43916.81,3378.22,36,4,14,2.7,0.706,1,10.0,4,1739,5929.14,0,Loyal,0,1
CUST02989,24,Female,94585,2,528,18,54494.68,3027.48,6,5,9,3.2,0.73,0,7.8,6,2345,4124.54,0,Loyal,0,1
CUST02990,67,Male,116108,2,30,5,49657.03,9931.41,2,4,13,1.0,0.876,0,5.3,3,997,9519.29,0,At Risk,1,3
CUST02991,56,Male,272684,2,99,5,62195.3,12439.06,6,5,10,13.9,0.409,3,7.6,0,1122,7095.21,0,High Potential,1,2
CUST02992,45,Male,129757,1,493,3,29926.81,9975.6,10,6,13,2.5,0.789,1,6.7,5,599,5453.5,0,At Risk,1,3
CUST02993,39,Male,70681,1,513,7,38385.2,5483.6,49,5,11,9.2,0.495,1,8.4,4,1084,5683.77,1,At Risk,1,3
CUST02994,35,Male,42862,3,744,6,37430.8,6238.47,7,4,14,1.4,0.307,3,7.5,6,974,6471.3,0,At Risk,1,3
CUST02995,27,Female,52126,1,258,5,36872.34,7374.47,5,3,7,0.5,0.429,3,6.5,0,869,6750.62,0,At Risk,0,0
CUST02996,39,Male,51245,1,641,6,35179.33,5863.22,92,7,13,5.0,0.469,0,8.3,6,952,5693.27,0,At Risk,1,3
CUST02997,41,Male,108352,2,576,5,43322.04,8664.41,41,4,14,20.8,0.634,2,5.3,10,933,6981.48,0,At Risk,1,3
CUST02998,23,Female,85323,2,1654,18,70903.76,3939.1,22,6,13,5.2,0.581,1,7.8,9,2509,10517.76,0,Loyal,0,1
CUST02999,42,Male,33051,1,121,6,16815.23,2802.54,3,6,10,4.7,0.464,1,10.0,1,768,2000.0,0,At Risk,1,3
CUST03000,36,Male,56301,1,401,8,23584.86,2948.11,67,4,10,2.9,0.914,2,9.2,6,1036,7103.11,0,At Risk,1,3
